evenement,heure_windows_utc,filetime,pid,processus,classe,operation,chemin,resultat_ntstatus,details
100806,2026-09-10T10:33:34.519863+00:00,134335100145198631,6064,Res.exe,Process,Process_Start,,0x00000000,"{""Parent PID"": 5236, ""Command line"": ""\""C:\\lab\\sample\\virus\\Res.exe\"""", ""Current directory"": ""C:\\lab\\sample\\virus\\""}"
105793,2026-09-10T10:33:35.876375+00:00,134335100158763759,6064,Res.exe,Process,Process_Create,C:\Windows\SysWOW64\cmd.exe,0x00000000,"{""PID"": 1544, ""Command line"": ""C:\\Windows\\system32\\cmd.exe /c mkdir c:\\WindSyst""}"
105795,2026-09-10T10:33:35.876423+00:00,134335100158764231,1544,cmd.exe,Process,Process_Start,,0x00000000,"{""Parent PID"": 6064, ""Command line"": ""C:\\Windows\\system32\\cmd.exe /c mkdir c:\\WindSyst"", ""Current directory"": ""C:\\lab\\sample\\virus\\""}"
106904,2026-09-10T10:33:36.319881+00:00,134335100163198811,1544,cmd.exe,File_System,CreateFile,C:\WindSyst,0x00000000,"{""Desired Access"": ""Read Data/List Directory, Synchronize"", ""Disposition"": ""Create"", ""Options"": ""Directory, Synchronous IO Non-Alert, Open Reparse Point"", ""Attributes"": ""N"", ""ShareMode"": ""Read, Write"", ""AllocationSize"": 0, ""OpenResult"": ""Created""}"
106915,2026-09-10T10:33:36.323755+00:00,134335100163237551,1544,cmd.exe,File_System,CloseFile,C:\WindSyst,0x00000000,{}
106920,2026-09-10T10:33:36.324380+00:00,134335100163243806,1544,cmd.exe,File_System,IRP_MJ_CLOSE,C:\WindSyst,0x00000000,{}
107098,2026-09-10T10:33:36.355368+00:00,134335100163553681,1544,cmd.exe,Process,Process_Exit,,0x00000000,"{""Exit Status"": 0, ""User Time"": 312500, ""Kernel Time"": 1562500, ""Private Bytes"": 4333568, ""Peak Private Bytes"": 4661248, ""Working Set"": 4431872, ""Peak Working Set"": 4612096}"
107347,2026-09-10T10:33:36.432845+00:00,134335100164328454,6064,Res.exe,Process,Process_Create,C:\Windows\SysWOW64\cmd.exe,0x00000000,"{""PID"": 2584, ""Command line"": ""C:\\Windows\\system32\\cmd.exe /c XCOPY libgcc_s_dw2-1.dll c:\\WindSyst /S""}"
107348,2026-09-10T10:33:36.432890+00:00,134335100164328906,2584,cmd.exe,Process,Process_Start,,0x00000000,"{""Parent PID"": 6064, ""Command line"": ""C:\\Windows\\system32\\cmd.exe /c XCOPY libgcc_s_dw2-1.dll c:\\WindSyst /S"", ""Current directory"": ""C:\\lab\\sample\\virus\\""}"
108426,2026-09-10T10:33:36.690633+00:00,134335100166906338,2584,cmd.exe,Process,Process_Create,C:\Windows\SysWOW64\xcopy.exe,0x00000000,"{""PID"": 1516, ""Command line"": ""XCOPY  libgcc_s_dw2-1.dll c:\\WindSyst /S""}"
108427,2026-09-10T10:33:36.690682+00:00,134335100166906822,1516,xcopy.exe,Process,Process_Start,,0x00000000,"{""Parent PID"": 2584, ""Command line"": ""XCOPY  libgcc_s_dw2-1.dll c:\\WindSyst /S"", ""Current directory"": ""C:\\lab\\sample\\virus\\""}"
109388,2026-09-10T10:33:36.933996+00:00,134335100169339969,1516,xcopy.exe,File_System,QueryDirectory,C:\WindSyst,0x00000000,"{""Filter"": ""WindSyst"", ""FileInformationClass"": ""FileBothDirectoryInformation"", ""2"": ""WindSyst""}"
109397,2026-09-10T10:33:36.934685+00:00,134335100169346854,1516,xcopy.exe,File_System,QueryDirectory,C:\WindSyst,0x00000000,"{""Filter"": ""WindSyst"", ""FileInformationClass"": ""FileBothDirectoryInformation"", ""2"": ""WindSyst""}"
109408,2026-09-10T10:33:36.937992+00:00,134335100169379924,1516,xcopy.exe,File_System,QueryDirectory,C:\WindSyst,0x00000000,"{""Filter"": ""WindSyst"", ""FileInformationClass"": ""FileBothDirectoryInformation"", ""2"": ""WindSyst""}"
109411,2026-09-10T10:33:36.939034+00:00,134335100169390349,1516,xcopy.exe,File_System,CreateFile,C:\WindSyst,0x00000000,"{""Desired Access"": ""Write Attributes"", ""Disposition"": ""Open"", ""Options"": """", ""Attributes"": ""n/a"", ""ShareMode"": ""Read, Write, Delete"", ""AllocationSize"": ""n/a"", ""OpenResult"": ""Opened""}"
109412,2026-09-10T10:33:36.940561+00:00,134335100169405611,1516,xcopy.exe,File_System,SetBasicInformationFile,C:\WindSyst,0x00000000,{}
109413,2026-09-10T10:33:36.940845+00:00,134335100169408455,1516,xcopy.exe,File_System,CloseFile,C:\WindSyst,0x00000000,{}
109414,2026-09-10T10:33:36.940921+00:00,134335100169409215,1516,xcopy.exe,File_System,IRP_MJ_CLOSE,C:\WindSyst,0x00000000,{}
109431,2026-09-10T10:33:36.949204+00:00,134335100169492042,1516,xcopy.exe,File_System,CreateFile,C:\WindSyst,0x00000000,"{""Desired Access"": ""Read Data/List Directory, Synchronize"", ""Disposition"": ""Open"", ""Options"": ""Directory, Synchronous IO Non-Alert"", ""Attributes"": ""n/a"", ""ShareMode"": ""Read, Write, Delete"", ""AllocationSize"": ""n/a"", ""OpenResult"": ""Opened""}"
109432,2026-09-10T10:33:36.949431+00:00,134335100169494318,1516,xcopy.exe,File_System,QueryDirectory,C:\WindSyst\libgcc_s_dw2-1.dll,0xc000000f,"{""Filter"": ""libgcc_s_dw2-1.dll"", ""FileInformationClass"": ""FileBothDirectoryInformation""}"
109433,2026-09-10T10:33:36.949654+00:00,134335100169496547,1516,xcopy.exe,File_System,CloseFile,C:\WindSyst,0x00000000,{}
109434,2026-09-10T10:33:36.949735+00:00,134335100169497357,1516,xcopy.exe,File_System,IRP_MJ_CLOSE,C:\WindSyst,0x00000000,{}
109489,2026-09-10T10:33:36.966743+00:00,134335100169667437,1516,xcopy.exe,File_System,CreateFile,C:\WindSyst\libgcc_s_dw2-1.dll,0x00000000,"{""Desired Access"": ""Generic Read/Write, Delete, Write DAC"", ""Disposition"": ""OverwriteIf"", ""Options"": ""Sequential Access, Non-Directory File"", ""Attributes"": ""A"", ""ShareMode"": ""None"", ""AllocationSize"": 120334, ""OpenResult"": ""Created""}"
109500,2026-09-10T10:33:36.968728+00:00,134335100169687289,1516,xcopy.exe,File_System,CloseFile,C:\WindSyst\libgcc_s_dw2-1.dll,0x00000000,{}
109502,2026-09-10T10:33:36.969164+00:00,134335100169691645,1516,xcopy.exe,File_System,IRP_MJ_CLOSE,C:\WindSyst\libgcc_s_dw2-1.dll,0x00000000,{}
109504,2026-09-10T10:33:36.970114+00:00,134335100169701141,1516,xcopy.exe,File_System,CreateFile,C:\WindSyst\libgcc_s_dw2-1.dll,0x00000000,"{""Desired Access"": ""Generic Read/Write, Delete, Write DAC"", ""Disposition"": ""OpenIf"", ""Options"": ""Sequential Access, Synchronous IO Non-Alert, Non-Directory File"", ""Attributes"": ""A"", ""ShareMode"": ""None"", ""AllocationSize"": 120334, ""OpenResult"": ""Opened""}"
109507,2026-09-10T10:33:36.970464+00:00,134335100169704647,1516,xcopy.exe,File_System,QueryAttributeInformationVolume,C:\WindSyst\libgcc_s_dw2-1.dll,0x00000000,{}
109510,2026-09-10T10:33:36.970566+00:00,134335100169705667,1516,xcopy.exe,File_System,QueryBasicInformationFile,C:\WindSyst\libgcc_s_dw2-1.dll,0x00000000,"{""CreationTime"": 134335100169598181, ""LastAccessTime"": 134335100169598181, ""LastWriteTime"": 134335100169598181, ""ChangeTime"": 134335100169598181, ""FileAttributes"": ""A""}"
109590,2026-09-10T10:33:36.995866+00:00,134335100169958669,1516,xcopy.exe,File_System,SetEndOfFileInformationFile,C:\WindSyst\libgcc_s_dw2-1.dll,0x00000000,{}
109613,2026-09-10T10:33:37.003276+00:00,134335100170032766,1516,xcopy.exe,File_System,WriteFile,C:\WindSyst\libgcc_s_dw2-1.dll,0x00000000,"{""Offset"": 0, ""Length"": 120334, ""Priority"": ""Normal""}"
109621,2026-09-10T10:33:37.004778+00:00,134335100170047780,1516,xcopy.exe,File_System,SetBasicInformationFile,C:\WindSyst\libgcc_s_dw2-1.dll,0x00000000,{}
109622,2026-09-10T10:33:37.005483+00:00,134335100170054837,1516,xcopy.exe,File_System,QueryRemoteProtocolInformation,C:\WindSyst\libgcc_s_dw2-1.dll,0xc000000d,{}
109625,2026-09-10T10:33:37.005803+00:00,134335100170058037,1516,xcopy.exe,File_System,CloseFile,C:\WindSyst\libgcc_s_dw2-1.dll,0x00000000,{}
109643,2026-09-10T10:33:37.010154+00:00,134335100170101547,1516,xcopy.exe,File_System,QueryOpen,C:\WindSyst\libgcc_s_dw2-1.dll,0xc01c0004,{}
109645,2026-09-10T10:33:37.010980+00:00,134335100170109806,1516,xcopy.exe,File_System,CreateFile,C:\WindSyst\libgcc_s_dw2-1.dll,0x00000000,"{""Desired Access"": ""Read Attributes"", ""Disposition"": ""Open"", ""Options"": ""Open Reparse Point"", ""Attributes"": ""n/a"", ""ShareMode"": ""Read, Write, Delete"", ""AllocationSize"": ""n/a"", ""OpenResult"": ""Opened""}"
109646,2026-09-10T10:33:37.011124+00:00,134335100170111240,1516,xcopy.exe,File_System,QueryBasicInformationFile,C:\WindSyst\libgcc_s_dw2-1.dll,0x00000000,"{""CreationTime"": 134335100169598181, ""LastAccessTime"": 134335100170064470, ""LastWriteTime"": 133049000900000000, ""ChangeTime"": 134335096074066319, ""FileAttributes"": ""A""}"
109648,2026-09-10T10:33:37.011186+00:00,134335100170111869,1516,xcopy.exe,File_System,CloseFile,C:\WindSyst\libgcc_s_dw2-1.dll,0x00000000,{}
109649,2026-09-10T10:33:37.011279+00:00,134335100170112799,1516,xcopy.exe,File_System,IRP_MJ_CLOSE,C:\WindSyst\libgcc_s_dw2-1.dll,0x00000000,{}
109651,2026-09-10T10:33:37.012160+00:00,134335100170121600,1516,xcopy.exe,File_System,CreateFile,C:\WindSyst\libgcc_s_dw2-1.dll,0x00000000,"{""Desired Access"": ""Write Attributes"", ""Disposition"": ""Open"", ""Options"": """", ""Attributes"": ""n/a"", ""ShareMode"": ""Read, Write, Delete"", ""AllocationSize"": ""n/a"", ""OpenResult"": ""Opened""}"
109652,2026-09-10T10:33:37.012468+00:00,134335100170124686,1516,xcopy.exe,File_System,SetBasicInformationFile,C:\WindSyst\libgcc_s_dw2-1.dll,0x00000000,{}
109653,2026-09-10T10:33:37.012579+00:00,134335100170125791,1516,xcopy.exe,File_System,CloseFile,C:\WindSyst\libgcc_s_dw2-1.dll,0x00000000,{}
109654,2026-09-10T10:33:37.012659+00:00,134335100170126592,1516,xcopy.exe,File_System,IRP_MJ_CLOSE,C:\WindSyst\libgcc_s_dw2-1.dll,0x00000000,{}
109655,2026-09-10T10:33:37.013590+00:00,134335100170135904,1516,xcopy.exe,File_System,CreateFile,C:\WindSyst,0x00000000,"{""Desired Access"": ""Read Data/List Directory, Synchronize"", ""Disposition"": ""Open"", ""Options"": ""Directory, Synchronous IO Non-Alert"", ""Attributes"": ""n/a"", ""ShareMode"": ""Read, Write, Delete"", ""AllocationSize"": ""n/a"", ""OpenResult"": ""Opened""}"
109656,2026-09-10T10:33:37.013799+00:00,134335100170137996,1516,xcopy.exe,File_System,QueryDirectory,C:\WindSyst\libgcc_s_dw2-1.dll,0x00000000,"{""Filter"": ""libgcc_s_dw2-1.dll"", ""FileInformationClass"": ""FileBothDirectoryInformation"", ""2"": ""libgcc_s_dw2-1.dll""}"
109657,2026-09-10T10:33:37.014031+00:00,134335100170140317,1516,xcopy.exe,File_System,CloseFile,C:\WindSyst,0x00000000,{}
109658,2026-09-10T10:33:37.014111+00:00,134335100170141111,1516,xcopy.exe,File_System,IRP_MJ_CLOSE,C:\WindSyst,0x00000000,{}
109660,2026-09-10T10:33:37.014897+00:00,134335100170148977,1516,xcopy.exe,File_System,CreateFile,C:\WindSyst\libgcc_s_dw2-1.dll,0x00000000,"{""Desired Access"": ""Write Attributes"", ""Disposition"": ""Open"", ""Options"": """", ""Attributes"": ""n/a"", ""ShareMode"": ""Read, Write, Delete"", ""AllocationSize"": ""n/a"", ""OpenResult"": ""Opened""}"
109661,2026-09-10T10:33:37.015163+00:00,134335100170151634,1516,xcopy.exe,File_System,SetBasicInformationFile,C:\WindSyst\libgcc_s_dw2-1.dll,0x00000000,{}
109662,2026-09-10T10:33:37.015255+00:00,134335100170152551,1516,xcopy.exe,File_System,CloseFile,C:\WindSyst\libgcc_s_dw2-1.dll,0x00000000,{}
109663,2026-09-10T10:33:37.015336+00:00,134335100170153369,1516,xcopy.exe,File_System,IRP_MJ_CLOSE,C:\WindSyst\libgcc_s_dw2-1.dll,0x00000000,{}
109777,2026-09-10T10:33:37.052421+00:00,134335100170524218,1516,xcopy.exe,Process,Process_Exit,,0x00000000,"{""Exit Status"": 0, ""User Time"": 625000, ""Kernel Time"": 2031250, ""Private Bytes"": 1482752, ""Peak Private Bytes"": 1482752, ""Working Set"": 4984832, ""Peak Working Set"": 4988928}"
109835,2026-09-10T10:33:37.069053+00:00,134335100170690536,2584,cmd.exe,Process,Process_Exit,,0x00000000,"{""Exit Status"": 0, ""User Time"": 625000, ""Kernel Time"": 1406250, ""Private Bytes"": 4562944, ""Peak Private Bytes"": 4825088, ""Working Set"": 4890624, ""Peak Working Set"": 5005312}"
109949,2026-09-10T10:33:37.100446+00:00,134335100171004460,6064,Res.exe,Process,Process_Create,C:\Windows\SysWOW64\cmd.exe,0x00000000,"{""PID"": 5304, ""Command line"": ""C:\\Windows\\system32\\cmd.exe /c XCOPY libstdc++-6.dll c:\\WindSyst /S""}"
109950,2026-09-10T10:33:37.100647+00:00,134335100171006478,5304,cmd.exe,Process,Process_Start,,0x00000000,"{""Parent PID"": 6064, ""Command line"": ""C:\\Windows\\system32\\cmd.exe /c XCOPY libstdc++-6.dll c:\\WindSyst /S"", ""Current directory"": ""C:\\lab\\sample\\virus\\""}"
111148,2026-09-10T10:33:37.381965+00:00,134335100173819653,5304,cmd.exe,Process,Process_Create,C:\Windows\SysWOW64\xcopy.exe,0x00000000,"{""PID"": 6084, ""Command line"": ""XCOPY  libstdc++-6.dll c:\\WindSyst /S""}"
111149,2026-09-10T10:33:37.382015+00:00,134335100173820154,6084,xcopy.exe,Process,Process_Start,,0x00000000,"{""Parent PID"": 5304, ""Command line"": ""XCOPY  libstdc++-6.dll c:\\WindSyst /S"", ""Current directory"": ""C:\\lab\\sample\\virus\\""}"
112071,2026-09-10T10:33:37.593746+00:00,134335100175937466,6084,xcopy.exe,File_System,QueryDirectory,C:\WindSyst,0x00000000,"{""Filter"": ""WindSyst"", ""FileInformationClass"": ""FileBothDirectoryInformation"", ""2"": ""WindSyst""}"
112076,2026-09-10T10:33:37.594291+00:00,134335100175942911,6084,xcopy.exe,File_System,QueryDirectory,C:\WindSyst,0x00000000,"{""Filter"": ""WindSyst"", ""FileInformationClass"": ""FileBothDirectoryInformation"", ""2"": ""WindSyst""}"
112089,2026-09-10T10:33:37.596385+00:00,134335100175963850,6084,xcopy.exe,File_System,QueryDirectory,C:\WindSyst,0x00000000,"{""Filter"": ""WindSyst"", ""FileInformationClass"": ""FileBothDirectoryInformation"", ""2"": ""WindSyst""}"
112093,2026-09-10T10:33:37.597344+00:00,134335100175973442,6084,xcopy.exe,File_System,CreateFile,C:\WindSyst,0x00000000,"{""Desired Access"": ""Write Attributes"", ""Disposition"": ""Open"", ""Options"": """", ""Attributes"": ""n/a"", ""ShareMode"": ""Read, Write, Delete"", ""AllocationSize"": ""n/a"", ""OpenResult"": ""Opened""}"
112095,2026-09-10T10:33:37.598006+00:00,134335100175980063,6084,xcopy.exe,File_System,SetBasicInformationFile,C:\WindSyst,0x00000000,{}
112096,2026-09-10T10:33:37.598130+00:00,134335100175981303,6084,xcopy.exe,File_System,CloseFile,C:\WindSyst,0x00000000,{}
112098,2026-09-10T10:33:37.598211+00:00,134335100175982112,6084,xcopy.exe,File_System,IRP_MJ_CLOSE,C:\WindSyst,0x00000000,{}
112109,2026-09-10T10:33:37.601065+00:00,134335100176010652,6084,xcopy.exe,File_System,CreateFile,C:\WindSyst,0x00000000,"{""Desired Access"": ""Read Data/List Directory, Synchronize"", ""Disposition"": ""Open"", ""Options"": ""Directory, Synchronous IO Non-Alert"", ""Attributes"": ""n/a"", ""ShareMode"": ""Read, Write, Delete"", ""AllocationSize"": ""n/a"", ""OpenResult"": ""Opened""}"
112110,2026-09-10T10:33:37.601268+00:00,134335100176012682,6084,xcopy.exe,File_System,QueryDirectory,C:\WindSyst\libstdc++-6.dll,0xc000000f,"{""Filter"": ""libstdc++-6.dll"", ""FileInformationClass"": ""FileBothDirectoryInformation""}"
112112,2026-09-10T10:33:37.601515+00:00,134335100176015150,6084,xcopy.exe,File_System,CloseFile,C:\WindSyst,0x00000000,{}
112113,2026-09-10T10:33:37.601672+00:00,134335100176016721,6084,xcopy.exe,File_System,IRP_MJ_CLOSE,C:\WindSyst,0x00000000,{}
112150,2026-09-10T10:33:37.610171+00:00,134335100176101711,6084,xcopy.exe,File_System,CreateFile,C:\WindSyst\libstdc++-6.dll,0x00000000,"{""Desired Access"": ""Generic Read/Write, Delete, Write DAC"", ""Disposition"": ""OverwriteIf"", ""Options"": ""Sequential Access, Non-Directory File"", ""Attributes"": ""A"", ""ShareMode"": ""None"", ""AllocationSize"": 1540622, ""OpenResult"": ""Created""}"
112157,2026-09-10T10:33:37.612637+00:00,134335100176126379,6084,xcopy.exe,File_System,CloseFile,C:\WindSyst\libstdc++-6.dll,0x00000000,{}
112162,2026-09-10T10:33:37.613094+00:00,134335100176130948,6084,xcopy.exe,File_System,IRP_MJ_CLOSE,C:\WindSyst\libstdc++-6.dll,0x00000000,{}
112164,2026-09-10T10:33:37.613947+00:00,134335100176139476,6084,xcopy.exe,File_System,CreateFile,C:\WindSyst\libstdc++-6.dll,0x00000000,"{""Desired Access"": ""Generic Read/Write, Delete, Write DAC"", ""Disposition"": ""OpenIf"", ""Options"": ""Sequential Access, Synchronous IO Non-Alert, Non-Directory File"", ""Attributes"": ""A"", ""ShareMode"": ""None"", ""AllocationSize"": 1540622, ""OpenResult"": ""Opened""}"
112169,2026-09-10T10:33:37.614340+00:00,134335100176143403,6084,xcopy.exe,File_System,QueryAttributeInformationVolume,C:\WindSyst\libstdc++-6.dll,0x00000000,{}
112170,2026-09-10T10:33:37.614428+00:00,134335100176144281,6084,xcopy.exe,File_System,QueryBasicInformationFile,C:\WindSyst\libstdc++-6.dll,0x00000000,"{""CreationTime"": 134335100176020423, ""LastAccessTime"": 134335100176020423, ""LastWriteTime"": 134335100176020423, ""ChangeTime"": 134335100176020423, ""FileAttributes"": ""A""}"
112279,2026-09-10T10:33:37.641433+00:00,134335100176414334,6084,xcopy.exe,File_System,SetEndOfFileInformationFile,C:\WindSyst\libstdc++-6.dll,0x00000000,{}
112333,2026-09-10T10:33:37.650544+00:00,134335100176505444,6084,xcopy.exe,File_System,WriteFile,C:\WindSyst\libstdc++-6.dll,0x00000000,"{""Offset"": 0, ""Length"": 262144, ""Priority"": ""Normal""}"
112342,2026-09-10T10:33:37.652332+00:00,134335100176523325,6084,xcopy.exe,File_System,WriteFile,C:\WindSyst\libstdc++-6.dll,0x00000000,"{""Offset"": 262144, ""Length"": 262144}"
112345,2026-09-10T10:33:37.653262+00:00,134335100176532625,6084,xcopy.exe,File_System,WriteFile,C:\WindSyst\libstdc++-6.dll,0x00000000,"{""Offset"": 524288, ""Length"": 262144}"
112351,2026-09-10T10:33:37.654100+00:00,134335100176541001,6084,xcopy.exe,File_System,WriteFile,C:\WindSyst\libstdc++-6.dll,0x00000000,"{""Offset"": 786432, ""Length"": 262144}"
112360,2026-09-10T10:33:37.655739+00:00,134335100176557399,6084,xcopy.exe,File_System,WriteFile,C:\WindSyst\libstdc++-6.dll,0x00000000,"{""Offset"": 1048576, ""Length"": 262144}"
112368,2026-09-10T10:33:37.658649+00:00,134335100176586494,6084,xcopy.exe,File_System,WriteFile,C:\WindSyst\libstdc++-6.dll,0x00000000,"{""Offset"": 1310720, ""Length"": 229902}"
112369,2026-09-10T10:33:37.659215+00:00,134335100176592154,6084,xcopy.exe,File_System,SetBasicInformationFile,C:\WindSyst\libstdc++-6.dll,0x00000000,{}
112372,2026-09-10T10:33:37.659702+00:00,134335100176597025,6084,xcopy.exe,File_System,QueryRemoteProtocolInformation,C:\WindSyst\libstdc++-6.dll,0xc000000d,{}
112377,2026-09-10T10:33:37.659927+00:00,134335100176599274,6084,xcopy.exe,File_System,CloseFile,C:\WindSyst\libstdc++-6.dll,0x00000000,{}
112419,2026-09-10T10:33:37.670782+00:00,134335100176707827,6084,xcopy.exe,File_System,QueryOpen,C:\WindSyst\libstdc++-6.dll,0xc01c0004,{}
112423,2026-09-10T10:33:37.671450+00:00,134335100176714507,6084,xcopy.exe,File_System,CreateFile,C:\WindSyst\libstdc++-6.dll,0x00000000,"{""Desired Access"": ""Read Attributes"", ""Disposition"": ""Open"", ""Options"": ""Open Reparse Point"", ""Attributes"": ""n/a"", ""ShareMode"": ""Read, Write, Delete"", ""AllocationSize"": ""n/a"", ""OpenResult"": ""Opened""}"
112424,2026-09-10T10:33:37.671592+00:00,134335100176715925,6084,xcopy.exe,File_System,QueryBasicInformationFile,C:\WindSyst\libstdc++-6.dll,0x00000000,"{""CreationTime"": 134335100176020423, ""LastAccessTime"": 134335100176625260, ""LastWriteTime"": 133049000960000000, ""ChangeTime"": 134335096077971149, ""FileAttributes"": ""A""}"
112425,2026-09-10T10:33:37.671662+00:00,134335100176716622,6084,xcopy.exe,File_System,CloseFile,C:\WindSyst\libstdc++-6.dll,0x00000000,{}
112426,2026-09-10T10:33:37.671763+00:00,134335100176717634,6084,xcopy.exe,File_System,IRP_MJ_CLOSE,C:\WindSyst\libstdc++-6.dll,0x00000000,{}
112429,2026-09-10T10:33:37.672608+00:00,134335100176726087,6084,xcopy.exe,File_System,CreateFile,C:\WindSyst\libstdc++-6.dll,0x00000000,"{""Desired Access"": ""Write Attributes"", ""Disposition"": ""Open"", ""Options"": """", ""Attributes"": ""n/a"", ""ShareMode"": ""Read, Write, Delete"", ""AllocationSize"": ""n/a"", ""OpenResult"": ""Opened""}"
112430,2026-09-10T10:33:37.672905+00:00,134335100176729052,6084,xcopy.exe,File_System,SetBasicInformationFile,C:\WindSyst\libstdc++-6.dll,0x00000000,{}
112431,2026-09-10T10:33:37.673025+00:00,134335100176730253,6084,xcopy.exe,File_System,CloseFile,C:\WindSyst\libstdc++-6.dll,0x00000000,{}
112432,2026-09-10T10:33:37.673108+00:00,134335100176731088,6084,xcopy.exe,File_System,IRP_MJ_CLOSE,C:\WindSyst\libstdc++-6.dll,0x00000000,{}
112435,2026-09-10T10:33:37.674080+00:00,134335100176740805,6084,xcopy.exe,File_System,CreateFile,C:\WindSyst,0x00000000,"{""Desired Access"": ""Read Data/List Directory, Synchronize"", ""Disposition"": ""Open"", ""Options"": ""Directory, Synchronous IO Non-Alert"", ""Attributes"": ""n/a"", ""ShareMode"": ""Read, Write, Delete"", ""AllocationSize"": ""n/a"", ""OpenResult"": ""Opened""}"
112436,2026-09-10T10:33:37.674304+00:00,134335100176743044,6084,xcopy.exe,File_System,QueryDirectory,C:\WindSyst\libstdc++-6.dll,0x00000000,"{""Filter"": ""libstdc++-6.dll"", ""FileInformationClass"": ""FileBothDirectoryInformation"", ""2"": ""libstdc++-6.dll""}"
112438,2026-09-10T10:33:37.674520+00:00,134335100176745204,6084,xcopy.exe,File_System,CloseFile,C:\WindSyst,0x00000000,{}
112439,2026-09-10T10:33:37.674598+00:00,134335100176745987,6084,xcopy.exe,File_System,IRP_MJ_CLOSE,C:\WindSyst,0x00000000,{}
112441,2026-09-10T10:33:37.675380+00:00,134335100176753805,6084,xcopy.exe,File_System,CreateFile,C:\WindSyst\libstdc++-6.dll,0x00000000,"{""Desired Access"": ""Write Attributes"", ""Disposition"": ""Open"", ""Options"": """", ""Attributes"": ""n/a"", ""ShareMode"": ""Read, Write, Delete"", ""AllocationSize"": ""n/a"", ""OpenResult"": ""Opened""}"
112443,2026-09-10T10:33:37.675639+00:00,134335100176756391,6084,xcopy.exe,File_System,SetBasicInformationFile,C:\WindSyst\libstdc++-6.dll,0x00000000,{}
112444,2026-09-10T10:33:37.675728+00:00,134335100176757281,6084,xcopy.exe,File_System,CloseFile,C:\WindSyst\libstdc++-6.dll,0x00000000,{}
112445,2026-09-10T10:33:37.675817+00:00,134335100176758179,6084,xcopy.exe,File_System,IRP_MJ_CLOSE,C:\WindSyst\libstdc++-6.dll,0x00000000,{}
112601,2026-09-10T10:33:37.723875+00:00,134335100177238757,6084,xcopy.exe,Process,Process_Exit,,0x00000000,"{""Exit Status"": 0, ""User Time"": 0, ""Kernel Time"": 1718750, ""Private Bytes"": 1540096, ""Peak Private Bytes"": 1540096, ""Working Set"": 5115904, ""Peak Working Set"": 5120000}"
113035,2026-09-10T10:33:37.865450+00:00,134335100178654501,5304,cmd.exe,Process,Process_Exit,,0x00000000,"{""Exit Status"": 0, ""User Time"": 0, ""Kernel Time"": 2031250, ""Private Bytes"": 4567040, ""Peak Private Bytes"": 4829184, ""Working Set"": 4775936, ""Peak Working Set"": 4890624}"
113231,2026-09-10T10:33:37.912225+00:00,134335100179122257,6064,Res.exe,Process,Process_Create,C:\Windows\SysWOW64\cmd.exe,0x00000000,"{""PID"": 3784, ""Command line"": ""C:\\Windows\\system32\\cmd.exe /c XCOPY libwinpthread-1.dll c:\\WindSyst /S""}"
113232,2026-09-10T10:33:37.912270+00:00,134335100179122701,3784,cmd.exe,Process,Process_Start,,0x00000000,"{""Parent PID"": 6064, ""Command line"": ""C:\\Windows\\system32\\cmd.exe /c XCOPY libwinpthread-1.dll c:\\WindSyst /S"", ""Current directory"": ""C:\\lab\\sample\\virus\\""}"
114630,2026-09-10T10:33:38.287478+00:00,134335100182874784,3784,cmd.exe,Process,Process_Create,C:\Windows\SysWOW64\xcopy.exe,0x00000000,"{""PID"": 2580, ""Command line"": ""XCOPY  libwinpthread-1.dll c:\\WindSyst /S""}"
114631,2026-09-10T10:33:38.287530+00:00,134335100182875305,2580,xcopy.exe,Process,Process_Start,,0x00000000,"{""Parent PID"": 3784, ""Command line"": ""XCOPY  libwinpthread-1.dll c:\\WindSyst /S"", ""Current directory"": ""C:\\lab\\sample\\virus\\""}"
115565,2026-09-10T10:33:38.588617+00:00,134335100185886170,2580,xcopy.exe,File_System,QueryDirectory,C:\WindSyst,0x00000000,"{""Filter"": ""WindSyst"", ""FileInformationClass"": ""FileBothDirectoryInformation"", ""2"": ""WindSyst""}"
115570,2026-09-10T10:33:38.590148+00:00,134335100185901488,2580,xcopy.exe,File_System,QueryDirectory,C:\WindSyst,0x00000000,"{""Filter"": ""WindSyst"", ""FileInformationClass"": ""FileBothDirectoryInformation"", ""2"": ""WindSyst""}"
115584,2026-09-10T10:33:38.594483+00:00,134335100185944831,2580,xcopy.exe,File_System,QueryDirectory,C:\WindSyst,0x00000000,"{""Filter"": ""WindSyst"", ""FileInformationClass"": ""FileBothDirectoryInformation"", ""2"": ""WindSyst""}"
115587,2026-09-10T10:33:38.595935+00:00,134335100185959356,2580,xcopy.exe,File_System,CreateFile,C:\WindSyst,0x00000000,"{""Desired Access"": ""Write Attributes"", ""Disposition"": ""Open"", ""Options"": """", ""Attributes"": ""n/a"", ""ShareMode"": ""Read, Write, Delete"", ""AllocationSize"": ""n/a"", ""OpenResult"": ""Opened""}"
115588,2026-09-10T10:33:38.596567+00:00,134335100185965674,2580,xcopy.exe,File_System,SetBasicInformationFile,C:\WindSyst,0x00000000,{}
115589,2026-09-10T10:33:38.596716+00:00,134335100185967163,2580,xcopy.exe,File_System,CloseFile,C:\WindSyst,0x00000000,{}
115590,2026-09-10T10:33:38.596807+00:00,134335100185968078,2580,xcopy.exe,File_System,IRP_MJ_CLOSE,C:\WindSyst,0x00000000,{}
115604,2026-09-10T10:33:38.607165+00:00,134335100186071651,2580,xcopy.exe,File_System,CreateFile,C:\WindSyst,0x00000000,"{""Desired Access"": ""Read Data/List Directory, Synchronize"", ""Disposition"": ""Open"", ""Options"": ""Directory, Synchronous IO Non-Alert"", ""Attributes"": ""n/a"", ""ShareMode"": ""Read, Write, Delete"", ""AllocationSize"": ""n/a"", ""OpenResult"": ""Opened""}"
115607,2026-09-10T10:33:38.607452+00:00,134335100186074522,2580,xcopy.exe,File_System,QueryDirectory,C:\WindSyst\libwinpthread-1.dll,0xc000000f,"{""Filter"": ""libwinpthread-1.dll"", ""FileInformationClass"": ""FileBothDirectoryInformation""}"
115608,2026-09-10T10:33:38.607634+00:00,134335100186076340,2580,xcopy.exe,File_System,CloseFile,C:\WindSyst,0x00000000,{}
115609,2026-09-10T10:33:38.607731+00:00,134335100186077312,2580,xcopy.exe,File_System,IRP_MJ_CLOSE,C:\WindSyst,0x00000000,{}
115644,2026-09-10T10:33:38.620591+00:00,134335100186205911,2580,xcopy.exe,File_System,CreateFile,C:\WindSyst\libwinpthread-1.dll,0x00000000,"{""Desired Access"": ""Generic Read/Write, Delete, Write DAC"", ""Disposition"": ""OverwriteIf"", ""Options"": ""Sequential Access, Non-Directory File"", ""Attributes"": ""A"", ""ShareMode"": ""None"", ""AllocationSize"": 79360, ""OpenResult"": ""Created""}"
115652,2026-09-10T10:33:38.628811+00:00,134335100186288112,2580,xcopy.exe,File_System,CloseFile,C:\WindSyst\libwinpthread-1.dll,0x00000000,{}
115655,2026-09-10T10:33:38.630514+00:00,134335100186305140,2580,xcopy.exe,File_System,IRP_MJ_CLOSE,C:\WindSyst\libwinpthread-1.dll,0x00000000,{}
115662,2026-09-10T10:33:38.632182+00:00,134335100186321822,2580,xcopy.exe,File_System,CreateFile,C:\WindSyst\libwinpthread-1.dll,0x00000000,"{""Desired Access"": ""Generic Read/Write, Delete, Write DAC"", ""Disposition"": ""OpenIf"", ""Options"": ""Sequential Access, Synchronous IO Non-Alert, Non-Directory File"", ""Attributes"": ""A"", ""ShareMode"": ""None"", ""AllocationSize"": 79360, ""OpenResult"": ""Opened""}"
115663,2026-09-10T10:33:38.632664+00:00,134335100186326646,2580,xcopy.exe,File_System,QueryAttributeInformationVolume,C:\WindSyst\libwinpthread-1.dll,0x00000000,{}
115664,2026-09-10T10:33:38.632788+00:00,134335100186327881,2580,xcopy.exe,File_System,QueryBasicInformationFile,C:\WindSyst\libwinpthread-1.dll,0x00000000,"{""CreationTime"": 134335100186174045, ""LastAccessTime"": 134335100186174045, ""LastWriteTime"": 134335100186174045, ""ChangeTime"": 134335100186174045, ""FileAttributes"": ""A""}"
115704,2026-09-10T10:33:38.667553+00:00,134335100186675530,2580,xcopy.exe,File_System,SetEndOfFileInformationFile,C:\WindSyst\libwinpthread-1.dll,0x00000000,{}
115718,2026-09-10T10:33:38.671132+00:00,134335100186711324,2580,xcopy.exe,File_System,WriteFile,C:\WindSyst\libwinpthread-1.dll,0x00000000,"{""Offset"": 0, ""Length"": 79360, ""Priority"": ""Normal""}"
115725,2026-09-10T10:33:38.672339+00:00,134335100186723396,2580,xcopy.exe,File_System,SetBasicInformationFile,C:\WindSyst\libwinpthread-1.dll,0x00000000,{}
115726,2026-09-10T10:33:38.672811+00:00,134335100186728118,2580,xcopy.exe,File_System,QueryRemoteProtocolInformation,C:\WindSyst\libwinpthread-1.dll,0xc000000d,{}
115728,2026-09-10T10:33:38.673054+00:00,134335100186730546,2580,xcopy.exe,File_System,CloseFile,C:\WindSyst\libwinpthread-1.dll,0x00000000,{}
115741,2026-09-10T10:33:38.683007+00:00,134335100186830072,2580,xcopy.exe,File_System,QueryOpen,C:\WindSyst\libwinpthread-1.dll,0xc01c0004,{}
115743,2026-09-10T10:33:38.683842+00:00,134335100186838422,2580,xcopy.exe,File_System,CreateFile,C:\WindSyst\libwinpthread-1.dll,0x00000000,"{""Desired Access"": ""Read Attributes"", ""Disposition"": ""Open"", ""Options"": ""Open Reparse Point"", ""Attributes"": ""n/a"", ""ShareMode"": ""Read, Write, Delete"", ""AllocationSize"": ""n/a"", ""OpenResult"": ""Opened""}"
115745,2026-09-10T10:33:38.684047+00:00,134335100186840477,2580,xcopy.exe,File_System,QueryBasicInformationFile,C:\WindSyst\libwinpthread-1.dll,0x00000000,"{""CreationTime"": 134335100186174045, ""LastAccessTime"": 134335100186632508, ""LastWriteTime"": 133049000880000000, ""ChangeTime"": 134335096079992656, ""FileAttributes"": ""A""}"
115746,2026-09-10T10:33:38.684205+00:00,134335100186842051,2580,xcopy.exe,File_System,CloseFile,C:\WindSyst\libwinpthread-1.dll,0x00000000,{}
115775,2026-09-10T10:33:38.701043+00:00,134335100187010433,2580,xcopy.exe,File_System,IRP_MJ_CLOSE,C:\WindSyst\libwinpthread-1.dll,0x00000000,{}
115800,2026-09-10T10:33:38.709051+00:00,134335100187090516,2580,xcopy.exe,File_System,CreateFile,C:\WindSyst\libwinpthread-1.dll,0x00000000,"{""Desired Access"": ""Write Attributes"", ""Disposition"": ""Open"", ""Options"": """", ""Attributes"": ""n/a"", ""ShareMode"": ""Read, Write, Delete"", ""AllocationSize"": ""n/a"", ""OpenResult"": ""Opened""}"
115802,2026-09-10T10:33:38.709513+00:00,134335100187095136,2580,xcopy.exe,File_System,SetBasicInformationFile,C:\WindSyst\libwinpthread-1.dll,0x00000000,{}
115803,2026-09-10T10:33:38.709672+00:00,134335100187096726,2580,xcopy.exe,File_System,CloseFile,C:\WindSyst\libwinpthread-1.dll,0x00000000,{}
115804,2026-09-10T10:33:38.709790+00:00,134335100187097900,2580,xcopy.exe,File_System,IRP_MJ_CLOSE,C:\WindSyst\libwinpthread-1.dll,0x00000000,{}
115806,2026-09-10T10:33:38.711135+00:00,134335100187111354,2580,xcopy.exe,File_System,CreateFile,C:\WindSyst,0x00000000,"{""Desired Access"": ""Read Data/List Directory, Synchronize"", ""Disposition"": ""Open"", ""Options"": ""Directory, Synchronous IO Non-Alert"", ""Attributes"": ""n/a"", ""ShareMode"": ""Read, Write, Delete"", ""AllocationSize"": ""n/a"", ""OpenResult"": ""Opened""}"
115808,2026-09-10T10:33:38.711410+00:00,134335100187114109,2580,xcopy.exe,File_System,QueryDirectory,C:\WindSyst\libwinpthread-1.dll,0x00000000,"{""Filter"": ""libwinpthread-1.dll"", ""FileInformationClass"": ""FileBothDirectoryInformation"", ""2"": ""libwinpthread-1.dll""}"
115809,2026-09-10T10:33:38.711764+00:00,134335100187117641,2580,xcopy.exe,File_System,CloseFile,C:\WindSyst,0x00000000,{}
115810,2026-09-10T10:33:38.711865+00:00,134335100187118655,2580,xcopy.exe,File_System,IRP_MJ_CLOSE,C:\WindSyst,0x00000000,{}
115813,2026-09-10T10:33:38.712879+00:00,134335100187128792,2580,xcopy.exe,File_System,CreateFile,C:\WindSyst\libwinpthread-1.dll,0x00000000,"{""Desired Access"": ""Write Attributes"", ""Disposition"": ""Open"", ""Options"": """", ""Attributes"": ""n/a"", ""ShareMode"": ""Read, Write, Delete"", ""AllocationSize"": ""n/a"", ""OpenResult"": ""Opened""}"
115814,2026-09-10T10:33:38.713323+00:00,134335100187133235,2580,xcopy.exe,File_System,SetBasicInformationFile,C:\WindSyst\libwinpthread-1.dll,0x00000000,{}
115815,2026-09-10T10:33:38.713458+00:00,134335100187134585,2580,xcopy.exe,File_System,CloseFile,C:\WindSyst\libwinpthread-1.dll,0x00000000,{}
115816,2026-09-10T10:33:38.713570+00:00,134335100187135708,2580,xcopy.exe,File_System,IRP_MJ_CLOSE,C:\WindSyst\libwinpthread-1.dll,0x00000000,{}
115895,2026-09-10T10:33:38.742472+00:00,134335100187424728,2580,xcopy.exe,Process,Process_Exit,,0x00000000,"{""Exit Status"": 0, ""User Time"": 625000, ""Kernel Time"": 2187500, ""Private Bytes"": 1351680, ""Peak Private Bytes"": 1351680, ""Working Set"": 4902912, ""Peak Working Set"": 4907008}"
115961,2026-09-10T10:33:38.768143+00:00,134335100187681434,3784,cmd.exe,Process,Process_Exit,,0x00000000,"{""Exit Status"": 0, ""User Time"": 156250, ""Kernel Time"": 1875000, ""Private Bytes"": 4571136, ""Peak Private Bytes"": 4833280, ""Working Set"": 4894720, ""Peak Working Set"": 5009408}"
116076,2026-09-10T10:33:38.809999+00:00,134335100188099994,6064,Res.exe,Process,Process_Create,C:\Windows\SysWOW64\cmd.exe,0x00000000,"{""PID"": 3616, ""Command line"": ""C:\\Windows\\system32\\cmd.exe /c XCOPY Qt5Cored.dll c:\\WindSyst /S""}"
116077,2026-09-10T10:33:38.810049+00:00,134335100188100491,3616,cmd.exe,Process,Process_Start,,0x00000000,"{""Parent PID"": 6064, ""Command line"": ""C:\\Windows\\system32\\cmd.exe /c XCOPY Qt5Cored.dll c:\\WindSyst /S"", ""Current directory"": ""C:\\lab\\sample\\virus\\""}"
117602,2026-09-10T10:33:39.415847+00:00,134335100194158477,3616,cmd.exe,Process,Process_Create,C:\Windows\SysWOW64\xcopy.exe,0x00000000,"{""PID"": 516, ""Command line"": ""XCOPY  Qt5Cored.dll c:\\WindSyst /S""}"
117603,2026-09-10T10:33:39.415911+00:00,134335100194159115,516,xcopy.exe,Process,Process_Start,,0x00000000,"{""Parent PID"": 3616, ""Command line"": ""XCOPY  Qt5Cored.dll c:\\WindSyst /S"", ""Current directory"": ""C:\\lab\\sample\\virus\\""}"
118419,2026-09-10T10:33:39.647085+00:00,134335100196470853,516,xcopy.exe,Process,Process_Exit,,0x00000000,"{""Exit Status"": 4, ""User Time"": 312500, ""Kernel Time"": 937500, ""Private Bytes"": 1097728, ""Peak Private Bytes"": 1097728, ""Working Set"": 4325376, ""Peak Working Set"": 4329472}"
118499,2026-09-10T10:33:39.672568+00:00,134335100196725689,3616,cmd.exe,Process,Process_Exit,,0x00000000,"{""Exit Status"": 4, ""User Time"": 312500, ""Kernel Time"": 1250000, ""Private Bytes"": 4571136, ""Peak Private Bytes"": 4833280, ""Working Set"": 4775936, ""Peak Working Set"": 4915200}"
118695,2026-09-10T10:33:39.729568+00:00,134335100197295687,6064,Res.exe,Process,Process_Create,C:\Windows\SysWOW64\cmd.exe,0x00000000,"{""PID"": 3104, ""Command line"": ""C:\\Windows\\system32\\cmd.exe /c XCOPY Res.exe c:\\WindSyst /S""}"
118697,2026-09-10T10:33:39.729615+00:00,134335100197296154,3104,cmd.exe,Process,Process_Start,,0x00000000,"{""Parent PID"": 6064, ""Command line"": ""C:\\Windows\\system32\\cmd.exe /c XCOPY Res.exe c:\\WindSyst /S"", ""Current directory"": ""C:\\lab\\sample\\virus\\""}"
119596,2026-09-10T10:33:39.981155+00:00,134335100199811559,3104,cmd.exe,Process,Process_Create,C:\Windows\SysWOW64\xcopy.exe,0x00000000,"{""PID"": 4452, ""Command line"": ""XCOPY  Res.exe c:\\WindSyst /S""}"
119597,2026-09-10T10:33:39.981203+00:00,134335100199812035,4452,xcopy.exe,Process,Process_Start,,0x00000000,"{""Parent PID"": 3104, ""Command line"": ""XCOPY  Res.exe c:\\WindSyst /S"", ""Current directory"": ""C:\\lab\\sample\\virus\\""}"
120589,2026-09-10T10:33:40.218774+00:00,134335100202187747,4452,xcopy.exe,File_System,QueryDirectory,C:\WindSyst,0x00000000,"{""Filter"": ""WindSyst"", ""FileInformationClass"": ""FileBothDirectoryInformation"", ""2"": ""WindSyst""}"
120595,2026-09-10T10:33:40.219404+00:00,134335100202194048,4452,xcopy.exe,File_System,QueryDirectory,C:\WindSyst,0x00000000,"{""Filter"": ""WindSyst"", ""FileInformationClass"": ""FileBothDirectoryInformation"", ""2"": ""WindSyst""}"
120608,2026-09-10T10:33:40.221668+00:00,134335100202216689,4452,xcopy.exe,File_System,QueryDirectory,C:\WindSyst,0x00000000,"{""Filter"": ""WindSyst"", ""FileInformationClass"": ""FileBothDirectoryInformation"", ""2"": ""WindSyst""}"
120612,2026-09-10T10:33:40.222687+00:00,134335100202226873,4452,xcopy.exe,File_System,CreateFile,C:\WindSyst,0x00000000,"{""Desired Access"": ""Write Attributes"", ""Disposition"": ""Open"", ""Options"": """", ""Attributes"": ""n/a"", ""ShareMode"": ""Read, Write, Delete"", ""AllocationSize"": ""n/a"", ""OpenResult"": ""Opened""}"
120631,2026-09-10T10:33:40.235738+00:00,134335100202357381,4452,xcopy.exe,File_System,SetBasicInformationFile,C:\WindSyst,0x00000000,{}
120632,2026-09-10T10:33:40.235871+00:00,134335100202358712,4452,xcopy.exe,File_System,CloseFile,C:\WindSyst,0x00000000,{}
120633,2026-09-10T10:33:40.235987+00:00,134335100202359871,4452,xcopy.exe,File_System,IRP_MJ_CLOSE,C:\WindSyst,0x00000000,{}
120644,2026-09-10T10:33:40.241172+00:00,134335100202411721,4452,xcopy.exe,File_System,CreateFile,C:\WindSyst,0x00000000,"{""Desired Access"": ""Read Data/List Directory, Synchronize"", ""Disposition"": ""Open"", ""Options"": ""Directory, Synchronous IO Non-Alert"", ""Attributes"": ""n/a"", ""ShareMode"": ""Read, Write, Delete"", ""AllocationSize"": ""n/a"", ""OpenResult"": ""Opened""}"
120645,2026-09-10T10:33:40.241399+00:00,134335100202413999,4452,xcopy.exe,File_System,QueryDirectory,C:\WindSyst\Res.exe,0xc000000f,"{""Filter"": ""Res.exe"", ""FileInformationClass"": ""FileBothDirectoryInformation""}"
120647,2026-09-10T10:33:40.241549+00:00,134335100202415498,4452,xcopy.exe,File_System,CloseFile,C:\WindSyst,0x00000000,{}
120648,2026-09-10T10:33:40.241638+00:00,134335100202416388,4452,xcopy.exe,File_System,IRP_MJ_CLOSE,C:\WindSyst,0x00000000,{}
120790,2026-09-10T10:33:40.271111+00:00,134335100202711117,4452,xcopy.exe,File_System,CreateFile,C:\WindSyst\Res.exe,0x00000000,"{""Desired Access"": ""Generic Read/Write, Delete, Write DAC"", ""Disposition"": ""OverwriteIf"", ""Options"": ""Sequential Access, Non-Directory File"", ""Attributes"": ""A"", ""ShareMode"": ""None"", ""AllocationSize"": 25088, ""OpenResult"": ""Created""}"
120796,2026-09-10T10:33:40.273791+00:00,134335100202737916,4452,xcopy.exe,File_System,CloseFile,C:\WindSyst\Res.exe,0x00000000,{}
120797,2026-09-10T10:33:40.274268+00:00,134335100202742682,4452,xcopy.exe,File_System,IRP_MJ_CLOSE,C:\WindSyst\Res.exe,0x00000000,{}
120800,2026-09-10T10:33:40.275188+00:00,134335100202751886,4452,xcopy.exe,File_System,CreateFile,C:\WindSyst\Res.exe,0x00000000,"{""Desired Access"": ""Generic Read/Write, Delete, Write DAC"", ""Disposition"": ""OpenIf"", ""Options"": ""Sequential Access, Synchronous IO Non-Alert, Non-Directory File"", ""Attributes"": ""A"", ""ShareMode"": ""None"", ""AllocationSize"": 25088, ""OpenResult"": ""Opened""}"
120802,2026-09-10T10:33:40.275514+00:00,134335100202755147,4452,xcopy.exe,File_System,QueryAttributeInformationVolume,C:\WindSyst\Res.exe,0x00000000,{}
120803,2026-09-10T10:33:40.275637+00:00,134335100202756372,4452,xcopy.exe,File_System,QueryBasicInformationFile,C:\WindSyst\Res.exe,0x00000000,"{""CreationTime"": 134335100202749078, ""LastAccessTime"": 134335100202749078, ""LastWriteTime"": 134335100202749078, ""ChangeTime"": 134335100202749078, ""FileAttributes"": ""A""}"
120860,2026-09-10T10:33:40.298629+00:00,134335100202986291,4452,xcopy.exe,File_System,SetEndOfFileInformationFile,C:\WindSyst\Res.exe,0x00000000,{}
120877,2026-09-10T10:33:40.302037+00:00,134335100203020377,4452,xcopy.exe,File_System,WriteFile,C:\WindSyst\Res.exe,0x00000000,"{""Offset"": 0, ""Length"": 25088, ""Priority"": ""Normal""}"
120882,2026-09-10T10:33:40.302919+00:00,134335100203029192,4452,xcopy.exe,File_System,SetBasicInformationFile,C:\WindSyst\Res.exe,0x00000000,{}
120885,2026-09-10T10:33:40.303294+00:00,134335100203032941,4452,xcopy.exe,File_System,QueryRemoteProtocolInformation,C:\WindSyst\Res.exe,0xc000000d,{}
120887,2026-09-10T10:33:40.303547+00:00,134335100203035471,4452,xcopy.exe,File_System,CloseFile,C:\WindSyst\Res.exe,0x00000000,{}
121038,2026-09-10T10:33:40.317120+00:00,134335100203171204,4452,xcopy.exe,File_System,QueryOpen,C:\WindSyst\Res.exe,0xc01c0004,{}
121044,2026-09-10T10:33:40.317889+00:00,134335100203178896,4452,xcopy.exe,File_System,CreateFile,C:\WindSyst\Res.exe,0x00000000,"{""Desired Access"": ""Read Attributes"", ""Disposition"": ""Open"", ""Options"": ""Open Reparse Point"", ""Attributes"": ""n/a"", ""ShareMode"": ""Read, Write, Delete"", ""AllocationSize"": ""n/a"", ""OpenResult"": ""Opened""}"
121045,2026-09-10T10:33:40.318047+00:00,134335100203180470,4452,xcopy.exe,File_System,QueryBasicInformationFile,C:\WindSyst\Res.exe,0x00000000,"{""CreationTime"": 134335100202749078, ""LastAccessTime"": 134335100203035857, ""LastWriteTime"": 133056491980000000, ""ChangeTime"": 134335096110280552, ""FileAttributes"": ""A""}"
121046,2026-09-10T10:33:40.318116+00:00,134335100203181164,4452,xcopy.exe,File_System,CloseFile,C:\WindSyst\Res.exe,0x00000000,{}
121047,2026-09-10T10:33:40.318213+00:00,134335100203182134,4452,xcopy.exe,File_System,IRP_MJ_CLOSE,C:\WindSyst\Res.exe,0x00000000,{}
121049,2026-09-10T10:33:40.319072+00:00,134335100203190724,4452,xcopy.exe,File_System,CreateFile,C:\WindSyst\Res.exe,0x00000000,"{""Desired Access"": ""Write Attributes"", ""Disposition"": ""Open"", ""Options"": """", ""Attributes"": ""n/a"", ""ShareMode"": ""Read, Write, Delete"", ""AllocationSize"": ""n/a"", ""OpenResult"": ""Opened""}"
121051,2026-09-10T10:33:40.319395+00:00,134335100203193953,4452,xcopy.exe,File_System,SetBasicInformationFile,C:\WindSyst\Res.exe,0x00000000,{}
121052,2026-09-10T10:33:40.319515+00:00,134335100203195151,4452,xcopy.exe,File_System,CloseFile,C:\WindSyst\Res.exe,0x00000000,{}
121054,2026-09-10T10:33:40.319602+00:00,134335100203196029,4452,xcopy.exe,File_System,IRP_MJ_CLOSE,C:\WindSyst\Res.exe,0x00000000,{}
121058,2026-09-10T10:33:40.320509+00:00,134335100203205092,4452,xcopy.exe,File_System,CreateFile,C:\WindSyst,0x00000000,"{""Desired Access"": ""Read Data/List Directory, Synchronize"", ""Disposition"": ""Open"", ""Options"": ""Directory, Synchronous IO Non-Alert"", ""Attributes"": ""n/a"", ""ShareMode"": ""Read, Write, Delete"", ""AllocationSize"": ""n/a"", ""OpenResult"": ""Opened""}"
121059,2026-09-10T10:33:40.320716+00:00,134335100203207168,4452,xcopy.exe,File_System,QueryDirectory,C:\WindSyst\Res.exe,0x00000000,"{""Filter"": ""Res.exe"", ""FileInformationClass"": ""FileBothDirectoryInformation"", ""2"": ""Res.exe""}"
121062,2026-09-10T10:33:40.321028+00:00,134335100203210283,4452,xcopy.exe,File_System,CloseFile,C:\WindSyst,0x00000000,{}
121064,2026-09-10T10:33:40.321128+00:00,134335100203211281,4452,xcopy.exe,File_System,IRP_MJ_CLOSE,C:\WindSyst,0x00000000,{}
121068,2026-09-10T10:33:40.321949+00:00,134335100203219494,4452,xcopy.exe,File_System,CreateFile,C:\WindSyst\Res.exe,0x00000000,"{""Desired Access"": ""Write Attributes"", ""Disposition"": ""Open"", ""Options"": """", ""Attributes"": ""n/a"", ""ShareMode"": ""Read, Write, Delete"", ""AllocationSize"": ""n/a"", ""OpenResult"": ""Opened""}"
121069,2026-09-10T10:33:40.322242+00:00,134335100203222420,4452,xcopy.exe,File_System,SetBasicInformationFile,C:\WindSyst\Res.exe,0x00000000,{}
121070,2026-09-10T10:33:40.322370+00:00,134335100203223704,4452,xcopy.exe,File_System,CloseFile,C:\WindSyst\Res.exe,0x00000000,{}
121071,2026-09-10T10:33:40.322461+00:00,134335100203224616,4452,xcopy.exe,File_System,IRP_MJ_CLOSE,C:\WindSyst\Res.exe,0x00000000,{}
121162,2026-09-10T10:33:40.349572+00:00,134335100203495724,4452,xcopy.exe,Process,Process_Exit,,0x00000000,"{""Exit Status"": 0, ""User Time"": 312500, ""Kernel Time"": 1562500, ""Private Bytes"": 1306624, ""Peak Private Bytes"": 1306624, ""Working Set"": 4849664, ""Peak Working Set"": 4853760}"
121221,2026-09-10T10:33:40.365683+00:00,134335100203656838,3104,cmd.exe,Process,Process_Exit,,0x00000000,"{""Exit Status"": 0, ""User Time"": 468750, ""Kernel Time"": 1250000, ""Private Bytes"": 4575232, ""Peak Private Bytes"": 4837376, ""Working Set"": 4890624, ""Peak Working Set"": 5005312}"
121357,2026-09-10T10:33:40.401301+00:00,134335100204013013,6064,Res.exe,Process,Process_Create,C:\Windows\SysWOW64\cmd.exe,0x00000000,"{""PID"": 4752, ""Command line"": ""C:\\Windows\\system32\\cmd.exe /c XCOPY Env.exe c:\\WindSyst /S""}"
121358,2026-09-10T10:33:40.401345+00:00,134335100204013456,4752,cmd.exe,Process,Process_Start,,0x00000000,"{""Parent PID"": 6064, ""Command line"": ""C:\\Windows\\system32\\cmd.exe /c XCOPY Env.exe c:\\WindSyst /S"", ""Current directory"": ""C:\\lab\\sample\\virus\\""}"
122387,2026-09-10T10:33:40.664103+00:00,134335100206641039,4752,cmd.exe,Process,Process_Create,C:\Windows\SysWOW64\xcopy.exe,0x00000000,"{""PID"": 5548, ""Command line"": ""XCOPY  Env.exe c:\\WindSyst /S""}"
122388,2026-09-10T10:33:40.664161+00:00,134335100206641611,5548,xcopy.exe,Process,Process_Start,,0x00000000,"{""Parent PID"": 4752, ""Command line"": ""XCOPY  Env.exe c:\\WindSyst /S"", ""Current directory"": ""C:\\lab\\sample\\virus\\""}"
123275,2026-09-10T10:33:40.881753+00:00,134335100208817531,5548,xcopy.exe,File_System,QueryDirectory,C:\WindSyst,0x00000000,"{""Filter"": ""WindSyst"", ""FileInformationClass"": ""FileBothDirectoryInformation"", ""2"": ""WindSyst""}"
123280,2026-09-10T10:33:40.882373+00:00,134335100208823737,5548,xcopy.exe,File_System,QueryDirectory,C:\WindSyst,0x00000000,"{""Filter"": ""WindSyst"", ""FileInformationClass"": ""FileBothDirectoryInformation"", ""2"": ""WindSyst""}"
123295,2026-09-10T10:33:40.884773+00:00,134335100208847731,5548,xcopy.exe,File_System,QueryDirectory,C:\WindSyst,0x00000000,"{""Filter"": ""WindSyst"", ""FileInformationClass"": ""FileBothDirectoryInformation"", ""2"": ""WindSyst""}"
123298,2026-09-10T10:33:40.885737+00:00,134335100208857378,5548,xcopy.exe,File_System,CreateFile,C:\WindSyst,0x00000000,"{""Desired Access"": ""Write Attributes"", ""Disposition"": ""Open"", ""Options"": """", ""Attributes"": ""n/a"", ""ShareMode"": ""Read, Write, Delete"", ""AllocationSize"": ""n/a"", ""OpenResult"": ""Opened""}"
123300,2026-09-10T10:33:40.886150+00:00,134335100208861500,5548,xcopy.exe,File_System,SetBasicInformationFile,C:\WindSyst,0x00000000,{}
123301,2026-09-10T10:33:40.886266+00:00,134335100208862661,5548,xcopy.exe,File_System,CloseFile,C:\WindSyst,0x00000000,{}
123302,2026-09-10T10:33:40.886351+00:00,134335100208863512,5548,xcopy.exe,File_System,IRP_MJ_CLOSE,C:\WindSyst,0x00000000,{}
123317,2026-09-10T10:33:40.888624+00:00,134335100208886245,5548,xcopy.exe,File_System,CreateFile,C:\WindSyst,0x00000000,"{""Desired Access"": ""Read Data/List Directory, Synchronize"", ""Disposition"": ""Open"", ""Options"": ""Directory, Synchronous IO Non-Alert"", ""Attributes"": ""n/a"", ""ShareMode"": ""Read, Write, Delete"", ""AllocationSize"": ""n/a"", ""OpenResult"": ""Opened""}"
123318,2026-09-10T10:33:40.888826+00:00,134335100208888268,5548,xcopy.exe,File_System,QueryDirectory,C:\WindSyst\Env.exe,0xc000000f,"{""Filter"": ""Env.exe"", ""FileInformationClass"": ""FileBothDirectoryInformation""}"
123320,2026-09-10T10:33:40.888987+00:00,134335100208889872,5548,xcopy.exe,File_System,CloseFile,C:\WindSyst,0x00000000,{}
123321,2026-09-10T10:33:40.889080+00:00,134335100208890805,5548,xcopy.exe,File_System,IRP_MJ_CLOSE,C:\WindSyst,0x00000000,{}
123356,2026-09-10T10:33:40.898079+00:00,134335100208980790,5548,xcopy.exe,File_System,CreateFile,C:\WindSyst\Env.exe,0x00000000,"{""Desired Access"": ""Generic Read/Write, Delete, Write DAC"", ""Disposition"": ""OverwriteIf"", ""Options"": ""Sequential Access, Non-Directory File"", ""Attributes"": ""A"", ""ShareMode"": ""None"", ""AllocationSize"": 53248, ""OpenResult"": ""Created""}"
123369,2026-09-10T10:33:40.900144+00:00,134335100209001448,5548,xcopy.exe,File_System,CloseFile,C:\WindSyst\Env.exe,0x00000000,{}
123371,2026-09-10T10:33:40.900555+00:00,134335100209005559,5548,xcopy.exe,File_System,IRP_MJ_CLOSE,C:\WindSyst\Env.exe,0x00000000,{}
123373,2026-09-10T10:33:40.901466+00:00,134335100209014668,5548,xcopy.exe,File_System,CreateFile,C:\WindSyst\Env.exe,0x00000000,"{""Desired Access"": ""Generic Read/Write, Delete, Write DAC"", ""Disposition"": ""OpenIf"", ""Options"": ""Sequential Access, Synchronous IO Non-Alert, Non-Directory File"", ""Attributes"": ""A"", ""ShareMode"": ""None"", ""AllocationSize"": 53248, ""OpenResult"": ""Opened""}"
123375,2026-09-10T10:33:40.901761+00:00,134335100209017611,5548,xcopy.exe,File_System,QueryAttributeInformationVolume,C:\WindSyst\Env.exe,0x00000000,{}
123376,2026-09-10T10:33:40.901859+00:00,134335100209018590,5548,xcopy.exe,File_System,QueryBasicInformationFile,C:\WindSyst\Env.exe,0x00000000,"{""CreationTime"": 134335100208976074, ""LastAccessTime"": 134335100208976074, ""LastWriteTime"": 134335100208976074, ""ChangeTime"": 134335100208976074, ""FileAttributes"": ""A""}"
123453,2026-09-10T10:33:40.921261+00:00,134335100209212619,5548,xcopy.exe,File_System,SetEndOfFileInformationFile,C:\WindSyst\Env.exe,0x00000000,{}
123465,2026-09-10T10:33:40.923890+00:00,134335100209238901,5548,xcopy.exe,File_System,WriteFile,C:\WindSyst\Env.exe,0x00000000,"{""Offset"": 0, ""Length"": 53248, ""Priority"": ""Normal""}"
123467,2026-09-10T10:33:40.924733+00:00,134335100209247336,5548,xcopy.exe,File_System,SetBasicInformationFile,C:\WindSyst\Env.exe,0x00000000,{}
123468,2026-09-10T10:33:40.925061+00:00,134335100209250610,5548,xcopy.exe,File_System,QueryRemoteProtocolInformation,C:\WindSyst\Env.exe,0xc000000d,{}
123471,2026-09-10T10:33:40.925419+00:00,134335100209254190,5548,xcopy.exe,File_System,CloseFile,C:\WindSyst\Env.exe,0x00000000,{}
123490,2026-09-10T10:33:40.931782+00:00,134335100209317823,5548,xcopy.exe,File_System,QueryOpen,C:\WindSyst\Env.exe,0xc01c0004,{}
123493,2026-09-10T10:33:40.932518+00:00,134335100209325188,5548,xcopy.exe,File_System,CreateFile,C:\WindSyst\Env.exe,0x00000000,"{""Desired Access"": ""Read Attributes"", ""Disposition"": ""Open"", ""Options"": ""Open Reparse Point"", ""Attributes"": ""n/a"", ""ShareMode"": ""Read, Write, Delete"", ""AllocationSize"": ""n/a"", ""OpenResult"": ""Opened""}"
123494,2026-09-10T10:33:40.932679+00:00,134335100209326797,5548,xcopy.exe,File_System,QueryBasicInformationFile,C:\WindSyst\Env.exe,0x00000000,"{""CreationTime"": 134335100208976074, ""LastAccessTime"": 134335100209161475, ""LastWriteTime"": 133048999140000000, ""ChangeTime"": 134335096071247652, ""FileAttributes"": ""A""}"
123495,2026-09-10T10:33:40.932753+00:00,134335100209327534,5548,xcopy.exe,File_System,CloseFile,C:\WindSyst\Env.exe,0x00000000,{}
123496,2026-09-10T10:33:40.932861+00:00,134335100209328614,5548,xcopy.exe,File_System,IRP_MJ_CLOSE,C:\WindSyst\Env.exe,0x00000000,{}
123499,2026-09-10T10:33:40.933769+00:00,134335100209337695,5548,xcopy.exe,File_System,CreateFile,C:\WindSyst\Env.exe,0x00000000,"{""Desired Access"": ""Write Attributes"", ""Disposition"": ""Open"", ""Options"": """", ""Attributes"": ""n/a"", ""ShareMode"": ""Read, Write, Delete"", ""AllocationSize"": ""n/a"", ""OpenResult"": ""Opened""}"
123500,2026-09-10T10:33:40.934120+00:00,134335100209341204,5548,xcopy.exe,File_System,SetBasicInformationFile,C:\WindSyst\Env.exe,0x00000000,{}
123501,2026-09-10T10:33:40.934240+00:00,134335100209342400,5548,xcopy.exe,File_System,CloseFile,C:\WindSyst\Env.exe,0x00000000,{}
123502,2026-09-10T10:33:40.934336+00:00,134335100209343360,5548,xcopy.exe,File_System,IRP_MJ_CLOSE,C:\WindSyst\Env.exe,0x00000000,{}
123505,2026-09-10T10:33:40.935337+00:00,134335100209353373,5548,xcopy.exe,File_System,CreateFile,C:\WindSyst,0x00000000,"{""Desired Access"": ""Read Data/List Directory, Synchronize"", ""Disposition"": ""Open"", ""Options"": ""Directory, Synchronous IO Non-Alert"", ""Attributes"": ""n/a"", ""ShareMode"": ""Read, Write, Delete"", ""AllocationSize"": ""n/a"", ""OpenResult"": ""Opened""}"
123507,2026-09-10T10:33:40.935659+00:00,134335100209356594,5548,xcopy.exe,File_System,QueryDirectory,C:\WindSyst\Env.exe,0x00000000,"{""Filter"": ""Env.exe"", ""FileInformationClass"": ""FileBothDirectoryInformation"", ""2"": ""Env.exe""}"
123508,2026-09-10T10:33:40.935922+00:00,134335100209359229,5548,xcopy.exe,File_System,CloseFile,C:\WindSyst,0x00000000,{}
123509,2026-09-10T10:33:40.936044+00:00,134335100209360444,5548,xcopy.exe,File_System,IRP_MJ_CLOSE,C:\WindSyst,0x00000000,{}
123511,2026-09-10T10:33:40.937015+00:00,134335100209370156,5548,xcopy.exe,File_System,CreateFile,C:\WindSyst\Env.exe,0x00000000,"{""Desired Access"": ""Write Attributes"", ""Disposition"": ""Open"", ""Options"": """", ""Attributes"": ""n/a"", ""ShareMode"": ""Read, Write, Delete"", ""AllocationSize"": ""n/a"", ""OpenResult"": ""Opened""}"
123514,2026-09-10T10:33:40.937428+00:00,134335100209374281,5548,xcopy.exe,File_System,SetBasicInformationFile,C:\WindSyst\Env.exe,0x00000000,{}
123517,2026-09-10T10:33:40.937543+00:00,134335100209375436,5548,xcopy.exe,File_System,CloseFile,C:\WindSyst\Env.exe,0x00000000,{}
123518,2026-09-10T10:33:40.937640+00:00,134335100209376407,5548,xcopy.exe,File_System,IRP_MJ_CLOSE,C:\WindSyst\Env.exe,0x00000000,{}
123640,2026-09-10T10:33:40.971085+00:00,134335100209710853,5548,xcopy.exe,Process,Process_Exit,,0x00000000,"{""Exit Status"": 0, ""User Time"": 468750, ""Kernel Time"": 1406250, ""Private Bytes"": 1323008, ""Peak Private Bytes"": 1323008, ""Working Set"": 4878336, ""Peak Working Set"": 4882432}"
123712,2026-09-10T10:33:41.001027+00:00,134335100210010279,4752,cmd.exe,Process,Process_Exit,,0x00000000,"{""Exit Status"": 0, ""User Time"": 0, ""Kernel Time"": 1406250, ""Private Bytes"": 4567040, ""Peak Private Bytes"": 4829184, ""Working Set"": 4890624, ""Peak Working Set"": 5005312}"
123846,2026-09-10T10:33:41.035625+00:00,134335100210356254,6064,Res.exe,Process,Process_Create,C:\Windows\SysWOW64\cmd.exe,0x00000000,"{""PID"": 1324, ""Command line"": ""C:\\Windows\\system32\\cmd.exe /c XCOPY Qt5Widgets.dll c:\\WindSyst /S""}"
123847,2026-09-10T10:33:41.035671+00:00,134335100210356712,1324,cmd.exe,Process,Process_Start,,0x00000000,"{""Parent PID"": 6064, ""Command line"": ""C:\\Windows\\system32\\cmd.exe /c XCOPY Qt5Widgets.dll c:\\WindSyst /S"", ""Current directory"": ""C:\\lab\\sample\\virus\\""}"
124952,2026-09-10T10:33:41.307128+00:00,134335100213071287,1324,cmd.exe,Process,Process_Create,C:\Windows\SysWOW64\xcopy.exe,0x00000000,"{""PID"": 4784, ""Command line"": ""XCOPY  Qt5Widgets.dll c:\\WindSyst /S""}"
124954,2026-09-10T10:33:41.307177+00:00,134335100213071772,4784,xcopy.exe,Process,Process_Start,,0x00000000,"{""Parent PID"": 1324, ""Command line"": ""XCOPY  Qt5Widgets.dll c:\\WindSyst /S"", ""Current directory"": ""C:\\lab\\sample\\virus\\""}"
126024,2026-09-10T10:33:41.542415+00:00,134335100215424151,4784,xcopy.exe,File_System,QueryDirectory,C:\WindSyst,0x00000000,"{""Filter"": ""WindSyst"", ""FileInformationClass"": ""FileBothDirectoryInformation"", ""2"": ""WindSyst""}"
126029,2026-09-10T10:33:41.542995+00:00,134335100215429957,4784,xcopy.exe,File_System,QueryDirectory,C:\WindSyst,0x00000000,"{""Filter"": ""WindSyst"", ""FileInformationClass"": ""FileBothDirectoryInformation"", ""2"": ""WindSyst""}"
126044,2026-09-10T10:33:41.545076+00:00,134335100215450766,4784,xcopy.exe,File_System,QueryDirectory,C:\WindSyst,0x00000000,"{""Filter"": ""WindSyst"", ""FileInformationClass"": ""FileBothDirectoryInformation"", ""2"": ""WindSyst""}"
126047,2026-09-10T10:33:41.546025+00:00,134335100215460256,4784,xcopy.exe,File_System,CreateFile,C:\WindSyst,0x00000000,"{""Desired Access"": ""Write Attributes"", ""Disposition"": ""Open"", ""Options"": """", ""Attributes"": ""n/a"", ""ShareMode"": ""Read, Write, Delete"", ""AllocationSize"": ""n/a"", ""OpenResult"": ""Opened""}"
126049,2026-09-10T10:33:41.546427+00:00,134335100215464279,4784,xcopy.exe,File_System,SetBasicInformationFile,C:\WindSyst,0x00000000,{}
126050,2026-09-10T10:33:41.546541+00:00,134335100215465410,4784,xcopy.exe,File_System,CloseFile,C:\WindSyst,0x00000000,{}
126051,2026-09-10T10:33:41.546622+00:00,134335100215466221,4784,xcopy.exe,File_System,IRP_MJ_CLOSE,C:\WindSyst,0x00000000,{}
126067,2026-09-10T10:33:41.549067+00:00,134335100215490675,4784,xcopy.exe,File_System,CreateFile,C:\WindSyst,0x00000000,"{""Desired Access"": ""Read Data/List Directory, Synchronize"", ""Disposition"": ""Open"", ""Options"": ""Directory, Synchronous IO Non-Alert"", ""Attributes"": ""n/a"", ""ShareMode"": ""Read, Write, Delete"", ""AllocationSize"": ""n/a"", ""OpenResult"": ""Opened""}"
126068,2026-09-10T10:33:41.549265+00:00,134335100215492656,4784,xcopy.exe,File_System,QueryDirectory,C:\WindSyst\Qt5Widgets.dll,0xc000000f,"{""Filter"": ""Qt5Widgets.dll"", ""FileInformationClass"": ""FileBothDirectoryInformation""}"
126069,2026-09-10T10:33:41.549400+00:00,134335100215494005,4784,xcopy.exe,File_System,CloseFile,C:\WindSyst,0x00000000,{}
126070,2026-09-10T10:33:41.549482+00:00,134335100215494822,4784,xcopy.exe,File_System,IRP_MJ_CLOSE,C:\WindSyst,0x00000000,{}
126104,2026-09-10T10:33:41.559595+00:00,134335100215595951,4784,xcopy.exe,File_System,CreateFile,C:\WindSyst\Qt5Widgets.dll,0x00000000,"{""Desired Access"": ""Generic Read/Write, Delete, Write DAC"", ""Disposition"": ""OverwriteIf"", ""Options"": ""Sequential Access, Non-Directory File"", ""Attributes"": ""A"", ""ShareMode"": ""None"", ""AllocationSize"": 6355456, ""OpenResult"": ""Created""}"
126119,2026-09-10T10:33:41.580991+00:00,134335100215809918,4784,xcopy.exe,File_System,CloseFile,C:\WindSyst\Qt5Widgets.dll,0x00000000,{}
126120,2026-09-10T10:33:41.581965+00:00,134335100215819651,4784,xcopy.exe,File_System,IRP_MJ_CLOSE,C:\WindSyst\Qt5Widgets.dll,0x00000000,{}
126124,2026-09-10T10:33:41.589222+00:00,134335100215892225,4784,xcopy.exe,File_System,CreateFile,C:\WindSyst\Qt5Widgets.dll,0x00000000,"{""Desired Access"": ""Generic Read/Write, Delete, Write DAC"", ""Disposition"": ""OpenIf"", ""Options"": ""Sequential Access, Synchronous IO Non-Alert, Non-Directory File"", ""Attributes"": ""A"", ""ShareMode"": ""None"", ""AllocationSize"": 6355456, ""OpenResult"": ""Opened""}"
126127,2026-09-10T10:33:41.593439+00:00,134335100215934393,4784,xcopy.exe,File_System,QueryAttributeInformationVolume,C:\WindSyst\Qt5Widgets.dll,0x00000000,{}
126128,2026-09-10T10:33:41.593613+00:00,134335100215936134,4784,xcopy.exe,File_System,QueryBasicInformationFile,C:\WindSyst\Qt5Widgets.dll,0x00000000,"{""CreationTime"": 134335100215562466, ""LastAccessTime"": 134335100215562466, ""LastWriteTime"": 134335100215562466, ""ChangeTime"": 134335100215562466, ""FileAttributes"": ""A""}"
126203,2026-09-10T10:33:41.624140+00:00,134335100216241407,4784,xcopy.exe,File_System,SetEndOfFileInformationFile,C:\WindSyst\Qt5Widgets.dll,0x00000000,{}
126235,2026-09-10T10:33:41.633476+00:00,134335100216334765,4784,xcopy.exe,File_System,WriteFile,C:\WindSyst\Qt5Widgets.dll,0x00000000,"{""Offset"": 0, ""Length"": 524288, ""Priority"": ""Normal""}"
126249,2026-09-10T10:33:41.638663+00:00,134335100216386630,4784,xcopy.exe,File_System,WriteFile,C:\WindSyst\Qt5Widgets.dll,0x00000000,"{""Offset"": 524288, ""Length"": 524288}"
126291,2026-09-10T10:33:41.655601+00:00,134335100216556015,4784,xcopy.exe,File_System,WriteFile,C:\WindSyst\Qt5Widgets.dll,0x00000000,"{""Offset"": 1048576, ""Length"": 524288}"
126298,2026-09-10T10:33:41.658420+00:00,134335100216584209,4784,xcopy.exe,File_System,WriteFile,C:\WindSyst\Qt5Widgets.dll,0x00000000,"{""Offset"": 1572864, ""Length"": 524288}"
126307,2026-09-10T10:33:41.662054+00:00,134335100216620541,4784,xcopy.exe,File_System,WriteFile,C:\WindSyst\Qt5Widgets.dll,0x00000000,"{""Offset"": 2097152, ""Length"": 524288}"
126314,2026-09-10T10:33:41.664344+00:00,134335100216643447,4784,xcopy.exe,File_System,WriteFile,C:\WindSyst\Qt5Widgets.dll,0x00000000,"{""Offset"": 2621440, ""Length"": 524288}"
126323,2026-09-10T10:33:41.666745+00:00,134335100216667459,4784,xcopy.exe,File_System,WriteFile,C:\WindSyst\Qt5Widgets.dll,0x00000000,"{""Offset"": 3145728, ""Length"": 524288}"
126327,2026-09-10T10:33:41.668466+00:00,134335100216684668,4784,xcopy.exe,File_System,WriteFile,C:\WindSyst\Qt5Widgets.dll,0x00000000,"{""Offset"": 3670016, ""Length"": 524288}"
126337,2026-09-10T10:33:41.670372+00:00,134335100216703724,4784,xcopy.exe,File_System,WriteFile,C:\WindSyst\Qt5Widgets.dll,0x00000000,"{""Offset"": 4194304, ""Length"": 524288}"
126341,2026-09-10T10:33:41.672194+00:00,134335100216721941,4784,xcopy.exe,File_System,WriteFile,C:\WindSyst\Qt5Widgets.dll,0x00000000,"{""Offset"": 4718592, ""Length"": 524288}"
126348,2026-09-10T10:33:41.674249+00:00,134335100216742491,4784,xcopy.exe,File_System,WriteFile,C:\WindSyst\Qt5Widgets.dll,0x00000000,"{""Offset"": 5242880, ""Length"": 524288}"
126357,2026-09-10T10:33:41.675966+00:00,134335100216759661,4784,xcopy.exe,File_System,WriteFile,C:\WindSyst\Qt5Widgets.dll,0x00000000,"{""Offset"": 5767168, ""Length"": 524288}"
126360,2026-09-10T10:33:41.678090+00:00,134335100216780905,4784,xcopy.exe,File_System,WriteFile,C:\WindSyst\Qt5Widgets.dll,0x00000000,"{""Offset"": 6291456, ""Length"": 64000}"
126361,2026-09-10T10:33:41.678932+00:00,134335100216789322,4784,xcopy.exe,File_System,SetBasicInformationFile,C:\WindSyst\Qt5Widgets.dll,0x00000000,{}
126363,2026-09-10T10:33:41.679592+00:00,134335100216795921,4784,xcopy.exe,File_System,QueryRemoteProtocolInformation,C:\WindSyst\Qt5Widgets.dll,0xc000000d,{}
126365,2026-09-10T10:33:41.679854+00:00,134335100216798548,4784,xcopy.exe,File_System,CloseFile,C:\WindSyst\Qt5Widgets.dll,0x00000000,{}
126384,2026-09-10T10:33:41.686252+00:00,134335100216862520,4784,xcopy.exe,File_System,QueryOpen,C:\WindSyst\Qt5Widgets.dll,0xc01c0004,{}
126390,2026-09-10T10:33:41.687134+00:00,134335100216871340,4784,xcopy.exe,File_System,CreateFile,C:\WindSyst\Qt5Widgets.dll,0x00000000,"{""Desired Access"": ""Read Attributes"", ""Disposition"": ""Open"", ""Options"": ""Open Reparse Point"", ""Attributes"": ""n/a"", ""ShareMode"": ""Read, Write, Delete"", ""AllocationSize"": ""n/a"", ""OpenResult"": ""Opened""}"
126391,2026-09-10T10:33:41.687305+00:00,134335100216873056,4784,xcopy.exe,File_System,QueryBasicInformationFile,C:\WindSyst\Qt5Widgets.dll,0x00000000,"{""CreationTime"": 134335100215562466, ""LastAccessTime"": 134335100216812100, ""LastWriteTime"": 133049000020000000, ""ChangeTime"": 134335096107322820, ""FileAttributes"": ""A""}"
126392,2026-09-10T10:33:41.687377+00:00,134335100216873771,4784,xcopy.exe,File_System,CloseFile,C:\WindSyst\Qt5Widgets.dll,0x00000000,{}
126393,2026-09-10T10:33:41.687477+00:00,134335100216874778,4784,xcopy.exe,File_System,IRP_MJ_CLOSE,C:\WindSyst\Qt5Widgets.dll,0x00000000,{}
126394,2026-09-10T10:33:41.688775+00:00,134335100216887759,4784,xcopy.exe,File_System,CreateFile,C:\WindSyst\Qt5Widgets.dll,0x00000000,"{""Desired Access"": ""Write Attributes"", ""Disposition"": ""Open"", ""Options"": """", ""Attributes"": ""n/a"", ""ShareMode"": ""Read, Write, Delete"", ""AllocationSize"": ""n/a"", ""OpenResult"": ""Opened""}"
126395,2026-09-10T10:33:41.689154+00:00,134335100216891546,4784,xcopy.exe,File_System,SetBasicInformationFile,C:\WindSyst\Qt5Widgets.dll,0x00000000,{}
126409,2026-09-10T10:33:41.692913+00:00,134335100216929138,4784,xcopy.exe,File_System,CloseFile,C:\WindSyst\Qt5Widgets.dll,0x00000000,{}
126412,2026-09-10T10:33:41.693053+00:00,134335100216930531,4784,xcopy.exe,File_System,IRP_MJ_CLOSE,C:\WindSyst\Qt5Widgets.dll,0x00000000,{}
126444,2026-09-10T10:33:41.703045+00:00,134335100217030458,4784,xcopy.exe,File_System,CreateFile,C:\WindSyst,0x00000000,"{""Desired Access"": ""Read Data/List Directory, Synchronize"", ""Disposition"": ""Open"", ""Options"": ""Directory, Synchronous IO Non-Alert"", ""Attributes"": ""n/a"", ""ShareMode"": ""Read, Write, Delete"", ""AllocationSize"": ""n/a"", ""OpenResult"": ""Opened""}"
126449,2026-09-10T10:33:41.703613+00:00,134335100217036138,4784,xcopy.exe,File_System,QueryDirectory,C:\WindSyst\Qt5Widgets.dll,0x00000000,"{""Filter"": ""Qt5Widgets.dll"", ""FileInformationClass"": ""FileBothDirectoryInformation"", ""2"": ""Qt5Widgets.dll""}"
126450,2026-09-10T10:33:41.703900+00:00,134335100217039006,4784,xcopy.exe,File_System,CloseFile,C:\WindSyst,0x00000000,{}
126451,2026-09-10T10:33:41.704015+00:00,134335100217040154,4784,xcopy.exe,File_System,IRP_MJ_CLOSE,C:\WindSyst,0x00000000,{}
126454,2026-09-10T10:33:41.704891+00:00,134335100217048910,4784,xcopy.exe,File_System,CreateFile,C:\WindSyst\Qt5Widgets.dll,0x00000000,"{""Desired Access"": ""Write Attributes"", ""Disposition"": ""Open"", ""Options"": """", ""Attributes"": ""n/a"", ""ShareMode"": ""Read, Write, Delete"", ""AllocationSize"": ""n/a"", ""OpenResult"": ""Opened""}"
126458,2026-09-10T10:33:41.705224+00:00,134335100217052249,4784,xcopy.exe,File_System,SetBasicInformationFile,C:\WindSyst\Qt5Widgets.dll,0x00000000,{}
126459,2026-09-10T10:33:41.705354+00:00,134335100217053541,4784,xcopy.exe,File_System,CloseFile,C:\WindSyst\Qt5Widgets.dll,0x00000000,{}
126461,2026-09-10T10:33:41.705448+00:00,134335100217054486,4784,xcopy.exe,File_System,IRP_MJ_CLOSE,C:\WindSyst\Qt5Widgets.dll,0x00000000,{}
126521,2026-09-10T10:33:41.728356+00:00,134335100217283566,4784,xcopy.exe,Process,Process_Exit,,0x00000000,"{""Exit Status"": 0, ""User Time"": 156250, ""Kernel Time"": 2343750, ""Private Bytes"": 1265664, ""Peak Private Bytes"": 1806336, ""Working Set"": 4837376, ""Peak Working Set"": 5275648}"
126576,2026-09-10T10:33:41.745820+00:00,134335100217458201,1324,cmd.exe,Process,Process_Exit,,0x00000000,"{""Exit Status"": 0, ""User Time"": 312500, ""Kernel Time"": 1093750, ""Private Bytes"": 4562944, ""Peak Private Bytes"": 4825088, ""Working Set"": 4775936, ""Peak Working Set"": 4890624}"
126764,2026-09-10T10:33:41.805913+00:00,134335100218059135,6064,Res.exe,Process,Process_Create,C:\Windows\SysWOW64\cmd.exe,0x00000000,"{""PID"": 1312, ""Command line"": ""C:\\Windows\\system32\\cmd.exe /c XCOPY Qt5Network.dll c:\\WindSyst /S""}"
126765,2026-09-10T10:33:41.805969+00:00,134335100218059690,1312,cmd.exe,Process,Process_Start,,0x00000000,"{""Parent PID"": 6064, ""Command line"": ""C:\\Windows\\system32\\cmd.exe /c XCOPY Qt5Network.dll c:\\WindSyst /S"", ""Current directory"": ""C:\\lab\\sample\\virus\\""}"
127593,2026-09-10T10:33:41.974493+00:00,134335100219744930,1312,cmd.exe,Process,Process_Create,C:\Windows\SysWOW64\xcopy.exe,0x00000000,"{""PID"": 5572, ""Command line"": ""XCOPY  Qt5Network.dll c:\\WindSyst /S""}"
127594,2026-09-10T10:33:41.974578+00:00,134335100219745781,5572,xcopy.exe,Process,Process_Start,,0x00000000,"{""Parent PID"": 1312, ""Command line"": ""XCOPY  Qt5Network.dll c:\\WindSyst /S"", ""Current directory"": ""C:\\lab\\sample\\virus\\""}"
128518,2026-09-10T10:33:42.188641+00:00,134335100221886419,5572,xcopy.exe,File_System,QueryDirectory,C:\WindSyst,0x00000000,"{""Filter"": ""WindSyst"", ""FileInformationClass"": ""FileBothDirectoryInformation"", ""2"": ""WindSyst""}"
128528,2026-09-10T10:33:42.189262+00:00,134335100221892621,5572,xcopy.exe,File_System,QueryDirectory,C:\WindSyst,0x00000000,"{""Filter"": ""WindSyst"", ""FileInformationClass"": ""FileBothDirectoryInformation"", ""2"": ""WindSyst""}"
128539,2026-09-10T10:33:42.191452+00:00,134335100221914523,5572,xcopy.exe,File_System,QueryDirectory,C:\WindSyst,0x00000000,"{""Filter"": ""WindSyst"", ""FileInformationClass"": ""FileBothDirectoryInformation"", ""2"": ""WindSyst""}"
128546,2026-09-10T10:33:42.192559+00:00,134335100221925599,5572,xcopy.exe,File_System,CreateFile,C:\WindSyst,0x00000000,"{""Desired Access"": ""Write Attributes"", ""Disposition"": ""Open"", ""Options"": """", ""Attributes"": ""n/a"", ""ShareMode"": ""Read, Write, Delete"", ""AllocationSize"": ""n/a"", ""OpenResult"": ""Opened""}"
128553,2026-09-10T10:33:42.193771+00:00,134335100221937716,5572,xcopy.exe,File_System,SetBasicInformationFile,C:\WindSyst,0x00000000,{}
128554,2026-09-10T10:33:42.193901+00:00,134335100221939019,5572,xcopy.exe,File_System,CloseFile,C:\WindSyst,0x00000000,{}
128555,2026-09-10T10:33:42.194009+00:00,134335100221940095,5572,xcopy.exe,File_System,IRP_MJ_CLOSE,C:\WindSyst,0x00000000,{}
128565,2026-09-10T10:33:42.196568+00:00,134335100221965683,5572,xcopy.exe,File_System,CreateFile,C:\WindSyst,0x00000000,"{""Desired Access"": ""Read Data/List Directory, Synchronize"", ""Disposition"": ""Open"", ""Options"": ""Directory, Synchronous IO Non-Alert"", ""Attributes"": ""n/a"", ""ShareMode"": ""Read, Write, Delete"", ""AllocationSize"": ""n/a"", ""OpenResult"": ""Opened""}"
128566,2026-09-10T10:33:42.196767+00:00,134335100221967673,5572,xcopy.exe,File_System,QueryDirectory,C:\WindSyst\Qt5Network.dll,0xc000000f,"{""Filter"": ""Qt5Network.dll"", ""FileInformationClass"": ""FileBothDirectoryInformation""}"
128569,2026-09-10T10:33:42.196911+00:00,134335100221969117,5572,xcopy.exe,File_System,CloseFile,C:\WindSyst,0x00000000,{}
128572,2026-09-10T10:33:42.197006+00:00,134335100221970064,5572,xcopy.exe,File_System,IRP_MJ_CLOSE,C:\WindSyst,0x00000000,{}
128611,2026-09-10T10:33:42.205534+00:00,134335100222055346,5572,xcopy.exe,File_System,CreateFile,C:\WindSyst\Qt5Network.dll,0x00000000,"{""Desired Access"": ""Generic Read/Write, Delete, Write DAC"", ""Disposition"": ""OverwriteIf"", ""Options"": ""Sequential Access, Non-Directory File"", ""Attributes"": ""A"", ""ShareMode"": ""None"", ""AllocationSize"": 1798144, ""OpenResult"": ""Created""}"
128619,2026-09-10T10:33:42.209912+00:00,134335100222099121,5572,xcopy.exe,File_System,CloseFile,C:\WindSyst\Qt5Network.dll,0x00000000,{}
128623,2026-09-10T10:33:42.210354+00:00,134335100222103548,5572,xcopy.exe,File_System,IRP_MJ_CLOSE,C:\WindSyst\Qt5Network.dll,0x00000000,{}
128624,2026-09-10T10:33:42.211225+00:00,134335100222112251,5572,xcopy.exe,File_System,CreateFile,C:\WindSyst\Qt5Network.dll,0x00000000,"{""Desired Access"": ""Generic Read/Write, Delete, Write DAC"", ""Disposition"": ""OpenIf"", ""Options"": ""Sequential Access, Synchronous IO Non-Alert, Non-Directory File"", ""Attributes"": ""A"", ""ShareMode"": ""None"", ""AllocationSize"": 1798144, ""OpenResult"": ""Opened""}"
128626,2026-09-10T10:33:42.211510+00:00,134335100222115109,5572,xcopy.exe,File_System,QueryAttributeInformationVolume,C:\WindSyst\Qt5Network.dll,0x00000000,{}
128627,2026-09-10T10:33:42.211599+00:00,134335100222115997,5572,xcopy.exe,File_System,QueryBasicInformationFile,C:\WindSyst\Qt5Network.dll,0x00000000,"{""CreationTime"": 134335100222124612, ""LastAccessTime"": 134335100222124612, ""LastWriteTime"": 134335100222124612, ""ChangeTime"": 134335100222124612, ""FileAttributes"": ""A""}"
128733,2026-09-10T10:33:42.244645+00:00,134335100222446453,5572,xcopy.exe,File_System,SetEndOfFileInformationFile,C:\WindSyst\Qt5Network.dll,0x00000000,{}
128748,2026-09-10T10:33:42.248283+00:00,134335100222482834,5572,xcopy.exe,File_System,WriteFile,C:\WindSyst\Qt5Network.dll,0x00000000,"{""Offset"": 0, ""Length"": 262144, ""Priority"": ""Normal""}"
128757,2026-09-10T10:33:42.249931+00:00,134335100222499314,5572,xcopy.exe,File_System,WriteFile,C:\WindSyst\Qt5Network.dll,0x00000000,"{""Offset"": 262144, ""Length"": 262144}"
128760,2026-09-10T10:33:42.250921+00:00,134335100222509214,5572,xcopy.exe,File_System,WriteFile,C:\WindSyst\Qt5Network.dll,0x00000000,"{""Offset"": 524288, ""Length"": 262144}"
128766,2026-09-10T10:33:42.251973+00:00,134335100222519733,5572,xcopy.exe,File_System,WriteFile,C:\WindSyst\Qt5Network.dll,0x00000000,"{""Offset"": 786432, ""Length"": 262144}"
128773,2026-09-10T10:33:42.253417+00:00,134335100222534171,5572,xcopy.exe,File_System,WriteFile,C:\WindSyst\Qt5Network.dll,0x00000000,"{""Offset"": 1048576, ""Length"": 262144}"
128779,2026-09-10T10:33:42.259073+00:00,134335100222590730,5572,xcopy.exe,File_System,WriteFile,C:\WindSyst\Qt5Network.dll,0x00000000,"{""Offset"": 1310720, ""Length"": 262144}"
128781,2026-09-10T10:33:42.260122+00:00,134335100222601228,5572,xcopy.exe,File_System,WriteFile,C:\WindSyst\Qt5Network.dll,0x00000000,"{""Offset"": 1572864, ""Length"": 225280}"
128782,2026-09-10T10:33:42.260634+00:00,134335100222606345,5572,xcopy.exe,File_System,SetBasicInformationFile,C:\WindSyst\Qt5Network.dll,0x00000000,{}
128783,2026-09-10T10:33:42.261166+00:00,134335100222611664,5572,xcopy.exe,File_System,QueryRemoteProtocolInformation,C:\WindSyst\Qt5Network.dll,0xc000000d,{}
128790,2026-09-10T10:33:42.264885+00:00,134335100222648857,5572,xcopy.exe,File_System,CloseFile,C:\WindSyst\Qt5Network.dll,0x00000000,{}
128800,2026-09-10T10:33:42.267876+00:00,134335100222678766,5572,xcopy.exe,File_System,QueryOpen,C:\WindSyst\Qt5Network.dll,0xc01c0004,{}
128802,2026-09-10T10:33:42.268597+00:00,134335100222685971,5572,xcopy.exe,File_System,CreateFile,C:\WindSyst\Qt5Network.dll,0x00000000,"{""Desired Access"": ""Read Attributes"", ""Disposition"": ""Open"", ""Options"": ""Open Reparse Point"", ""Attributes"": ""n/a"", ""ShareMode"": ""Read, Write, Delete"", ""AllocationSize"": ""n/a"", ""OpenResult"": ""Opened""}"
128803,2026-09-10T10:33:42.268757+00:00,134335100222687579,5572,xcopy.exe,File_System,QueryBasicInformationFile,C:\WindSyst\Qt5Network.dll,0x00000000,"{""CreationTime"": 134335100222124612, ""LastAccessTime"": 134335100222585872, ""LastWriteTime"": 133048999860000000, ""ChangeTime"": 134335096099684066, ""FileAttributes"": ""A""}"
128804,2026-09-10T10:33:42.268858+00:00,134335100222688580,5572,xcopy.exe,File_System,CloseFile,C:\WindSyst\Qt5Network.dll,0x00000000,{}
128806,2026-09-10T10:33:42.268969+00:00,134335100222689696,5572,xcopy.exe,File_System,IRP_MJ_CLOSE,C:\WindSyst\Qt5Network.dll,0x00000000,{}
128808,2026-09-10T10:33:42.269821+00:00,134335100222698214,5572,xcopy.exe,File_System,CreateFile,C:\WindSyst\Qt5Network.dll,0x00000000,"{""Desired Access"": ""Write Attributes"", ""Disposition"": ""Open"", ""Options"": """", ""Attributes"": ""n/a"", ""ShareMode"": ""Read, Write, Delete"", ""AllocationSize"": ""n/a"", ""OpenResult"": ""Opened""}"
128810,2026-09-10T10:33:42.270130+00:00,134335100222701307,5572,xcopy.exe,File_System,SetBasicInformationFile,C:\WindSyst\Qt5Network.dll,0x00000000,{}
128811,2026-09-10T10:33:42.270243+00:00,134335100222702438,5572,xcopy.exe,File_System,CloseFile,C:\WindSyst\Qt5Network.dll,0x00000000,{}
128813,2026-09-10T10:33:42.270333+00:00,134335100222703334,5572,xcopy.exe,File_System,IRP_MJ_CLOSE,C:\WindSyst\Qt5Network.dll,0x00000000,{}
128817,2026-09-10T10:33:42.272247+00:00,134335100222722471,5572,xcopy.exe,File_System,CreateFile,C:\WindSyst,0x00000000,"{""Desired Access"": ""Read Data/List Directory, Synchronize"", ""Disposition"": ""Open"", ""Options"": ""Directory, Synchronous IO Non-Alert"", ""Attributes"": ""n/a"", ""ShareMode"": ""Read, Write, Delete"", ""AllocationSize"": ""n/a"", ""OpenResult"": ""Opened""}"
128818,2026-09-10T10:33:42.272475+00:00,134335100222724755,5572,xcopy.exe,File_System,QueryDirectory,C:\WindSyst\Qt5Network.dll,0x00000000,"{""Filter"": ""Qt5Network.dll"", ""FileInformationClass"": ""FileBothDirectoryInformation"", ""2"": ""Qt5Network.dll""}"
128819,2026-09-10T10:33:42.272721+00:00,134335100222727215,5572,xcopy.exe,File_System,CloseFile,C:\WindSyst,0x00000000,{}
128821,2026-09-10T10:33:42.272816+00:00,134335100222728160,5572,xcopy.exe,File_System,IRP_MJ_CLOSE,C:\WindSyst,0x00000000,{}
128824,2026-09-10T10:33:42.273689+00:00,134335100222736896,5572,xcopy.exe,File_System,CreateFile,C:\WindSyst\Qt5Network.dll,0x00000000,"{""Desired Access"": ""Write Attributes"", ""Disposition"": ""Open"", ""Options"": """", ""Attributes"": ""n/a"", ""ShareMode"": ""Read, Write, Delete"", ""AllocationSize"": ""n/a"", ""OpenResult"": ""Opened""}"
128827,2026-09-10T10:33:42.273992+00:00,134335100222739924,5572,xcopy.exe,File_System,SetBasicInformationFile,C:\WindSyst\Qt5Network.dll,0x00000000,{}
128828,2026-09-10T10:33:42.274100+00:00,134335100222741000,5572,xcopy.exe,File_System,CloseFile,C:\WindSyst\Qt5Network.dll,0x00000000,{}
128829,2026-09-10T10:33:42.274191+00:00,134335100222741913,5572,xcopy.exe,File_System,IRP_MJ_CLOSE,C:\WindSyst\Qt5Network.dll,0x00000000,{}
129119,2026-09-10T10:33:42.330688+00:00,134335100223306882,5572,xcopy.exe,Process,Process_Exit,,0x00000000,"{""Exit Status"": 0, ""User Time"": 156250, ""Kernel Time"": 1875000, ""Private Bytes"": 1531904, ""Peak Private Bytes"": 1531904, ""Working Set"": 5095424, ""Peak Working Set"": 5099520}"
129173,2026-09-10T10:33:42.351197+00:00,134335100223511976,1312,cmd.exe,Process,Process_Exit,,0x00000000,"{""Exit Status"": 0, ""User Time"": 0, ""Kernel Time"": 1406250, ""Private Bytes"": 4567040, ""Peak Private Bytes"": 4829184, ""Working Set"": 4890624, ""Peak Working Set"": 5005312}"
129301,2026-09-10T10:33:42.386339+00:00,134335100223863394,6064,Res.exe,Process,Process_Create,C:\Windows\SysWOW64\cmd.exe,0x00000000,"{""PID"": 2804, ""Command line"": ""C:\\Windows\\system32\\cmd.exe /c XCOPY Qt5Gui.dll c:\\WindSyst /S""}"
129302,2026-09-10T10:33:42.386385+00:00,134335100223863854,2804,cmd.exe,Process,Process_Start,,0x00000000,"{""Parent PID"": 6064, ""Command line"": ""C:\\Windows\\system32\\cmd.exe /c XCOPY Qt5Gui.dll c:\\WindSyst /S"", ""Current directory"": ""C:\\lab\\sample\\virus\\""}"
130444,2026-09-10T10:33:42.681026+00:00,134335100226810260,2804,cmd.exe,Process,Process_Create,C:\Windows\SysWOW64\xcopy.exe,0x00000000,"{""PID"": 4356, ""Command line"": ""XCOPY  Qt5Gui.dll c:\\WindSyst /S""}"
130445,2026-09-10T10:33:42.681079+00:00,134335100226810799,4356,xcopy.exe,Process,Process_Start,,0x00000000,"{""Parent PID"": 2804, ""Command line"": ""XCOPY  Qt5Gui.dll c:\\WindSyst /S"", ""Current directory"": ""C:\\lab\\sample\\virus\\""}"
131306,2026-09-10T10:33:42.882634+00:00,134335100228826340,4356,xcopy.exe,File_System,QueryDirectory,C:\WindSyst,0x00000000,"{""Filter"": ""WindSyst"", ""FileInformationClass"": ""FileBothDirectoryInformation"", ""2"": ""WindSyst""}"
131310,2026-09-10T10:33:42.883248+00:00,134335100228832483,4356,xcopy.exe,File_System,QueryDirectory,C:\WindSyst,0x00000000,"{""Filter"": ""WindSyst"", ""FileInformationClass"": ""FileBothDirectoryInformation"", ""2"": ""WindSyst""}"
131321,2026-09-10T10:33:42.886226+00:00,134335100228862266,4356,xcopy.exe,File_System,QueryDirectory,C:\WindSyst,0x00000000,"{""Filter"": ""WindSyst"", ""FileInformationClass"": ""FileBothDirectoryInformation"", ""2"": ""WindSyst""}"
131327,2026-09-10T10:33:42.887188+00:00,134335100228871881,4356,xcopy.exe,File_System,CreateFile,C:\WindSyst,0x00000000,"{""Desired Access"": ""Write Attributes"", ""Disposition"": ""Open"", ""Options"": """", ""Attributes"": ""n/a"", ""ShareMode"": ""Read, Write, Delete"", ""AllocationSize"": ""n/a"", ""OpenResult"": ""Opened""}"
131328,2026-09-10T10:33:42.887641+00:00,134335100228876416,4356,xcopy.exe,File_System,SetBasicInformationFile,C:\WindSyst,0x00000000,{}
131329,2026-09-10T10:33:42.887760+00:00,134335100228877602,4356,xcopy.exe,File_System,CloseFile,C:\WindSyst,0x00000000,{}
131330,2026-09-10T10:33:42.887847+00:00,134335100228878471,4356,xcopy.exe,File_System,IRP_MJ_CLOSE,C:\WindSyst,0x00000000,{}
131337,2026-09-10T10:33:42.890341+00:00,134335100228903413,4356,xcopy.exe,File_System,CreateFile,C:\WindSyst,0x00000000,"{""Desired Access"": ""Read Data/List Directory, Synchronize"", ""Disposition"": ""Open"", ""Options"": ""Directory, Synchronous IO Non-Alert"", ""Attributes"": ""n/a"", ""ShareMode"": ""Read, Write, Delete"", ""AllocationSize"": ""n/a"", ""OpenResult"": ""Opened""}"
131339,2026-09-10T10:33:42.890544+00:00,134335100228905444,4356,xcopy.exe,File_System,QueryDirectory,C:\WindSyst\Qt5Gui.dll,0xc000000f,"{""Filter"": ""Qt5Gui.dll"", ""FileInformationClass"": ""FileBothDirectoryInformation""}"
131341,2026-09-10T10:33:42.890689+00:00,134335100228906898,4356,xcopy.exe,File_System,CloseFile,C:\WindSyst,0x00000000,{}
131342,2026-09-10T10:33:42.890774+00:00,134335100228907740,4356,xcopy.exe,File_System,IRP_MJ_CLOSE,C:\WindSyst,0x00000000,{}
131385,2026-09-10T10:33:42.900022+00:00,134335100229000225,4356,xcopy.exe,File_System,CreateFile,C:\WindSyst\Qt5Gui.dll,0x00000000,"{""Desired Access"": ""Generic Read/Write, Delete, Write DAC"", ""Disposition"": ""OverwriteIf"", ""Options"": ""Sequential Access, Non-Directory File"", ""Attributes"": ""A"", ""ShareMode"": ""None"", ""AllocationSize"": 6205440, ""OpenResult"": ""Created""}"
131388,2026-09-10T10:33:42.901823+00:00,134335100229018234,4356,xcopy.exe,File_System,CloseFile,C:\WindSyst\Qt5Gui.dll,0x00000000,{}
131391,2026-09-10T10:33:42.902278+00:00,134335100229022783,4356,xcopy.exe,File_System,IRP_MJ_CLOSE,C:\WindSyst\Qt5Gui.dll,0x00000000,{}
131393,2026-09-10T10:33:42.903187+00:00,134335100229031879,4356,xcopy.exe,File_System,CreateFile,C:\WindSyst\Qt5Gui.dll,0x00000000,"{""Desired Access"": ""Generic Read/Write, Delete, Write DAC"", ""Disposition"": ""OpenIf"", ""Options"": ""Sequential Access, Synchronous IO Non-Alert, Non-Directory File"", ""Attributes"": ""A"", ""ShareMode"": ""None"", ""AllocationSize"": 6205440, ""OpenResult"": ""Opened""}"
131395,2026-09-10T10:33:42.903486+00:00,134335100229034861,4356,xcopy.exe,File_System,QueryAttributeInformationVolume,C:\WindSyst\Qt5Gui.dll,0x00000000,{}
131396,2026-09-10T10:33:42.903577+00:00,134335100229035779,4356,xcopy.exe,File_System,QueryBasicInformationFile,C:\WindSyst\Qt5Gui.dll,0x00000000,"{""CreationTime"": 134335100228999102, ""LastAccessTime"": 134335100228999102, ""LastWriteTime"": 134335100228999102, ""ChangeTime"": 134335100228999102, ""FileAttributes"": ""A""}"
131478,2026-09-10T10:33:42.928819+00:00,134335100229288196,4356,xcopy.exe,File_System,SetEndOfFileInformationFile,C:\WindSyst\Qt5Gui.dll,0x00000000,{}
131495,2026-09-10T10:33:42.933413+00:00,134335100229334138,4356,xcopy.exe,File_System,WriteFile,C:\WindSyst\Qt5Gui.dll,0x00000000,"{""Offset"": 0, ""Length"": 524288, ""Priority"": ""Normal""}"
131502,2026-09-10T10:33:42.936343+00:00,134335100229363438,4356,xcopy.exe,File_System,WriteFile,C:\WindSyst\Qt5Gui.dll,0x00000000,"{""Offset"": 524288, ""Length"": 524288}"
131513,2026-09-10T10:33:42.939131+00:00,134335100229391310,4356,xcopy.exe,File_System,WriteFile,C:\WindSyst\Qt5Gui.dll,0x00000000,"{""Offset"": 1048576, ""Length"": 524288}"
131518,2026-09-10T10:33:42.940895+00:00,134335100229408959,4356,xcopy.exe,File_System,WriteFile,C:\WindSyst\Qt5Gui.dll,0x00000000,"{""Offset"": 1572864, ""Length"": 524288}"
131525,2026-09-10T10:33:42.943565+00:00,134335100229435656,4356,xcopy.exe,File_System,WriteFile,C:\WindSyst\Qt5Gui.dll,0x00000000,"{""Offset"": 2097152, ""Length"": 524288}"
131531,2026-09-10T10:33:42.945300+00:00,134335100229453008,4356,xcopy.exe,File_System,WriteFile,C:\WindSyst\Qt5Gui.dll,0x00000000,"{""Offset"": 2621440, ""Length"": 524288}"
131536,2026-09-10T10:33:42.949056+00:00,134335100229490568,4356,xcopy.exe,File_System,WriteFile,C:\WindSyst\Qt5Gui.dll,0x00000000,"{""Offset"": 3145728, ""Length"": 524288}"
131546,2026-09-10T10:33:42.951109+00:00,134335100229511094,4356,xcopy.exe,File_System,WriteFile,C:\WindSyst\Qt5Gui.dll,0x00000000,"{""Offset"": 3670016, ""Length"": 524288}"
131551,2026-09-10T10:33:42.953320+00:00,134335100229533201,4356,xcopy.exe,File_System,WriteFile,C:\WindSyst\Qt5Gui.dll,0x00000000,"{""Offset"": 4194304, ""Length"": 524288}"
131558,2026-09-10T10:33:42.955239+00:00,134335100229552391,4356,xcopy.exe,File_System,WriteFile,C:\WindSyst\Qt5Gui.dll,0x00000000,"{""Offset"": 4718592, ""Length"": 524288}"
131566,2026-09-10T10:33:42.957488+00:00,134335100229574883,4356,xcopy.exe,File_System,WriteFile,C:\WindSyst\Qt5Gui.dll,0x00000000,"{""Offset"": 5242880, ""Length"": 524288}"
131588,2026-09-10T10:33:42.964466+00:00,134335100229644669,4356,xcopy.exe,File_System,WriteFile,C:\WindSyst\Qt5Gui.dll,0x00000000,"{""Offset"": 5767168, ""Length"": 438272}"
131596,2026-09-10T10:33:42.965569+00:00,134335100229655696,4356,xcopy.exe,File_System,SetBasicInformationFile,C:\WindSyst\Qt5Gui.dll,0x00000000,{}
131636,2026-09-10T10:33:42.975049+00:00,134335100229750491,4356,xcopy.exe,File_System,QueryRemoteProtocolInformation,C:\WindSyst\Qt5Gui.dll,0xc000000d,{}
131638,2026-09-10T10:33:42.975340+00:00,134335100229753403,4356,xcopy.exe,File_System,CloseFile,C:\WindSyst\Qt5Gui.dll,0x00000000,{}
131644,2026-09-10T10:33:42.978027+00:00,134335100229780278,4356,xcopy.exe,File_System,QueryOpen,C:\WindSyst\Qt5Gui.dll,0xc01c0004,{}
131650,2026-09-10T10:33:42.978696+00:00,134335100229786965,4356,xcopy.exe,File_System,CreateFile,C:\WindSyst\Qt5Gui.dll,0x00000000,"{""Desired Access"": ""Read Attributes"", ""Disposition"": ""Open"", ""Options"": ""Open Reparse Point"", ""Attributes"": ""n/a"", ""ShareMode"": ""Read, Write, Delete"", ""AllocationSize"": ""n/a"", ""OpenResult"": ""Opened""}"
131651,2026-09-10T10:33:42.978854+00:00,134335100229788548,4356,xcopy.exe,File_System,QueryBasicInformationFile,C:\WindSyst\Qt5Gui.dll,0x00000000,"{""CreationTime"": 134335100228999102, ""LastAccessTime"": 134335100229625279, ""LastWriteTime"": 133048999740000000, ""ChangeTime"": 134335096095781971, ""FileAttributes"": ""A""}"
131653,2026-09-10T10:33:42.978925+00:00,134335100229789256,4356,xcopy.exe,File_System,CloseFile,C:\WindSyst\Qt5Gui.dll,0x00000000,{}
131655,2026-09-10T10:33:42.979030+00:00,134335100229790306,4356,xcopy.exe,File_System,IRP_MJ_CLOSE,C:\WindSyst\Qt5Gui.dll,0x00000000,{}
131656,2026-09-10T10:33:42.979968+00:00,134335100229799688,4356,xcopy.exe,File_System,CreateFile,C:\WindSyst\Qt5Gui.dll,0x00000000,"{""Desired Access"": ""Write Attributes"", ""Disposition"": ""Open"", ""Options"": """", ""Attributes"": ""n/a"", ""ShareMode"": ""Read, Write, Delete"", ""AllocationSize"": ""n/a"", ""OpenResult"": ""Opened""}"
131658,2026-09-10T10:33:42.980352+00:00,134335100229803524,4356,xcopy.exe,File_System,SetBasicInformationFile,C:\WindSyst\Qt5Gui.dll,0x00000000,{}
131659,2026-09-10T10:33:42.980483+00:00,134335100229804831,4356,xcopy.exe,File_System,CloseFile,C:\WindSyst\Qt5Gui.dll,0x00000000,{}
131660,2026-09-10T10:33:42.980597+00:00,134335100229805973,4356,xcopy.exe,File_System,IRP_MJ_CLOSE,C:\WindSyst\Qt5Gui.dll,0x00000000,{}
131665,2026-09-10T10:33:42.981698+00:00,134335100229816989,4356,xcopy.exe,File_System,CreateFile,C:\WindSyst,0x00000000,"{""Desired Access"": ""Read Data/List Directory, Synchronize"", ""Disposition"": ""Open"", ""Options"": ""Directory, Synchronous IO Non-Alert"", ""Attributes"": ""n/a"", ""ShareMode"": ""Read, Write, Delete"", ""AllocationSize"": ""n/a"", ""OpenResult"": ""Opened""}"
131666,2026-09-10T10:33:42.981922+00:00,134335100229819224,4356,xcopy.exe,File_System,QueryDirectory,C:\WindSyst\Qt5Gui.dll,0x00000000,"{""Filter"": ""Qt5Gui.dll"", ""FileInformationClass"": ""FileBothDirectoryInformation"", ""2"": ""Qt5Gui.dll""}"
131668,2026-09-10T10:33:42.982163+00:00,134335100229821636,4356,xcopy.exe,File_System,CloseFile,C:\WindSyst,0x00000000,{}
131669,2026-09-10T10:33:42.982253+00:00,134335100229822531,4356,xcopy.exe,File_System,IRP_MJ_CLOSE,C:\WindSyst,0x00000000,{}
131676,2026-09-10T10:33:42.983133+00:00,134335100229831334,4356,xcopy.exe,File_System,CreateFile,C:\WindSyst\Qt5Gui.dll,0x00000000,"{""Desired Access"": ""Write Attributes"", ""Disposition"": ""Open"", ""Options"": """", ""Attributes"": ""n/a"", ""ShareMode"": ""Read, Write, Delete"", ""AllocationSize"": ""n/a"", ""OpenResult"": ""Opened""}"
131677,2026-09-10T10:33:42.983402+00:00,134335100229834029,4356,xcopy.exe,File_System,SetBasicInformationFile,C:\WindSyst\Qt5Gui.dll,0x00000000,{}
131678,2026-09-10T10:33:42.983498+00:00,134335100229834987,4356,xcopy.exe,File_System,CloseFile,C:\WindSyst\Qt5Gui.dll,0x00000000,{}
131679,2026-09-10T10:33:42.983584+00:00,134335100229835840,4356,xcopy.exe,File_System,IRP_MJ_CLOSE,C:\WindSyst\Qt5Gui.dll,0x00000000,{}
131769,2026-09-10T10:33:43.009847+00:00,134335100230098470,4356,xcopy.exe,Process,Process_Exit,,0x00000000,"{""Exit Status"": 0, ""User Time"": 0, ""Kernel Time"": 2031250, ""Private Bytes"": 1269760, ""Peak Private Bytes"": 1830912, ""Working Set"": 4837376, ""Peak Working Set"": 5275648}"
131831,2026-09-10T10:33:43.030280+00:00,134335100230302801,2804,cmd.exe,Process,Process_Exit,,0x00000000,"{""Exit Status"": 0, ""User Time"": 468750, ""Kernel Time"": 781250, ""Private Bytes"": 4567040, ""Peak Private Bytes"": 4829184, ""Working Set"": 4890624, ""Peak Working Set"": 5005312}"
131944,2026-09-10T10:33:43.066901+00:00,134335100230669016,6064,Res.exe,Process,Process_Create,C:\Windows\SysWOW64\cmd.exe,0x00000000,"{""PID"": 1200, ""Command line"": ""C:\\Windows\\system32\\cmd.exe /c XCOPY Qt5Core.dll c:\\WindSyst /S""}"
131945,2026-09-10T10:33:43.066964+00:00,134335100230669648,1200,cmd.exe,Process,Process_Start,,0x00000000,"{""Parent PID"": 6064, ""Command line"": ""C:\\Windows\\system32\\cmd.exe /c XCOPY Qt5Core.dll c:\\WindSyst /S"", ""Current directory"": ""C:\\lab\\sample\\virus\\""}"
132975,2026-09-10T10:33:43.319914+00:00,134335100233199146,1200,cmd.exe,Process,Process_Create,C:\Windows\SysWOW64\xcopy.exe,0x00000000,"{""PID"": 4232, ""Command line"": ""XCOPY  Qt5Core.dll c:\\WindSyst /S""}"
132976,2026-09-10T10:33:43.319971+00:00,134335100233199715,4232,xcopy.exe,Process,Process_Start,,0x00000000,"{""Parent PID"": 1200, ""Command line"": ""XCOPY  Qt5Core.dll c:\\WindSyst /S"", ""Current directory"": ""C:\\lab\\sample\\virus\\""}"
133954,2026-09-10T10:33:43.546900+00:00,134335100235469003,4232,xcopy.exe,File_System,QueryDirectory,C:\WindSyst,0x00000000,"{""Filter"": ""WindSyst"", ""FileInformationClass"": ""FileBothDirectoryInformation"", ""2"": ""WindSyst""}"
133959,2026-09-10T10:33:43.547446+00:00,134335100235474469,4232,xcopy.exe,File_System,QueryDirectory,C:\WindSyst,0x00000000,"{""Filter"": ""WindSyst"", ""FileInformationClass"": ""FileBothDirectoryInformation"", ""2"": ""WindSyst""}"
133978,2026-09-10T10:33:43.549998+00:00,134335100235499981,4232,xcopy.exe,File_System,QueryDirectory,C:\WindSyst,0x00000000,"{""Filter"": ""WindSyst"", ""FileInformationClass"": ""FileBothDirectoryInformation"", ""2"": ""WindSyst""}"
133985,2026-09-10T10:33:43.552778+00:00,134335100235527782,4232,xcopy.exe,File_System,CreateFile,C:\WindSyst,0x00000000,"{""Desired Access"": ""Write Attributes"", ""Disposition"": ""Open"", ""Options"": """", ""Attributes"": ""n/a"", ""ShareMode"": ""Read, Write, Delete"", ""AllocationSize"": ""n/a"", ""OpenResult"": ""Opened""}"
133987,2026-09-10T10:33:43.553274+00:00,134335100235532744,4232,xcopy.exe,File_System,SetBasicInformationFile,C:\WindSyst,0x00000000,{}
133989,2026-09-10T10:33:43.553394+00:00,134335100235533949,4232,xcopy.exe,File_System,CloseFile,C:\WindSyst,0x00000000,{}
133991,2026-09-10T10:33:43.553477+00:00,134335100235534776,4232,xcopy.exe,File_System,IRP_MJ_CLOSE,C:\WindSyst,0x00000000,{}
134004,2026-09-10T10:33:43.556696+00:00,134335100235566960,4232,xcopy.exe,File_System,CreateFile,C:\WindSyst,0x00000000,"{""Desired Access"": ""Read Data/List Directory, Synchronize"", ""Disposition"": ""Open"", ""Options"": ""Directory, Synchronous IO Non-Alert"", ""Attributes"": ""n/a"", ""ShareMode"": ""Read, Write, Delete"", ""AllocationSize"": ""n/a"", ""OpenResult"": ""Opened""}"
134006,2026-09-10T10:33:43.556931+00:00,134335100235569319,4232,xcopy.exe,File_System,QueryDirectory,C:\WindSyst\Qt5Core.dll,0xc000000f,"{""Filter"": ""Qt5Core.dll"", ""FileInformationClass"": ""FileBothDirectoryInformation""}"
134008,2026-09-10T10:33:43.557109+00:00,134335100235571097,4232,xcopy.exe,File_System,CloseFile,C:\WindSyst,0x00000000,{}
134009,2026-09-10T10:33:43.557196+00:00,134335100235571965,4232,xcopy.exe,File_System,IRP_MJ_CLOSE,C:\WindSyst,0x00000000,{}
134042,2026-09-10T10:33:43.565892+00:00,134335100235658922,4232,xcopy.exe,File_System,CreateFile,C:\WindSyst\Qt5Core.dll,0x00000000,"{""Desired Access"": ""Generic Read/Write, Delete, Write DAC"", ""Disposition"": ""OverwriteIf"", ""Options"": ""Sequential Access, Non-Directory File"", ""Attributes"": ""A"", ""ShareMode"": ""None"", ""AllocationSize"": 6097408, ""OpenResult"": ""Created""}"
134054,2026-09-10T10:33:43.568309+00:00,134335100235683094,4232,xcopy.exe,File_System,CloseFile,C:\WindSyst\Qt5Core.dll,0x00000000,{}
134057,2026-09-10T10:33:43.568781+00:00,134335100235687814,4232,xcopy.exe,File_System,IRP_MJ_CLOSE,C:\WindSyst\Qt5Core.dll,0x00000000,{}
134059,2026-09-10T10:33:43.569682+00:00,134335100235696829,4232,xcopy.exe,File_System,CreateFile,C:\WindSyst\Qt5Core.dll,0x00000000,"{""Desired Access"": ""Generic Read/Write, Delete, Write DAC"", ""Disposition"": ""OpenIf"", ""Options"": ""Sequential Access, Synchronous IO Non-Alert, Non-Directory File"", ""Attributes"": ""A"", ""ShareMode"": ""None"", ""AllocationSize"": 6097408, ""OpenResult"": ""Opened""}"
134061,2026-09-10T10:33:43.570035+00:00,134335100235700359,4232,xcopy.exe,File_System,QueryAttributeInformationVolume,C:\WindSyst\Qt5Core.dll,0x00000000,{}
134062,2026-09-10T10:33:43.570133+00:00,134335100235701335,4232,xcopy.exe,File_System,QueryBasicInformationFile,C:\WindSyst\Qt5Core.dll,0x00000000,"{""CreationTime"": 134335100235691181, ""LastAccessTime"": 134335100235691181, ""LastWriteTime"": 134335100235691181, ""ChangeTime"": 134335100235691181, ""FileAttributes"": ""A""}"
134142,2026-09-10T10:33:43.591739+00:00,134335100235917399,4232,xcopy.exe,File_System,SetEndOfFileInformationFile,C:\WindSyst\Qt5Core.dll,0x00000000,{}
134158,2026-09-10T10:33:43.596431+00:00,134335100235964318,4232,xcopy.exe,File_System,WriteFile,C:\WindSyst\Qt5Core.dll,0x00000000,"{""Offset"": 0, ""Length"": 524288, ""Priority"": ""Normal""}"
134166,2026-09-10T10:33:43.599643+00:00,134335100235996434,4232,xcopy.exe,File_System,WriteFile,C:\WindSyst\Qt5Core.dll,0x00000000,"{""Offset"": 524288, ""Length"": 524288}"
134168,2026-09-10T10:33:43.601596+00:00,134335100236015961,4232,xcopy.exe,File_System,WriteFile,C:\WindSyst\Qt5Core.dll,0x00000000,"{""Offset"": 1048576, ""Length"": 524288}"
134170,2026-09-10T10:33:43.603195+00:00,134335100236031954,4232,xcopy.exe,File_System,WriteFile,C:\WindSyst\Qt5Core.dll,0x00000000,"{""Offset"": 1572864, ""Length"": 524288}"
134175,2026-09-10T10:33:43.608748+00:00,134335100236087483,4232,xcopy.exe,File_System,WriteFile,C:\WindSyst\Qt5Core.dll,0x00000000,"{""Offset"": 2097152, ""Length"": 524288}"
134183,2026-09-10T10:33:43.610566+00:00,134335100236105668,4232,xcopy.exe,File_System,WriteFile,C:\WindSyst\Qt5Core.dll,0x00000000,"{""Offset"": 2621440, ""Length"": 524288}"
134189,2026-09-10T10:33:43.612616+00:00,134335100236126166,4232,xcopy.exe,File_System,WriteFile,C:\WindSyst\Qt5Core.dll,0x00000000,"{""Offset"": 3145728, ""Length"": 524288}"
134198,2026-09-10T10:33:43.614987+00:00,134335100236149871,4232,xcopy.exe,File_System,WriteFile,C:\WindSyst\Qt5Core.dll,0x00000000,"{""Offset"": 3670016, ""Length"": 524288}"
134222,2026-09-10T10:33:43.623933+00:00,134335100236239338,4232,xcopy.exe,File_System,WriteFile,C:\WindSyst\Qt5Core.dll,0x00000000,"{""Offset"": 4194304, ""Length"": 524288}"
134228,2026-09-10T10:33:43.627349+00:00,134335100236273491,4232,xcopy.exe,File_System,WriteFile,C:\WindSyst\Qt5Core.dll,0x00000000,"{""Offset"": 4718592, ""Length"": 524288}"
134235,2026-09-10T10:33:43.629488+00:00,134335100236294888,4232,xcopy.exe,File_System,WriteFile,C:\WindSyst\Qt5Core.dll,0x00000000,"{""Offset"": 5242880, ""Length"": 524288}"
134241,2026-09-10T10:33:43.631655+00:00,134335100236316558,4232,xcopy.exe,File_System,WriteFile,C:\WindSyst\Qt5Core.dll,0x00000000,"{""Offset"": 5767168, ""Length"": 330240}"
134245,2026-09-10T10:33:43.632554+00:00,134335100236325547,4232,xcopy.exe,File_System,SetBasicInformationFile,C:\WindSyst\Qt5Core.dll,0x00000000,{}
134247,2026-09-10T10:33:43.633131+00:00,134335100236331319,4232,xcopy.exe,File_System,QueryRemoteProtocolInformation,C:\WindSyst\Qt5Core.dll,0xc000000d,{}
134251,2026-09-10T10:33:43.633381+00:00,134335100236333819,4232,xcopy.exe,File_System,CloseFile,C:\WindSyst\Qt5Core.dll,0x00000000,{}
134263,2026-09-10T10:33:43.638008+00:00,134335100236380082,4232,xcopy.exe,File_System,QueryOpen,C:\WindSyst\Qt5Core.dll,0xc01c0004,{}
134265,2026-09-10T10:33:43.638716+00:00,134335100236387164,4232,xcopy.exe,File_System,CreateFile,C:\WindSyst\Qt5Core.dll,0x00000000,"{""Desired Access"": ""Read Attributes"", ""Disposition"": ""Open"", ""Options"": ""Open Reparse Point"", ""Attributes"": ""n/a"", ""ShareMode"": ""Read, Write, Delete"", ""AllocationSize"": ""n/a"", ""OpenResult"": ""Opened""}"
134266,2026-09-10T10:33:43.638887+00:00,134335100236388874,4232,xcopy.exe,File_System,QueryBasicInformationFile,C:\WindSyst\Qt5Core.dll,0x00000000,"{""CreationTime"": 134335100235691181, ""LastAccessTime"": 134335100236342997, ""LastWriteTime"": 133048999620000000, ""ChangeTime"": 134335096087967774, ""FileAttributes"": ""A""}"
134267,2026-09-10T10:33:43.638972+00:00,134335100236389722,4232,xcopy.exe,File_System,CloseFile,C:\WindSyst\Qt5Core.dll,0x00000000,{}
134268,2026-09-10T10:33:43.639071+00:00,134335100236390719,4232,xcopy.exe,File_System,IRP_MJ_CLOSE,C:\WindSyst\Qt5Core.dll,0x00000000,{}
134270,2026-09-10T10:33:43.639985+00:00,134335100236399850,4232,xcopy.exe,File_System,CreateFile,C:\WindSyst\Qt5Core.dll,0x00000000,"{""Desired Access"": ""Write Attributes"", ""Disposition"": ""Open"", ""Options"": """", ""Attributes"": ""n/a"", ""ShareMode"": ""Read, Write, Delete"", ""AllocationSize"": ""n/a"", ""OpenResult"": ""Opened""}"
134328,2026-09-10T10:33:43.658720+00:00,134335100236587201,4232,xcopy.exe,File_System,SetBasicInformationFile,C:\WindSyst\Qt5Core.dll,0x00000000,{}
134331,2026-09-10T10:33:43.658851+00:00,134335100236588514,4232,xcopy.exe,File_System,CloseFile,C:\WindSyst\Qt5Core.dll,0x00000000,{}
134333,2026-09-10T10:33:43.658945+00:00,134335100236589457,4232,xcopy.exe,File_System,IRP_MJ_CLOSE,C:\WindSyst\Qt5Core.dll,0x00000000,{}
134336,2026-09-10T10:33:43.660052+00:00,134335100236600526,4232,xcopy.exe,File_System,CreateFile,C:\WindSyst,0x00000000,"{""Desired Access"": ""Read Data/List Directory, Synchronize"", ""Disposition"": ""Open"", ""Options"": ""Directory, Synchronous IO Non-Alert"", ""Attributes"": ""n/a"", ""ShareMode"": ""Read, Write, Delete"", ""AllocationSize"": ""n/a"", ""OpenResult"": ""Opened""}"
134337,2026-09-10T10:33:43.660289+00:00,134335100236602896,4232,xcopy.exe,File_System,QueryDirectory,C:\WindSyst\Qt5Core.dll,0x00000000,"{""Filter"": ""Qt5Core.dll"", ""FileInformationClass"": ""FileBothDirectoryInformation"", ""2"": ""Qt5Core.dll""}"
134339,2026-09-10T10:33:43.660798+00:00,134335100236607988,4232,xcopy.exe,File_System,CloseFile,C:\WindSyst,0x00000000,{}
134340,2026-09-10T10:33:43.660937+00:00,134335100236609375,4232,xcopy.exe,File_System,IRP_MJ_CLOSE,C:\WindSyst,0x00000000,{}
134342,2026-09-10T10:33:43.661932+00:00,134335100236619324,4232,xcopy.exe,File_System,CreateFile,C:\WindSyst\Qt5Core.dll,0x00000000,"{""Desired Access"": ""Write Attributes"", ""Disposition"": ""Open"", ""Options"": """", ""Attributes"": ""n/a"", ""ShareMode"": ""Read, Write, Delete"", ""AllocationSize"": ""n/a"", ""OpenResult"": ""Opened""}"
134346,2026-09-10T10:33:43.662310+00:00,134335100236623103,4232,xcopy.exe,File_System,SetBasicInformationFile,C:\WindSyst\Qt5Core.dll,0x00000000,{}
134347,2026-09-10T10:33:43.662427+00:00,134335100236624271,4232,xcopy.exe,File_System,CloseFile,C:\WindSyst\Qt5Core.dll,0x00000000,{}
134348,2026-09-10T10:33:43.662521+00:00,134335100236625217,4232,xcopy.exe,File_System,IRP_MJ_CLOSE,C:\WindSyst\Qt5Core.dll,0x00000000,{}
134423,2026-09-10T10:33:43.684225+00:00,134335100236842252,4232,xcopy.exe,Process,Process_Exit,,0x00000000,"{""Exit Status"": 0, ""User Time"": 312500, ""Kernel Time"": 2656250, ""Private Bytes"": 1261568, ""Peak Private Bytes"": 1843200, ""Working Set"": 4833280, ""Peak Working Set"": 5271552}"
134483,2026-09-10T10:33:43.701845+00:00,134335100237018450,1200,cmd.exe,Process,Process_Exit,,0x00000000,"{""Exit Status"": 0, ""User Time"": 468750, ""Kernel Time"": 1093750, ""Private Bytes"": 4579328, ""Peak Private Bytes"": 4841472, ""Working Set"": 4775936, ""Peak Working Set"": 4890624}"
134608,2026-09-10T10:33:43.739160+00:00,134335100237391601,6064,Res.exe,Process,Process_Create,C:\Windows\SysWOW64\cmd.exe,0x00000000,"{""PID"": 5332, ""Command line"": ""C:\\Windows\\system32\\cmd.exe /c mkdir c:\\WindSyst\\platforms""}"
134609,2026-09-10T10:33:43.739205+00:00,134335100237392054,5332,cmd.exe,Process,Process_Start,,0x00000000,"{""Parent PID"": 6064, ""Command line"": ""C:\\Windows\\system32\\cmd.exe /c mkdir c:\\WindSyst\\platforms"", ""Current directory"": ""C:\\lab\\sample\\virus\\""}"
135398,2026-09-10T10:33:43.946532+00:00,134335100239465321,5332,cmd.exe,File_System,CreateFile,C:\WindSyst\platforms,0x00000000,"{""Desired Access"": ""Read Data/List Directory, Synchronize"", ""Disposition"": ""Create"", ""Options"": ""Directory, Synchronous IO Non-Alert, Open Reparse Point"", ""Attributes"": ""N"", ""ShareMode"": ""Read, Write"", ""AllocationSize"": 0, ""OpenResult"": ""Created""}"
135407,2026-09-10T10:33:43.948112+00:00,134335100239481121,5332,cmd.exe,File_System,CloseFile,C:\WindSyst\platforms,0x00000000,{}
135408,2026-09-10T10:33:43.948322+00:00,134335100239483227,5332,cmd.exe,File_System,IRP_MJ_CLOSE,C:\WindSyst\platforms,0x00000000,{}
135435,2026-09-10T10:33:43.955284+00:00,134335100239552843,5332,cmd.exe,Process,Process_Exit,,0x00000000,"{""Exit Status"": 0, ""User Time"": 156250, ""Kernel Time"": 1093750, ""Private Bytes"": 4325376, ""Peak Private Bytes"": 4653056, ""Working Set"": 4431872, ""Peak Working Set"": 4612096}"
135688,2026-09-10T10:33:44.028890+00:00,134335100240288908,6064,Res.exe,Process,Process_Create,C:\Windows\SysWOW64\cmd.exe,0x00000000,"{""PID"": 2500, ""Command line"": ""C:\\Windows\\system32\\cmd.exe /c XCOPY qminimal.dll c:\\WindSyst\\platforms /S""}"
135689,2026-09-10T10:33:44.028935+00:00,134335100240289352,2500,cmd.exe,Process,Process_Start,,0x00000000,"{""Parent PID"": 6064, ""Command line"": ""C:\\Windows\\system32\\cmd.exe /c XCOPY qminimal.dll c:\\WindSyst\\platforms /S"", ""Current directory"": ""C:\\lab\\sample\\virus\\""}"
136803,2026-09-10T10:33:44.287673+00:00,134335100242876738,2500,cmd.exe,Process,Process_Create,C:\Windows\SysWOW64\xcopy.exe,0x00000000,"{""PID"": 2448, ""Command line"": ""XCOPY  qminimal.dll c:\\WindSyst\\platforms /S""}"
136804,2026-09-10T10:33:44.287721+00:00,134335100242877218,2448,xcopy.exe,Process,Process_Start,,0x00000000,"{""Parent PID"": 2500, ""Command line"": ""XCOPY  qminimal.dll c:\\WindSyst\\platforms /S"", ""Current directory"": ""C:\\lab\\sample\\virus\\""}"
137866,2026-09-10T10:33:44.511386+00:00,134335100245113862,2448,xcopy.exe,Process,Process_Exit,,0x00000000,"{""Exit Status"": 4, ""User Time"": 156250, ""Kernel Time"": 1406250, ""Private Bytes"": 1101824, ""Peak Private Bytes"": 1101824, ""Working Set"": 4325376, ""Peak Working Set"": 4329472}"
137929,2026-09-10T10:33:44.525935+00:00,134335100245259354,2500,cmd.exe,Process,Process_Exit,,0x00000000,"{""Exit Status"": 4, ""User Time"": 156250, ""Kernel Time"": 1562500, ""Private Bytes"": 4571136, ""Peak Private Bytes"": 4833280, ""Working Set"": 4775936, ""Peak Working Set"": 4890624}"
138053,2026-09-10T10:33:44.554582+00:00,134335100245545820,6064,Res.exe,Process,Process_Create,C:\Windows\SysWOW64\cmd.exe,0x00000000,"{""PID"": 3932, ""Command line"": ""C:\\Windows\\system32\\cmd.exe /c XCOPY qoffscreen.dll c:\\WindSyst\\platforms /S""}"
138055,2026-09-10T10:33:44.554627+00:00,134335100245546272,3932,cmd.exe,Process,Process_Start,,0x00000000,"{""Parent PID"": 6064, ""Command line"": ""C:\\Windows\\system32\\cmd.exe /c XCOPY qoffscreen.dll c:\\WindSyst\\platforms /S"", ""Current directory"": ""C:\\lab\\sample\\virus\\""}"
139130,2026-09-10T10:33:44.805060+00:00,134335100248050604,3932,cmd.exe,Process,Process_Create,C:\Windows\SysWOW64\xcopy.exe,0x00000000,"{""PID"": 2152, ""Command line"": ""XCOPY  qoffscreen.dll c:\\WindSyst\\platforms /S""}"
139131,2026-09-10T10:33:44.805111+00:00,134335100248051117,2152,xcopy.exe,Process,Process_Start,,0x00000000,"{""Parent PID"": 3932, ""Command line"": ""XCOPY  qoffscreen.dll c:\\WindSyst\\platforms /S"", ""Current directory"": ""C:\\lab\\sample\\virus\\""}"
140057,2026-09-10T10:33:45.041699+00:00,134335100250416994,2152,xcopy.exe,Process,Process_Exit,,0x00000000,"{""Exit Status"": 4, ""User Time"": 156250, ""Kernel Time"": 1250000, ""Private Bytes"": 1101824, ""Peak Private Bytes"": 1101824, ""Working Set"": 4321280, ""Peak Working Set"": 4325376}"
140114,2026-09-10T10:33:45.059617+00:00,134335100250596175,3932,cmd.exe,Process,Process_Exit,,0x00000000,"{""Exit Status"": 4, ""User Time"": 156250, ""Kernel Time"": 1562500, ""Private Bytes"": 4562944, ""Peak Private Bytes"": 4825088, ""Working Set"": 4890624, ""Peak Working Set"": 5005312}"
140243,2026-09-10T10:33:45.092355+00:00,134335100250923554,6064,Res.exe,Process,Process_Create,C:\Windows\SysWOW64\cmd.exe,0x00000000,"{""PID"": 4192, ""Command line"": ""C:\\Windows\\system32\\cmd.exe /c XCOPY qwindows.dll c:\\WindSyst\\platforms /S""}"
140244,2026-09-10T10:33:45.092402+00:00,134335100250924023,4192,cmd.exe,Process,Process_Start,,0x00000000,"{""Parent PID"": 6064, ""Command line"": ""C:\\Windows\\system32\\cmd.exe /c XCOPY qwindows.dll c:\\WindSyst\\platforms /S"", ""Current directory"": ""C:\\lab\\sample\\virus\\""}"
141456,2026-09-10T10:33:45.353625+00:00,134335100253536254,4192,cmd.exe,Process,Process_Create,C:\Windows\SysWOW64\xcopy.exe,0x00000000,"{""PID"": 2192, ""Command line"": ""XCOPY  qwindows.dll c:\\WindSyst\\platforms /S""}"
141457,2026-09-10T10:33:45.353671+00:00,134335100253536718,2192,xcopy.exe,Process,Process_Start,,0x00000000,"{""Parent PID"": 4192, ""Command line"": ""XCOPY  qwindows.dll c:\\WindSyst\\platforms /S"", ""Current directory"": ""C:\\lab\\sample\\virus\\""}"
142508,2026-09-10T10:33:45.612770+00:00,134335100256127702,2192,xcopy.exe,Process,Process_Exit,,0x00000000,"{""Exit Status"": 4, ""User Time"": 625000, ""Kernel Time"": 1093750, ""Private Bytes"": 1105920, ""Peak Private Bytes"": 1105920, ""Working Set"": 4325376, ""Peak Working Set"": 4329472}"
142576,2026-09-10T10:33:45.635463+00:00,134335100256354635,4192,cmd.exe,Process,Process_Exit,,0x00000000,"{""Exit Status"": 4, ""User Time"": 156250, ""Kernel Time"": 937500, ""Private Bytes"": 4562944, ""Peak Private Bytes"": 4825088, ""Working Set"": 4890624, ""Peak Working Set"": 5005312}"
142639,2026-09-10T10:33:45.650713+00:00,134335100256507134,6064,Res.exe,Registry,RegSetValue,HKCU\SOFTWARE\Microsoft\Windows\CurrentVersion\Run\Res,0x00000000,"{""Type"": ""REG_SZ"", ""Length"": 40, ""Data"": ""C:\\WindSyst\\Res.exe""}"
142667,2026-09-10T10:33:45.656706+00:00,134335100256567069,6064,Res.exe,Registry,RegSetValue,HKCU\SOFTWARE\Microsoft\Windows\CurrentVersion\Run\Env,0x00000000,"{""Type"": ""REG_SZ"", ""Length"": 40, ""Data"": ""C:\\WindSyst\\Env.exe""}"
155188,2026-09-10T10:34:02.701574+00:00,134335100427015741,6064,Res.exe,File_System,CreateFile,C:\WindSyst\log.txt,0x00000000,"{""Desired Access"": ""Generic Write, Read Attributes"", ""Disposition"": ""OpenIf"", ""Options"": ""Synchronous IO Non-Alert, Non-Directory File"", ""Attributes"": ""N"", ""ShareMode"": ""Read, Write"", ""AllocationSize"": 0, ""OpenResult"": ""Created""}"
155194,2026-09-10T10:34:02.713865+00:00,134335100427138655,6064,Res.exe,File_System,QueryStandardInformationFile,C:\WindSyst\log.txt,0x00000000,"{""AllocationSize"": 0, ""EndOfFile"": 0, ""NumberOfLinks"": 1, ""DeletePending"": false, ""Directory"": false}"
155195,2026-09-10T10:34:02.714294+00:00,134335100427142949,6064,Res.exe,File_System,WriteFile,C:\WindSyst\log.txt,0x00000000,"{""Offset"": 0, ""Length"": 1, ""Priority"": ""Normal""}"
155197,2026-09-10T10:34:02.716659+00:00,134335100427166599,6064,Res.exe,File_System,CloseFile,C:\WindSyst\log.txt,0x00000000,{}
164039,2026-09-10T10:34:21.826411+00:00,134335100618264118,6064,Res.exe,File_System,CreateFile,C:\WindSyst\log.txt,0x00000000,"{""Desired Access"": ""Generic Write, Read Attributes"", ""Disposition"": ""OpenIf"", ""Options"": ""Synchronous IO Non-Alert, Non-Directory File"", ""Attributes"": ""N"", ""ShareMode"": ""Read, Write"", ""AllocationSize"": 0, ""OpenResult"": ""Opened""}"
164042,2026-09-10T10:34:21.830671+00:00,134335100618306714,6064,Res.exe,File_System,QueryStandardInformationFile,C:\WindSyst\log.txt,0x00000000,"{""AllocationSize"": 8, ""EndOfFile"": 1, ""NumberOfLinks"": 1, ""DeletePending"": false, ""Directory"": false}"
164043,2026-09-10T10:34:21.830877+00:00,134335100618308772,6064,Res.exe,File_System,WriteFile,C:\WindSyst\log.txt,0x00000000,"{""Offset"": 1, ""Length"": 1, ""Priority"": ""Normal""}"
164048,2026-09-10T10:34:21.833350+00:00,134335100618333505,6064,Res.exe,File_System,CloseFile,C:\WindSyst\log.txt,0x00000000,{}
206106,2026-09-10T10:35:07.173597+00:00,134335101071735977,6064,Res.exe,File_System,CreateFile,C:\WindSyst\log.txt,0x00000000,"{""Desired Access"": ""Generic Write, Read Attributes"", ""Disposition"": ""OpenIf"", ""Options"": ""Synchronous IO Non-Alert, Non-Directory File"", ""Attributes"": ""N"", ""ShareMode"": ""Read, Write"", ""AllocationSize"": 0, ""OpenResult"": ""Opened""}"
206108,2026-09-10T10:35:07.176381+00:00,134335101071763819,6064,Res.exe,File_System,QueryStandardInformationFile,C:\WindSyst\log.txt,0x00000000,"{""AllocationSize"": 8, ""EndOfFile"": 2, ""NumberOfLinks"": 1, ""DeletePending"": false, ""Directory"": false}"
206109,2026-09-10T10:35:07.176571+00:00,134335101071765713,6064,Res.exe,File_System,WriteFile,C:\WindSyst\log.txt,0x00000000,"{""Offset"": 2, ""Length"": 1, ""Priority"": ""Normal""}"
206114,2026-09-10T10:35:07.179800+00:00,134335101071798001,6064,Res.exe,File_System,CloseFile,C:\WindSyst\log.txt,0x00000000,{}
206122,2026-09-10T10:35:07.188797+00:00,134335101071887978,6064,Res.exe,File_System,CreateFile,C:\WindSyst\log.txt,0x00000000,"{""Desired Access"": ""Generic Write, Read Attributes"", ""Disposition"": ""OpenIf"", ""Options"": ""Synchronous IO Non-Alert, Non-Directory File"", ""Attributes"": ""N"", ""ShareMode"": ""Read, Write"", ""AllocationSize"": 0, ""OpenResult"": ""Opened""}"
206124,2026-09-10T10:35:07.199052+00:00,134335101071990521,6064,Res.exe,File_System,QueryStandardInformationFile,C:\WindSyst\log.txt,0x00000000,"{""AllocationSize"": 8, ""EndOfFile"": 3, ""NumberOfLinks"": 1, ""DeletePending"": false, ""Directory"": false}"
206125,2026-09-10T10:35:07.199264+00:00,134335101071992641,6064,Res.exe,File_System,WriteFile,C:\WindSyst\log.txt,0x00000000,"{""Offset"": 3, ""Length"": 1, ""Priority"": ""Normal""}"
206126,2026-09-10T10:35:07.202658+00:00,134335101072026586,6064,Res.exe,File_System,CloseFile,C:\WindSyst\log.txt,0x00000000,{}
206127,2026-09-10T10:35:07.205067+00:00,134335101072050674,6064,Res.exe,File_System,IRP_MJ_CLOSE,C:\WindSyst\log.txt,0x00000000,{}
206128,2026-09-10T10:35:07.252088+00:00,134335101072520881,6064,Res.exe,File_System,CreateFile,C:\WindSyst\log.txt,0x00000000,"{""Desired Access"": ""Generic Write, Read Attributes"", ""Disposition"": ""OpenIf"", ""Options"": ""Synchronous IO Non-Alert, Non-Directory File"", ""Attributes"": ""N"", ""ShareMode"": ""Read, Write"", ""AllocationSize"": 0, ""OpenResult"": ""Opened""}"
206135,2026-09-10T10:35:07.272897+00:00,134335101072728978,6064,Res.exe,File_System,QueryStandardInformationFile,C:\WindSyst\log.txt,0x00000000,"{""AllocationSize"": 8, ""EndOfFile"": 4, ""NumberOfLinks"": 1, ""DeletePending"": false, ""Directory"": false}"
206136,2026-09-10T10:35:07.273147+00:00,134335101072731479,6064,Res.exe,File_System,WriteFile,C:\WindSyst\log.txt,0x00000000,"{""Offset"": 4, ""Length"": 1, ""Priority"": ""Normal""}"
206137,2026-09-10T10:35:07.274598+00:00,134335101072745988,6064,Res.exe,File_System,CloseFile,C:\WindSyst\log.txt,0x00000000,{}
206145,2026-09-10T10:35:07.319555+00:00,134335101073195551,6064,Res.exe,File_System,IRP_MJ_CLOSE,C:\WindSyst\log.txt,0x00000000,{}
208570,2026-09-10T10:35:25.763944+00:00,134335101257639441,6064,Res.exe,File_System,CreateFile,C:\WindSyst\log.txt,0x00000000,"{""Desired Access"": ""Generic Write, Read Attributes"", ""Disposition"": ""OpenIf"", ""Options"": ""Synchronous IO Non-Alert, Non-Directory File"", ""Attributes"": ""N"", ""ShareMode"": ""Read, Write"", ""AllocationSize"": 0, ""OpenResult"": ""Opened""}"
208571,2026-09-10T10:35:25.778780+00:00,134335101257787806,6064,Res.exe,File_System,QueryStandardInformationFile,C:\WindSyst\log.txt,0x00000000,"{""AllocationSize"": 8, ""EndOfFile"": 5, ""NumberOfLinks"": 1, ""DeletePending"": false, ""Directory"": false}"
208572,2026-09-10T10:35:25.779027+00:00,134335101257790270,6064,Res.exe,File_System,WriteFile,C:\WindSyst\log.txt,0x00000000,"{""Offset"": 5, ""Length"": 1, ""Priority"": ""Normal""}"
208573,2026-09-10T10:35:25.781676+00:00,134335101257816766,6064,Res.exe,File_System,CloseFile,C:\WindSyst\log.txt,0x00000000,{}
208583,2026-09-10T10:35:25.839084+00:00,134335101258390844,6064,Res.exe,File_System,CreateFile,C:\WindSyst\log.txt,0x00000000,"{""Desired Access"": ""Generic Write, Read Attributes"", ""Disposition"": ""OpenIf"", ""Options"": ""Synchronous IO Non-Alert, Non-Directory File"", ""Attributes"": ""N"", ""ShareMode"": ""Read, Write"", ""AllocationSize"": 0, ""OpenResult"": ""Opened""}"
208584,2026-09-10T10:35:25.840934+00:00,134335101258409344,6064,Res.exe,File_System,QueryStandardInformationFile,C:\WindSyst\log.txt,0x00000000,"{""AllocationSize"": 8, ""EndOfFile"": 6, ""NumberOfLinks"": 1, ""DeletePending"": false, ""Directory"": false}"
208585,2026-09-10T10:35:25.841089+00:00,134335101258410893,6064,Res.exe,File_System,WriteFile,C:\WindSyst\log.txt,0x00000000,"{""Offset"": 6, ""Length"": 1, ""Priority"": ""Normal""}"
208586,2026-09-10T10:35:25.841789+00:00,134335101258417899,6064,Res.exe,File_System,CloseFile,C:\WindSyst\log.txt,0x00000000,{}
208592,2026-09-10T10:35:25.869262+00:00,134335101258692628,6064,Res.exe,File_System,IRP_MJ_CLOSE,C:\WindSyst\log.txt,0x00000000,{}
210739,2026-09-10T10:35:44.911754+00:00,134335101449117545,6064,Res.exe,File_System,CreateFile,C:\WindSyst\log.txt,0x00000000,"{""Desired Access"": ""Generic Write, Read Attributes"", ""Disposition"": ""OpenIf"", ""Options"": ""Synchronous IO Non-Alert, Non-Directory File"", ""Attributes"": ""N"", ""ShareMode"": ""Read, Write"", ""AllocationSize"": 0, ""OpenResult"": ""Opened""}"
210740,2026-09-10T10:35:44.914131+00:00,134335101449141316,6064,Res.exe,File_System,QueryStandardInformationFile,C:\WindSyst\log.txt,0x00000000,"{""AllocationSize"": 8, ""EndOfFile"": 7, ""NumberOfLinks"": 1, ""DeletePending"": false, ""Directory"": false}"
210741,2026-09-10T10:35:44.914287+00:00,134335101449142874,6064,Res.exe,File_System,WriteFile,C:\WindSyst\log.txt,0x00000000,"{""Offset"": 7, ""Length"": 1, ""Priority"": ""Normal""}"
210745,2026-09-10T10:35:44.916476+00:00,134335101449164762,6064,Res.exe,File_System,CloseFile,C:\WindSyst\log.txt,0x00000000,{}
210752,2026-09-10T10:35:44.953532+00:00,134335101449535328,6064,Res.exe,File_System,CreateFile,C:\WindSyst\log.txt,0x00000000,"{""Desired Access"": ""Generic Write, Read Attributes"", ""Disposition"": ""OpenIf"", ""Options"": ""Synchronous IO Non-Alert, Non-Directory File"", ""Attributes"": ""N"", ""ShareMode"": ""Read, Write"", ""AllocationSize"": 0, ""OpenResult"": ""Opened""}"
210753,2026-09-10T10:35:44.955259+00:00,134335101449552594,6064,Res.exe,File_System,QueryStandardInformationFile,C:\WindSyst\log.txt,0x00000000,"{""AllocationSize"": 8, ""EndOfFile"": 8, ""NumberOfLinks"": 1, ""DeletePending"": false, ""Directory"": false}"
210754,2026-09-10T10:35:44.955481+00:00,134335101449554810,6064,Res.exe,File_System,WriteFile,C:\WindSyst\log.txt,0x00000000,"{""Offset"": 8, ""Length"": 1, ""Priority"": ""Normal""}"
210755,2026-09-10T10:35:44.956899+00:00,134335101449568998,6064,Res.exe,File_System,CloseFile,C:\WindSyst\log.txt,0x00000000,{}
210761,2026-09-10T10:35:44.999039+00:00,134335101449990398,6064,Res.exe,File_System,IRP_MJ_CLOSE,C:\WindSyst\log.txt,0x00000000,{}
