evenement,heure_windows_utc,filetime,pid,processus,classe,operation,chemin,resultat_ntstatus,details
314408,2026-09-10T14:02:42.796627+00:00,134335225627966270,3332,Res.exe,Process,Process_Start,,0x00000000,"{""Parent PID"": 1304, ""Command line"": ""Res.exe "", ""Current directory"": ""C:\\Lab\\sample\\VIRUS\\""}"
316761,2026-09-10T14:02:43.317284+00:00,134335225633172847,3332,Res.exe,Process,Process_Create,C:\Windows\System32\Conhost.exe,0x00000000,"{""PID"": 4116, ""Command line"": ""\\??\\C:\\Windows\\system32\\conhost.exe 0xffffffff -ForceV1""}"
316762,2026-09-10T14:02:43.317336+00:00,134335225633173366,4116,Conhost.exe,Process,Process_Start,,0x00000000,"{""Parent PID"": 3332, ""Command line"": ""\\??\\C:\\Windows\\system32\\conhost.exe 0xffffffff -ForceV1"", ""Current directory"": ""C:\\Windows""}"
326221,2026-09-10T14:02:45.596885+00:00,134335225655968857,3332,Res.exe,Process,Process_Create,C:\Windows\SysWOW64\cmd.exe,0x00000000,"{""PID"": 1540, ""Command line"": ""C:\\Windows\\system32\\cmd.exe /c mkdir c:\\WindSyst""}"
326222,2026-09-10T14:02:45.596936+00:00,134335225655969363,1540,cmd.exe,Process,Process_Start,,0x00000000,"{""Parent PID"": 3332, ""Command line"": ""C:\\Windows\\system32\\cmd.exe /c mkdir c:\\WindSyst"", ""Current directory"": ""C:\\Lab\\sample\\VIRUS\\""}"
327364,2026-09-10T14:02:45.972815+00:00,134335225659728157,1540,cmd.exe,File_System,CreateFile,C:\WindSyst,0x00000000,"{""Desired Access"": ""Read Data/List Directory, Synchronize"", ""Disposition"": ""Create"", ""Options"": ""Directory, Synchronous IO Non-Alert, Open Reparse Point"", ""Attributes"": ""N"", ""ShareMode"": ""Read, Write"", ""AllocationSize"": 0, ""OpenResult"": ""Created""}"
327375,2026-09-10T14:02:45.976612+00:00,134335225659766127,1540,cmd.exe,File_System,CloseFile,C:\WindSyst,0x00000000,{}
327381,2026-09-10T14:02:45.977273+00:00,134335225659772732,1540,cmd.exe,File_System,IRP_MJ_CLOSE,C:\WindSyst,0x00000000,{}
327420,2026-09-10T14:02:45.989193+00:00,134335225659891932,1540,cmd.exe,Process,Process_Exit,,0x00000000,"{""Exit Status"": 0, ""User Time"": 468750, ""Kernel Time"": 1250000, ""Private Bytes"": 4337664, ""Peak Private Bytes"": 4665344, ""Working Set"": 4448256, ""Peak Working Set"": 4628480}"
327541,2026-09-10T14:02:46.019961+00:00,134335225660199619,3332,Res.exe,Process,Process_Create,C:\Windows\SysWOW64\cmd.exe,0x00000000,"{""PID"": 1616, ""Command line"": ""C:\\Windows\\system32\\cmd.exe /c XCOPY libgcc_s_dw2-1.dll c:\\WindSyst /S""}"
327542,2026-09-10T14:02:46.020005+00:00,134335225660200053,1616,cmd.exe,Process,Process_Start,,0x00000000,"{""Parent PID"": 3332, ""Command line"": ""C:\\Windows\\system32\\cmd.exe /c XCOPY libgcc_s_dw2-1.dll c:\\WindSyst /S"", ""Current directory"": ""C:\\Lab\\sample\\VIRUS\\""}"
328671,2026-09-10T14:02:46.251924+00:00,134335225662519241,1616,cmd.exe,Process,Process_Create,C:\Windows\SysWOW64\xcopy.exe,0x00000000,"{""PID"": 4732, ""Command line"": ""XCOPY  libgcc_s_dw2-1.dll c:\\WindSyst /S""}"
328672,2026-09-10T14:02:46.251974+00:00,134335225662519746,4732,xcopy.exe,Process,Process_Start,,0x00000000,"{""Parent PID"": 1616, ""Command line"": ""XCOPY  libgcc_s_dw2-1.dll c:\\WindSyst /S"", ""Current directory"": ""C:\\Lab\\sample\\VIRUS\\""}"
329807,2026-09-10T14:02:46.536529+00:00,134335225665365298,4732,xcopy.exe,File_System,QueryDirectory,C:\WindSyst,0x00000000,"{""Filter"": ""WindSyst"", ""FileInformationClass"": ""FileBothDirectoryInformation"", ""2"": ""WindSyst""}"
329815,2026-09-10T14:02:46.537259+00:00,134335225665372598,4732,xcopy.exe,File_System,QueryDirectory,C:\WindSyst,0x00000000,"{""Filter"": ""WindSyst"", ""FileInformationClass"": ""FileBothDirectoryInformation"", ""2"": ""WindSyst""}"
329841,2026-09-10T14:02:46.544748+00:00,134335225665447482,4732,xcopy.exe,File_System,QueryDirectory,C:\WindSyst,0x00000000,"{""Filter"": ""WindSyst"", ""FileInformationClass"": ""FileBothDirectoryInformation"", ""2"": ""WindSyst""}"
329846,2026-09-10T14:02:46.546002+00:00,134335225665460029,4732,xcopy.exe,File_System,CreateFile,C:\WindSyst,0x00000000,"{""Desired Access"": ""Write Attributes"", ""Disposition"": ""Open"", ""Options"": """", ""Attributes"": ""n/a"", ""ShareMode"": ""Read, Write, Delete"", ""AllocationSize"": ""n/a"", ""OpenResult"": ""Opened""}"
329856,2026-09-10T14:02:46.548598+00:00,134335225665485984,4732,xcopy.exe,File_System,SetBasicInformationFile,C:\WindSyst,0x00000000,{}
329858,2026-09-10T14:02:46.548815+00:00,134335225665488151,4732,xcopy.exe,File_System,CloseFile,C:\WindSyst,0x00000000,{}
329859,2026-09-10T14:02:46.548898+00:00,134335225665488988,4732,xcopy.exe,File_System,IRP_MJ_CLOSE,C:\WindSyst,0x00000000,{}
329871,2026-09-10T14:02:46.553195+00:00,134335225665531953,4732,xcopy.exe,File_System,CreateFile,C:\WindSyst,0x00000000,"{""Desired Access"": ""Read Data/List Directory, Synchronize"", ""Disposition"": ""Open"", ""Options"": ""Directory, Synchronous IO Non-Alert"", ""Attributes"": ""n/a"", ""ShareMode"": ""Read, Write, Delete"", ""AllocationSize"": ""n/a"", ""OpenResult"": ""Opened""}"
329872,2026-09-10T14:02:46.553415+00:00,134335225665534152,4732,xcopy.exe,File_System,QueryDirectory,C:\WindSyst\libgcc_s_dw2-1.dll,0xc000000f,"{""Filter"": ""libgcc_s_dw2-1.dll"", ""FileInformationClass"": ""FileBothDirectoryInformation""}"
329873,2026-09-10T14:02:46.553554+00:00,134335225665535549,4732,xcopy.exe,File_System,CloseFile,C:\WindSyst,0x00000000,{}
329874,2026-09-10T14:02:46.553637+00:00,134335225665536370,4732,xcopy.exe,File_System,IRP_MJ_CLOSE,C:\WindSyst,0x00000000,{}
329927,2026-09-10T14:02:46.567757+00:00,134335225665677572,4732,xcopy.exe,File_System,CreateFile,C:\WindSyst\libgcc_s_dw2-1.dll,0x00000000,"{""Desired Access"": ""Generic Read/Write, Delete, Write DAC"", ""Disposition"": ""OverwriteIf"", ""Options"": ""Sequential Access, Non-Directory File"", ""Attributes"": ""A"", ""ShareMode"": ""None"", ""AllocationSize"": 120334, ""OpenResult"": ""Created""}"
329933,2026-09-10T14:02:46.569870+00:00,134335225665698704,4732,xcopy.exe,File_System,CloseFile,C:\WindSyst\libgcc_s_dw2-1.dll,0x00000000,{}
329935,2026-09-10T14:02:46.570275+00:00,134335225665702756,4732,xcopy.exe,File_System,IRP_MJ_CLOSE,C:\WindSyst\libgcc_s_dw2-1.dll,0x00000000,{}
329950,2026-09-10T14:02:46.574160+00:00,134335225665741601,4732,xcopy.exe,File_System,CreateFile,C:\WindSyst\libgcc_s_dw2-1.dll,0x00000000,"{""Desired Access"": ""Generic Read/Write, Delete, Write DAC"", ""Disposition"": ""OpenIf"", ""Options"": ""Sequential Access, Synchronous IO Non-Alert, Non-Directory File"", ""Attributes"": ""A"", ""ShareMode"": ""None"", ""AllocationSize"": 120334, ""OpenResult"": ""Opened""}"
329951,2026-09-10T14:02:46.574572+00:00,134335225665745722,4732,xcopy.exe,File_System,QueryAttributeInformationVolume,C:\WindSyst\libgcc_s_dw2-1.dll,0x00000000,{}
329953,2026-09-10T14:02:46.575733+00:00,134335225665757335,4732,xcopy.exe,File_System,QueryBasicInformationFile,C:\WindSyst\libgcc_s_dw2-1.dll,0x00000000,"{""CreationTime"": 134335225665656902, ""LastAccessTime"": 134335225665656902, ""LastWriteTime"": 134335225665656902, ""ChangeTime"": 134335225665656902, ""FileAttributes"": ""A""}"
330015,2026-09-10T14:02:46.596563+00:00,134335225665965633,4732,xcopy.exe,File_System,SetEndOfFileInformationFile,C:\WindSyst\libgcc_s_dw2-1.dll,0x00000000,{}
330065,2026-09-10T14:02:46.609743+00:00,134335225666097437,4732,xcopy.exe,File_System,WriteFile,C:\WindSyst\libgcc_s_dw2-1.dll,0x00000000,"{""Offset"": 0, ""Length"": 120334, ""Priority"": ""Normal""}"
330070,2026-09-10T14:02:46.611350+00:00,134335225666113503,4732,xcopy.exe,File_System,SetBasicInformationFile,C:\WindSyst\libgcc_s_dw2-1.dll,0x00000000,{}
330072,2026-09-10T14:02:46.611974+00:00,134335225666119740,4732,xcopy.exe,File_System,QueryRemoteProtocolInformation,C:\WindSyst\libgcc_s_dw2-1.dll,0xc000000d,{}
330077,2026-09-10T14:02:46.612327+00:00,134335225666123271,4732,xcopy.exe,File_System,CloseFile,C:\WindSyst\libgcc_s_dw2-1.dll,0x00000000,{}
330085,2026-09-10T14:02:46.615346+00:00,134335225666153460,4732,xcopy.exe,File_System,QueryOpen,C:\WindSyst\libgcc_s_dw2-1.dll,0xc01c0004,{}
330087,2026-09-10T14:02:46.616037+00:00,134335225666160374,4732,xcopy.exe,File_System,CreateFile,C:\WindSyst\libgcc_s_dw2-1.dll,0x00000000,"{""Desired Access"": ""Read Attributes"", ""Disposition"": ""Open"", ""Options"": ""Open Reparse Point"", ""Attributes"": ""n/a"", ""ShareMode"": ""Read, Write, Delete"", ""AllocationSize"": ""n/a"", ""OpenResult"": ""Opened""}"
330088,2026-09-10T14:02:46.616191+00:00,134335225666161918,4732,xcopy.exe,File_System,QueryBasicInformationFile,C:\WindSyst\libgcc_s_dw2-1.dll,0x00000000,"{""CreationTime"": 134335225665656902, ""LastAccessTime"": 134335225666135454, ""LastWriteTime"": 133049000900000000, ""ChangeTime"": 134335221259791201, ""FileAttributes"": ""A""}"
330089,2026-09-10T14:02:46.616256+00:00,134335225666162567,4732,xcopy.exe,File_System,CloseFile,C:\WindSyst\libgcc_s_dw2-1.dll,0x00000000,{}
330090,2026-09-10T14:02:46.616350+00:00,134335225666163506,4732,xcopy.exe,File_System,IRP_MJ_CLOSE,C:\WindSyst\libgcc_s_dw2-1.dll,0x00000000,{}
330093,2026-09-10T14:02:46.617228+00:00,134335225666172288,4732,xcopy.exe,File_System,CreateFile,C:\WindSyst\libgcc_s_dw2-1.dll,0x00000000,"{""Desired Access"": ""Write Attributes"", ""Disposition"": ""Open"", ""Options"": """", ""Attributes"": ""n/a"", ""ShareMode"": ""Read, Write, Delete"", ""AllocationSize"": ""n/a"", ""OpenResult"": ""Opened""}"
330094,2026-09-10T14:02:46.617562+00:00,134335225666175622,4732,xcopy.exe,File_System,SetBasicInformationFile,C:\WindSyst\libgcc_s_dw2-1.dll,0x00000000,{}
330096,2026-09-10T14:02:46.617690+00:00,134335225666176906,4732,xcopy.exe,File_System,CloseFile,C:\WindSyst\libgcc_s_dw2-1.dll,0x00000000,{}
330097,2026-09-10T14:02:46.617792+00:00,134335225666177920,4732,xcopy.exe,File_System,IRP_MJ_CLOSE,C:\WindSyst\libgcc_s_dw2-1.dll,0x00000000,{}
330103,2026-09-10T14:02:46.619887+00:00,134335225666198872,4732,xcopy.exe,File_System,CreateFile,C:\WindSyst,0x00000000,"{""Desired Access"": ""Read Data/List Directory, Synchronize"", ""Disposition"": ""Open"", ""Options"": ""Directory, Synchronous IO Non-Alert"", ""Attributes"": ""n/a"", ""ShareMode"": ""Read, Write, Delete"", ""AllocationSize"": ""n/a"", ""OpenResult"": ""Opened""}"
330104,2026-09-10T14:02:46.620093+00:00,134335225666200938,4732,xcopy.exe,File_System,QueryDirectory,C:\WindSyst\libgcc_s_dw2-1.dll,0x00000000,"{""Filter"": ""libgcc_s_dw2-1.dll"", ""FileInformationClass"": ""FileBothDirectoryInformation"", ""2"": ""libgcc_s_dw2-1.dll""}"
330105,2026-09-10T14:02:46.620318+00:00,134335225666203188,4732,xcopy.exe,File_System,CloseFile,C:\WindSyst,0x00000000,{}
330106,2026-09-10T14:02:46.620410+00:00,134335225666204108,4732,xcopy.exe,File_System,IRP_MJ_CLOSE,C:\WindSyst,0x00000000,{}
330107,2026-09-10T14:02:46.621187+00:00,134335225666211871,4732,xcopy.exe,File_System,CreateFile,C:\WindSyst\libgcc_s_dw2-1.dll,0x00000000,"{""Desired Access"": ""Write Attributes"", ""Disposition"": ""Open"", ""Options"": """", ""Attributes"": ""n/a"", ""ShareMode"": ""Read, Write, Delete"", ""AllocationSize"": ""n/a"", ""OpenResult"": ""Opened""}"
330108,2026-09-10T14:02:46.621441+00:00,134335225666214410,4732,xcopy.exe,File_System,SetBasicInformationFile,C:\WindSyst\libgcc_s_dw2-1.dll,0x00000000,{}
330109,2026-09-10T14:02:46.621533+00:00,134335225666215335,4732,xcopy.exe,File_System,CloseFile,C:\WindSyst\libgcc_s_dw2-1.dll,0x00000000,{}
330110,2026-09-10T14:02:46.621614+00:00,134335225666216146,4732,xcopy.exe,File_System,IRP_MJ_CLOSE,C:\WindSyst\libgcc_s_dw2-1.dll,0x00000000,{}
330193,2026-09-10T14:02:46.660402+00:00,134335225666604024,4732,xcopy.exe,Process,Process_Exit,,0x00000000,"{""Exit Status"": 0, ""User Time"": 781250, ""Kernel Time"": 1718750, ""Private Bytes"": 1470464, ""Peak Private Bytes"": 1470464, ""Working Set"": 5009408, ""Peak Working Set"": 5013504}"
330257,2026-09-10T14:02:46.677538+00:00,134335225666775381,1616,cmd.exe,Process,Process_Exit,,0x00000000,"{""Exit Status"": 0, ""User Time"": 0, ""Kernel Time"": 1406250, ""Private Bytes"": 4575232, ""Peak Private Bytes"": 4837376, ""Working Set"": 4792320, ""Peak Working Set"": 4907008}"
330374,2026-09-10T14:02:46.706907+00:00,134335225667069075,3332,Res.exe,Process,Process_Create,C:\Windows\SysWOW64\cmd.exe,0x00000000,"{""PID"": 5236, ""Command line"": ""C:\\Windows\\system32\\cmd.exe /c XCOPY libstdc++-6.dll c:\\WindSyst /S""}"
330375,2026-09-10T14:02:46.706951+00:00,134335225667069513,5236,cmd.exe,Process,Process_Start,,0x00000000,"{""Parent PID"": 3332, ""Command line"": ""C:\\Windows\\system32\\cmd.exe /c XCOPY libstdc++-6.dll c:\\WindSyst /S"", ""Current directory"": ""C:\\Lab\\sample\\VIRUS\\""}"
331159,2026-09-10T14:02:46.872129+00:00,134335225668721298,5236,cmd.exe,Process,Process_Create,C:\Windows\SysWOW64\xcopy.exe,0x00000000,"{""PID"": 2776, ""Command line"": ""XCOPY  libstdc++-6.dll c:\\WindSyst /S""}"
331160,2026-09-10T14:02:46.872172+00:00,134335225668721723,2776,xcopy.exe,Process,Process_Start,,0x00000000,"{""Parent PID"": 5236, ""Command line"": ""XCOPY  libstdc++-6.dll c:\\WindSyst /S"", ""Current directory"": ""C:\\Lab\\sample\\VIRUS\\""}"
332584,2026-09-10T14:02:47.170488+00:00,134335225671704885,2776,xcopy.exe,File_System,QueryDirectory,C:\WindSyst,0x00000000,"{""Filter"": ""WindSyst"", ""FileInformationClass"": ""FileBothDirectoryInformation"", ""2"": ""WindSyst""}"
332589,2026-09-10T14:02:47.171217+00:00,134335225671712174,2776,xcopy.exe,File_System,QueryDirectory,C:\WindSyst,0x00000000,"{""Filter"": ""WindSyst"", ""FileInformationClass"": ""FileBothDirectoryInformation"", ""2"": ""WindSyst""}"
332605,2026-09-10T14:02:47.174519+00:00,134335225671745199,2776,xcopy.exe,File_System,QueryDirectory,C:\WindSyst,0x00000000,"{""Filter"": ""WindSyst"", ""FileInformationClass"": ""FileBothDirectoryInformation"", ""2"": ""WindSyst""}"
332612,2026-09-10T14:02:47.176150+00:00,134335225671761501,2776,xcopy.exe,File_System,CreateFile,C:\WindSyst,0x00000000,"{""Desired Access"": ""Write Attributes"", ""Disposition"": ""Open"", ""Options"": """", ""Attributes"": ""n/a"", ""ShareMode"": ""Read, Write, Delete"", ""AllocationSize"": ""n/a"", ""OpenResult"": ""Opened""}"
332618,2026-09-10T14:02:47.176594+00:00,134335225671765945,2776,xcopy.exe,File_System,SetBasicInformationFile,C:\WindSyst,0x00000000,{}
332620,2026-09-10T14:02:47.176723+00:00,134335225671767236,2776,xcopy.exe,File_System,CloseFile,C:\WindSyst,0x00000000,{}
332621,2026-09-10T14:02:47.176804+00:00,134335225671768048,2776,xcopy.exe,File_System,IRP_MJ_CLOSE,C:\WindSyst,0x00000000,{}
332629,2026-09-10T14:02:47.179068+00:00,134335225671790683,2776,xcopy.exe,File_System,CreateFile,C:\WindSyst,0x00000000,"{""Desired Access"": ""Read Data/List Directory, Synchronize"", ""Disposition"": ""Open"", ""Options"": ""Directory, Synchronous IO Non-Alert"", ""Attributes"": ""n/a"", ""ShareMode"": ""Read, Write, Delete"", ""AllocationSize"": ""n/a"", ""OpenResult"": ""Opened""}"
332631,2026-09-10T14:02:47.179267+00:00,134335225671792670,2776,xcopy.exe,File_System,QueryDirectory,C:\WindSyst\libstdc++-6.dll,0xc000000f,"{""Filter"": ""libstdc++-6.dll"", ""FileInformationClass"": ""FileBothDirectoryInformation""}"
332632,2026-09-10T14:02:47.179388+00:00,134335225671793885,2776,xcopy.exe,File_System,CloseFile,C:\WindSyst,0x00000000,{}
332633,2026-09-10T14:02:47.179465+00:00,134335225671794654,2776,xcopy.exe,File_System,IRP_MJ_CLOSE,C:\WindSyst,0x00000000,{}
332659,2026-09-10T14:02:47.186041+00:00,134335225671860418,2776,xcopy.exe,File_System,CreateFile,C:\WindSyst\libstdc++-6.dll,0x00000000,"{""Desired Access"": ""Generic Read/Write, Delete, Write DAC"", ""Disposition"": ""OverwriteIf"", ""Options"": ""Sequential Access, Non-Directory File"", ""Attributes"": ""A"", ""ShareMode"": ""None"", ""AllocationSize"": 1540622, ""OpenResult"": ""Created""}"
332671,2026-09-10T14:02:47.188140+00:00,134335225671881404,2776,xcopy.exe,File_System,CloseFile,C:\WindSyst\libstdc++-6.dll,0x00000000,{}
332672,2026-09-10T14:02:47.188571+00:00,134335225671885719,2776,xcopy.exe,File_System,IRP_MJ_CLOSE,C:\WindSyst\libstdc++-6.dll,0x00000000,{}
332691,2026-09-10T14:02:47.193688+00:00,134335225671936885,2776,xcopy.exe,File_System,CreateFile,C:\WindSyst\libstdc++-6.dll,0x00000000,"{""Desired Access"": ""Generic Read/Write, Delete, Write DAC"", ""Disposition"": ""OpenIf"", ""Options"": ""Sequential Access, Synchronous IO Non-Alert, Non-Directory File"", ""Attributes"": ""A"", ""ShareMode"": ""None"", ""AllocationSize"": 1540622, ""OpenResult"": ""Opened""}"
332692,2026-09-10T14:02:47.193979+00:00,134335225671939798,2776,xcopy.exe,File_System,QueryAttributeInformationVolume,C:\WindSyst\libstdc++-6.dll,0x00000000,{}
332693,2026-09-10T14:02:47.194075+00:00,134335225671940751,2776,xcopy.exe,File_System,QueryBasicInformationFile,C:\WindSyst\libstdc++-6.dll,0x00000000,"{""CreationTime"": 134335225671940844, ""LastAccessTime"": 134335225671940844, ""LastWriteTime"": 134335225671940844, ""ChangeTime"": 134335225671940844, ""FileAttributes"": ""A""}"
332775,2026-09-10T14:02:47.210480+00:00,134335225672104809,2776,xcopy.exe,File_System,SetEndOfFileInformationFile,C:\WindSyst\libstdc++-6.dll,0x00000000,{}
332832,2026-09-10T14:02:47.221489+00:00,134335225672214897,2776,xcopy.exe,File_System,WriteFile,C:\WindSyst\libstdc++-6.dll,0x00000000,"{""Offset"": 0, ""Length"": 262144, ""Priority"": ""Normal""}"
332848,2026-09-10T14:02:47.227243+00:00,134335225672272439,2776,xcopy.exe,File_System,WriteFile,C:\WindSyst\libstdc++-6.dll,0x00000000,"{""Offset"": 262144, ""Length"": 262144}"
332850,2026-09-10T14:02:47.229078+00:00,134335225672290783,2776,xcopy.exe,File_System,WriteFile,C:\WindSyst\libstdc++-6.dll,0x00000000,"{""Offset"": 524288, ""Length"": 262144}"
332854,2026-09-10T14:02:47.230135+00:00,134335225672301358,2776,xcopy.exe,File_System,WriteFile,C:\WindSyst\libstdc++-6.dll,0x00000000,"{""Offset"": 786432, ""Length"": 262144}"
332859,2026-09-10T14:02:47.231284+00:00,134335225672312845,2776,xcopy.exe,File_System,WriteFile,C:\WindSyst\libstdc++-6.dll,0x00000000,"{""Offset"": 1048576, ""Length"": 262144}"
332870,2026-09-10T14:02:47.233833+00:00,134335225672338332,2776,xcopy.exe,File_System,WriteFile,C:\WindSyst\libstdc++-6.dll,0x00000000,"{""Offset"": 1310720, ""Length"": 229902}"
332873,2026-09-10T14:02:47.234387+00:00,134335225672343877,2776,xcopy.exe,File_System,SetBasicInformationFile,C:\WindSyst\libstdc++-6.dll,0x00000000,{}
332874,2026-09-10T14:02:47.234989+00:00,134335225672349896,2776,xcopy.exe,File_System,QueryRemoteProtocolInformation,C:\WindSyst\libstdc++-6.dll,0xc000000d,{}
332877,2026-09-10T14:02:47.235237+00:00,134335225672352371,2776,xcopy.exe,File_System,CloseFile,C:\WindSyst\libstdc++-6.dll,0x00000000,{}
332924,2026-09-10T14:02:47.246035+00:00,134335225672460355,2776,xcopy.exe,File_System,QueryOpen,C:\WindSyst\libstdc++-6.dll,0xc01c0004,{}
332926,2026-09-10T14:02:47.246699+00:00,134335225672466996,2776,xcopy.exe,File_System,CreateFile,C:\WindSyst\libstdc++-6.dll,0x00000000,"{""Desired Access"": ""Read Attributes"", ""Disposition"": ""Open"", ""Options"": ""Open Reparse Point"", ""Attributes"": ""n/a"", ""ShareMode"": ""Read, Write, Delete"", ""AllocationSize"": ""n/a"", ""OpenResult"": ""Opened""}"
332927,2026-09-10T14:02:47.246866+00:00,134335225672468663,2776,xcopy.exe,File_System,QueryBasicInformationFile,C:\WindSyst\libstdc++-6.dll,0x00000000,"{""CreationTime"": 134335225671940844, ""LastAccessTime"": 134335225672405703, ""LastWriteTime"": 133049000960000000, ""ChangeTime"": 134335221264182688, ""FileAttributes"": ""A""}"
332929,2026-09-10T14:02:47.246932+00:00,134335225672469329,2776,xcopy.exe,File_System,CloseFile,C:\WindSyst\libstdc++-6.dll,0x00000000,{}
332930,2026-09-10T14:02:47.247060+00:00,134335225672470609,2776,xcopy.exe,File_System,IRP_MJ_CLOSE,C:\WindSyst\libstdc++-6.dll,0x00000000,{}
332932,2026-09-10T14:02:47.247897+00:00,134335225672478976,2776,xcopy.exe,File_System,CreateFile,C:\WindSyst\libstdc++-6.dll,0x00000000,"{""Desired Access"": ""Write Attributes"", ""Disposition"": ""Open"", ""Options"": """", ""Attributes"": ""n/a"", ""ShareMode"": ""Read, Write, Delete"", ""AllocationSize"": ""n/a"", ""OpenResult"": ""Opened""}"
332933,2026-09-10T14:02:47.248189+00:00,134335225672481891,2776,xcopy.exe,File_System,SetBasicInformationFile,C:\WindSyst\libstdc++-6.dll,0x00000000,{}
332934,2026-09-10T14:02:47.248300+00:00,134335225672483002,2776,xcopy.exe,File_System,CloseFile,C:\WindSyst\libstdc++-6.dll,0x00000000,{}
332935,2026-09-10T14:02:47.248387+00:00,134335225672483875,2776,xcopy.exe,File_System,IRP_MJ_CLOSE,C:\WindSyst\libstdc++-6.dll,0x00000000,{}
332938,2026-09-10T14:02:47.249348+00:00,134335225672493484,2776,xcopy.exe,File_System,CreateFile,C:\WindSyst,0x00000000,"{""Desired Access"": ""Read Data/List Directory, Synchronize"", ""Disposition"": ""Open"", ""Options"": ""Directory, Synchronous IO Non-Alert"", ""Attributes"": ""n/a"", ""ShareMode"": ""Read, Write, Delete"", ""AllocationSize"": ""n/a"", ""OpenResult"": ""Opened""}"
332942,2026-09-10T14:02:47.249586+00:00,134335225672495863,2776,xcopy.exe,File_System,QueryDirectory,C:\WindSyst\libstdc++-6.dll,0x00000000,"{""Filter"": ""libstdc++-6.dll"", ""FileInformationClass"": ""FileBothDirectoryInformation"", ""2"": ""libstdc++-6.dll""}"
332943,2026-09-10T14:02:47.249802+00:00,134335225672498026,2776,xcopy.exe,File_System,CloseFile,C:\WindSyst,0x00000000,{}
332944,2026-09-10T14:02:47.249888+00:00,134335225672498881,2776,xcopy.exe,File_System,IRP_MJ_CLOSE,C:\WindSyst,0x00000000,{}
332945,2026-09-10T14:02:47.250656+00:00,134335225672506560,2776,xcopy.exe,File_System,CreateFile,C:\WindSyst\libstdc++-6.dll,0x00000000,"{""Desired Access"": ""Write Attributes"", ""Disposition"": ""Open"", ""Options"": """", ""Attributes"": ""n/a"", ""ShareMode"": ""Read, Write, Delete"", ""AllocationSize"": ""n/a"", ""OpenResult"": ""Opened""}"
332947,2026-09-10T14:02:47.250928+00:00,134335225672509288,2776,xcopy.exe,File_System,SetBasicInformationFile,C:\WindSyst\libstdc++-6.dll,0x00000000,{}
332948,2026-09-10T14:02:47.251021+00:00,134335225672510219,2776,xcopy.exe,File_System,CloseFile,C:\WindSyst\libstdc++-6.dll,0x00000000,{}
332949,2026-09-10T14:02:47.251105+00:00,134335225672511055,2776,xcopy.exe,File_System,IRP_MJ_CLOSE,C:\WindSyst\libstdc++-6.dll,0x00000000,{}
333017,2026-09-10T14:02:47.268892+00:00,134335225672688926,2776,xcopy.exe,Process,Process_Exit,,0x00000000,"{""Exit Status"": 0, ""User Time"": 156250, ""Kernel Time"": 1562500, ""Private Bytes"": 1527808, ""Peak Private Bytes"": 1527808, ""Working Set"": 5124096, ""Peak Working Set"": 5128192}"
333071,2026-09-10T14:02:47.283248+00:00,134335225672832481,5236,cmd.exe,Process,Process_Exit,,0x00000000,"{""Exit Status"": 0, ""User Time"": 312500, ""Kernel Time"": 1250000, ""Private Bytes"": 4579328, ""Peak Private Bytes"": 4841472, ""Working Set"": 4796416, ""Peak Working Set"": 4911104}"
333191,2026-09-10T14:02:47.313137+00:00,134335225673131379,3332,Res.exe,Process,Process_Create,C:\Windows\SysWOW64\cmd.exe,0x00000000,"{""PID"": 4936, ""Command line"": ""C:\\Windows\\system32\\cmd.exe /c XCOPY libwinpthread-1.dll c:\\WindSyst /S""}"
333192,2026-09-10T14:02:47.313184+00:00,134335225673131846,4936,cmd.exe,Process,Process_Start,,0x00000000,"{""Parent PID"": 3332, ""Command line"": ""C:\\Windows\\system32\\cmd.exe /c XCOPY libwinpthread-1.dll c:\\WindSyst /S"", ""Current directory"": ""C:\\Lab\\sample\\VIRUS\\""}"
334175,2026-09-10T14:02:47.526066+00:00,134335225675260664,4936,cmd.exe,Process,Process_Create,C:\Windows\SysWOW64\xcopy.exe,0x00000000,"{""PID"": 1496, ""Command line"": ""XCOPY  libwinpthread-1.dll c:\\WindSyst /S""}"
334176,2026-09-10T14:02:47.526116+00:00,134335225675261166,1496,xcopy.exe,Process,Process_Start,,0x00000000,"{""Parent PID"": 4936, ""Command line"": ""XCOPY  libwinpthread-1.dll c:\\WindSyst /S"", ""Current directory"": ""C:\\Lab\\sample\\VIRUS\\""}"
335104,2026-09-10T14:02:47.746723+00:00,134335225677467237,1496,xcopy.exe,File_System,QueryDirectory,C:\WindSyst,0x00000000,"{""Filter"": ""WindSyst"", ""FileInformationClass"": ""FileBothDirectoryInformation"", ""2"": ""WindSyst""}"
335109,2026-09-10T14:02:47.747271+00:00,134335225677472716,1496,xcopy.exe,File_System,QueryDirectory,C:\WindSyst,0x00000000,"{""Filter"": ""WindSyst"", ""FileInformationClass"": ""FileBothDirectoryInformation"", ""2"": ""WindSyst""}"
335125,2026-09-10T14:02:47.749355+00:00,134335225677493550,1496,xcopy.exe,File_System,QueryDirectory,C:\WindSyst,0x00000000,"{""Filter"": ""WindSyst"", ""FileInformationClass"": ""FileBothDirectoryInformation"", ""2"": ""WindSyst""}"
335129,2026-09-10T14:02:47.750324+00:00,134335225677503247,1496,xcopy.exe,File_System,CreateFile,C:\WindSyst,0x00000000,"{""Desired Access"": ""Write Attributes"", ""Disposition"": ""Open"", ""Options"": """", ""Attributes"": ""n/a"", ""ShareMode"": ""Read, Write, Delete"", ""AllocationSize"": ""n/a"", ""OpenResult"": ""Opened""}"
335133,2026-09-10T14:02:47.750795+00:00,134335225677507953,1496,xcopy.exe,File_System,SetBasicInformationFile,C:\WindSyst,0x00000000,{}
335134,2026-09-10T14:02:47.750998+00:00,134335225677509986,1496,xcopy.exe,File_System,CloseFile,C:\WindSyst,0x00000000,{}
335135,2026-09-10T14:02:47.751090+00:00,134335225677510908,1496,xcopy.exe,File_System,IRP_MJ_CLOSE,C:\WindSyst,0x00000000,{}
335143,2026-09-10T14:02:47.753493+00:00,134335225677534937,1496,xcopy.exe,File_System,CreateFile,C:\WindSyst,0x00000000,"{""Desired Access"": ""Read Data/List Directory, Synchronize"", ""Disposition"": ""Open"", ""Options"": ""Directory, Synchronous IO Non-Alert"", ""Attributes"": ""n/a"", ""ShareMode"": ""Read, Write, Delete"", ""AllocationSize"": ""n/a"", ""OpenResult"": ""Opened""}"
335144,2026-09-10T14:02:47.753687+00:00,134335225677536876,1496,xcopy.exe,File_System,QueryDirectory,C:\WindSyst\libwinpthread-1.dll,0xc000000f,"{""Filter"": ""libwinpthread-1.dll"", ""FileInformationClass"": ""FileBothDirectoryInformation""}"
335146,2026-09-10T14:02:47.753808+00:00,134335225677538083,1496,xcopy.exe,File_System,CloseFile,C:\WindSyst,0x00000000,{}
335147,2026-09-10T14:02:47.753886+00:00,134335225677538863,1496,xcopy.exe,File_System,IRP_MJ_CLOSE,C:\WindSyst,0x00000000,{}
335171,2026-09-10T14:02:47.759028+00:00,134335225677590283,1496,xcopy.exe,File_System,CreateFile,C:\WindSyst\libwinpthread-1.dll,0x00000000,"{""Desired Access"": ""Generic Read/Write, Delete, Write DAC"", ""Disposition"": ""OverwriteIf"", ""Options"": ""Sequential Access, Non-Directory File"", ""Attributes"": ""A"", ""ShareMode"": ""None"", ""AllocationSize"": 79360, ""OpenResult"": ""Created""}"
335190,2026-09-10T14:02:47.765162+00:00,134335225677651622,1496,xcopy.exe,File_System,CloseFile,C:\WindSyst\libwinpthread-1.dll,0x00000000,{}
335191,2026-09-10T14:02:47.765551+00:00,134335225677655517,1496,xcopy.exe,File_System,IRP_MJ_CLOSE,C:\WindSyst\libwinpthread-1.dll,0x00000000,{}
335194,2026-09-10T14:02:47.766481+00:00,134335225677664816,1496,xcopy.exe,File_System,CreateFile,C:\WindSyst\libwinpthread-1.dll,0x00000000,"{""Desired Access"": ""Generic Read/Write, Delete, Write DAC"", ""Disposition"": ""OpenIf"", ""Options"": ""Sequential Access, Synchronous IO Non-Alert, Non-Directory File"", ""Attributes"": ""A"", ""ShareMode"": ""None"", ""AllocationSize"": 79360, ""OpenResult"": ""Opened""}"
335196,2026-09-10T14:02:47.766781+00:00,134335225677667816,1496,xcopy.exe,File_System,QueryAttributeInformationVolume,C:\WindSyst\libwinpthread-1.dll,0x00000000,{}
335197,2026-09-10T14:02:47.766867+00:00,134335225677668675,1496,xcopy.exe,File_System,QueryBasicInformationFile,C:\WindSyst\libwinpthread-1.dll,0x00000000,"{""CreationTime"": 134335225677547417, ""LastAccessTime"": 134335225677547417, ""LastWriteTime"": 134335225677547417, ""ChangeTime"": 134335225677547417, ""FileAttributes"": ""A""}"
335266,2026-09-10T14:02:47.784627+00:00,134335225677846270,1496,xcopy.exe,File_System,SetEndOfFileInformationFile,C:\WindSyst\libwinpthread-1.dll,0x00000000,{}
335282,2026-09-10T14:02:47.787243+00:00,134335225677872431,1496,xcopy.exe,File_System,WriteFile,C:\WindSyst\libwinpthread-1.dll,0x00000000,"{""Offset"": 0, ""Length"": 79360, ""Priority"": ""Normal""}"
335285,2026-09-10T14:02:47.788151+00:00,134335225677881516,1496,xcopy.exe,File_System,SetBasicInformationFile,C:\WindSyst\libwinpthread-1.dll,0x00000000,{}
335290,2026-09-10T14:02:47.788559+00:00,134335225677885592,1496,xcopy.exe,File_System,QueryRemoteProtocolInformation,C:\WindSyst\libwinpthread-1.dll,0xc000000d,{}
335293,2026-09-10T14:02:47.788785+00:00,134335225677887857,1496,xcopy.exe,File_System,CloseFile,C:\WindSyst\libwinpthread-1.dll,0x00000000,{}
335302,2026-09-10T14:02:47.792599+00:00,134335225677925997,1496,xcopy.exe,File_System,QueryOpen,C:\WindSyst\libwinpthread-1.dll,0xc01c0004,{}
335307,2026-09-10T14:02:47.793269+00:00,134335225677932692,1496,xcopy.exe,File_System,CreateFile,C:\WindSyst\libwinpthread-1.dll,0x00000000,"{""Desired Access"": ""Read Attributes"", ""Disposition"": ""Open"", ""Options"": ""Open Reparse Point"", ""Attributes"": ""n/a"", ""ShareMode"": ""Read, Write, Delete"", ""AllocationSize"": ""n/a"", ""OpenResult"": ""Opened""}"
335310,2026-09-10T14:02:47.793412+00:00,134335225677934123,1496,xcopy.exe,File_System,QueryBasicInformationFile,C:\WindSyst\libwinpthread-1.dll,0x00000000,"{""CreationTime"": 134335225677547417, ""LastAccessTime"": 134335225677863125, ""LastWriteTime"": 133049000880000000, ""ChangeTime"": 134335221266376773, ""FileAttributes"": ""A""}"
335311,2026-09-10T14:02:47.793475+00:00,134335225677934754,1496,xcopy.exe,File_System,CloseFile,C:\WindSyst\libwinpthread-1.dll,0x00000000,{}
335312,2026-09-10T14:02:47.793570+00:00,134335225677935703,1496,xcopy.exe,File_System,IRP_MJ_CLOSE,C:\WindSyst\libwinpthread-1.dll,0x00000000,{}
335314,2026-09-10T14:02:47.794465+00:00,134335225677944655,1496,xcopy.exe,File_System,CreateFile,C:\WindSyst\libwinpthread-1.dll,0x00000000,"{""Desired Access"": ""Write Attributes"", ""Disposition"": ""Open"", ""Options"": """", ""Attributes"": ""n/a"", ""ShareMode"": ""Read, Write, Delete"", ""AllocationSize"": ""n/a"", ""OpenResult"": ""Opened""}"
335316,2026-09-10T14:02:47.794827+00:00,134335225677948276,1496,xcopy.exe,File_System,SetBasicInformationFile,C:\WindSyst\libwinpthread-1.dll,0x00000000,{}
335317,2026-09-10T14:02:47.794942+00:00,134335225677949420,1496,xcopy.exe,File_System,CloseFile,C:\WindSyst\libwinpthread-1.dll,0x00000000,{}
335318,2026-09-10T14:02:47.795036+00:00,134335225677950368,1496,xcopy.exe,File_System,IRP_MJ_CLOSE,C:\WindSyst\libwinpthread-1.dll,0x00000000,{}
335320,2026-09-10T14:02:47.795984+00:00,134335225677959844,1496,xcopy.exe,File_System,CreateFile,C:\WindSyst,0x00000000,"{""Desired Access"": ""Read Data/List Directory, Synchronize"", ""Disposition"": ""Open"", ""Options"": ""Directory, Synchronous IO Non-Alert"", ""Attributes"": ""n/a"", ""ShareMode"": ""Read, Write, Delete"", ""AllocationSize"": ""n/a"", ""OpenResult"": ""Opened""}"
335322,2026-09-10T14:02:47.796193+00:00,134335225677961939,1496,xcopy.exe,File_System,QueryDirectory,C:\WindSyst\libwinpthread-1.dll,0x00000000,"{""Filter"": ""libwinpthread-1.dll"", ""FileInformationClass"": ""FileBothDirectoryInformation"", ""2"": ""libwinpthread-1.dll""}"
335324,2026-09-10T14:02:47.796427+00:00,134335225677964279,1496,xcopy.exe,File_System,CloseFile,C:\WindSyst,0x00000000,{}
335325,2026-09-10T14:02:47.796513+00:00,134335225677965137,1496,xcopy.exe,File_System,IRP_MJ_CLOSE,C:\WindSyst,0x00000000,{}
335327,2026-09-10T14:02:47.797305+00:00,134335225677973053,1496,xcopy.exe,File_System,CreateFile,C:\WindSyst\libwinpthread-1.dll,0x00000000,"{""Desired Access"": ""Write Attributes"", ""Disposition"": ""Open"", ""Options"": """", ""Attributes"": ""n/a"", ""ShareMode"": ""Read, Write, Delete"", ""AllocationSize"": ""n/a"", ""OpenResult"": ""Opened""}"
335387,2026-09-10T14:02:47.814957+00:00,134335225678149571,1496,xcopy.exe,File_System,SetBasicInformationFile,C:\WindSyst\libwinpthread-1.dll,0x00000000,{}
335388,2026-09-10T14:02:47.815082+00:00,134335225678150828,1496,xcopy.exe,File_System,CloseFile,C:\WindSyst\libwinpthread-1.dll,0x00000000,{}
335389,2026-09-10T14:02:47.815173+00:00,134335225678151733,1496,xcopy.exe,File_System,IRP_MJ_CLOSE,C:\WindSyst\libwinpthread-1.dll,0x00000000,{}
335458,2026-09-10T14:02:47.830554+00:00,134335225678305547,1496,xcopy.exe,Process,Process_Exit,,0x00000000,"{""Exit Status"": 0, ""User Time"": 0, ""Kernel Time"": 2031250, ""Private Bytes"": 1339392, ""Peak Private Bytes"": 1339392, ""Working Set"": 4931584, ""Peak Working Set"": 4935680}"
335523,2026-09-10T14:02:47.845056+00:00,134335225678450566,4936,cmd.exe,Process,Process_Exit,,0x00000000,"{""Exit Status"": 0, ""User Time"": 156250, ""Kernel Time"": 781250, ""Private Bytes"": 4575232, ""Peak Private Bytes"": 4837376, ""Working Set"": 4898816, ""Peak Working Set"": 5013504}"
335653,2026-09-10T14:02:47.875735+00:00,134335225678757351,3332,Res.exe,Process,Process_Create,C:\Windows\SysWOW64\cmd.exe,0x00000000,"{""PID"": 432, ""Command line"": ""C:\\Windows\\system32\\cmd.exe /c XCOPY Qt5Cored.dll c:\\WindSyst /S""}"
335654,2026-09-10T14:02:47.875782+00:00,134335225678757823,432,cmd.exe,Process,Process_Start,,0x00000000,"{""Parent PID"": 3332, ""Command line"": ""C:\\Windows\\system32\\cmd.exe /c XCOPY Qt5Cored.dll c:\\WindSyst /S"", ""Current directory"": ""C:\\Lab\\sample\\VIRUS\\""}"
337026,2026-09-10T14:02:48.151835+00:00,134335225681518356,432,cmd.exe,Process,Process_Create,C:\Windows\SysWOW64\xcopy.exe,0x00000000,"{""PID"": 5600, ""Command line"": ""XCOPY  Qt5Cored.dll c:\\WindSyst /S""}"
337027,2026-09-10T14:02:48.151882+00:00,134335225681518821,5600,xcopy.exe,Process,Process_Start,,0x00000000,"{""Parent PID"": 432, ""Command line"": ""XCOPY  Qt5Cored.dll c:\\WindSyst /S"", ""Current directory"": ""C:\\Lab\\sample\\VIRUS\\""}"
337956,2026-09-10T14:02:48.357475+00:00,134335225683574752,5600,xcopy.exe,Process,Process_Exit,,0x00000000,"{""Exit Status"": 4, ""User Time"": 312500, ""Kernel Time"": 1093750, ""Private Bytes"": 1110016, ""Peak Private Bytes"": 1110016, ""Working Set"": 4349952, ""Peak Working Set"": 4354048}"
338008,2026-09-10T14:02:48.371439+00:00,134335225683714395,432,cmd.exe,Process,Process_Exit,,0x00000000,"{""Exit Status"": 4, ""User Time"": 625000, ""Kernel Time"": 1093750, ""Private Bytes"": 4583424, ""Peak Private Bytes"": 4845568, ""Working Set"": 4792320, ""Peak Working Set"": 4907008}"
338181,2026-09-10T14:02:48.413827+00:00,134335225684138273,3332,Res.exe,Process,Process_Create,C:\Windows\SysWOW64\cmd.exe,0x00000000,"{""PID"": 2280, ""Command line"": ""C:\\Windows\\system32\\cmd.exe /c XCOPY Res.exe c:\\WindSyst /S""}"
338182,2026-09-10T14:02:48.413869+00:00,134335225684138696,2280,cmd.exe,Process,Process_Start,,0x00000000,"{""Parent PID"": 3332, ""Command line"": ""C:\\Windows\\system32\\cmd.exe /c XCOPY Res.exe c:\\WindSyst /S"", ""Current directory"": ""C:\\Lab\\sample\\VIRUS\\""}"
339218,2026-09-10T14:02:48.647250+00:00,134335225686472507,2280,cmd.exe,Process,Process_Create,C:\Windows\SysWOW64\xcopy.exe,0x00000000,"{""PID"": 3996, ""Command line"": ""XCOPY  Res.exe c:\\WindSyst /S""}"
339219,2026-09-10T14:02:48.647295+00:00,134335225686472951,3996,xcopy.exe,Process,Process_Start,,0x00000000,"{""Parent PID"": 2280, ""Command line"": ""XCOPY  Res.exe c:\\WindSyst /S"", ""Current directory"": ""C:\\Lab\\sample\\VIRUS\\""}"
340103,2026-09-10T14:02:48.858735+00:00,134335225688587354,3996,xcopy.exe,File_System,QueryDirectory,C:\WindSyst,0x00000000,"{""Filter"": ""WindSyst"", ""FileInformationClass"": ""FileBothDirectoryInformation"", ""2"": ""WindSyst""}"
340109,2026-09-10T14:02:48.859323+00:00,134335225688593237,3996,xcopy.exe,File_System,QueryDirectory,C:\WindSyst,0x00000000,"{""Filter"": ""WindSyst"", ""FileInformationClass"": ""FileBothDirectoryInformation"", ""2"": ""WindSyst""}"
340120,2026-09-10T14:02:48.861958+00:00,134335225688619580,3996,xcopy.exe,File_System,QueryDirectory,C:\WindSyst,0x00000000,"{""Filter"": ""WindSyst"", ""FileInformationClass"": ""FileBothDirectoryInformation"", ""2"": ""WindSyst""}"
340128,2026-09-10T14:02:48.863583+00:00,134335225688635835,3996,xcopy.exe,File_System,CreateFile,C:\WindSyst,0x00000000,"{""Desired Access"": ""Write Attributes"", ""Disposition"": ""Open"", ""Options"": """", ""Attributes"": ""n/a"", ""ShareMode"": ""Read, Write, Delete"", ""AllocationSize"": ""n/a"", ""OpenResult"": ""Opened""}"
340133,2026-09-10T14:02:48.864254+00:00,134335225688642543,3996,xcopy.exe,File_System,SetBasicInformationFile,C:\WindSyst,0x00000000,{}
340135,2026-09-10T14:02:48.864409+00:00,134335225688644095,3996,xcopy.exe,File_System,CloseFile,C:\WindSyst,0x00000000,{}
340137,2026-09-10T14:02:48.865425+00:00,134335225688654253,3996,xcopy.exe,File_System,IRP_MJ_CLOSE,C:\WindSyst,0x00000000,{}
340146,2026-09-10T14:02:48.868437+00:00,134335225688684377,3996,xcopy.exe,File_System,CreateFile,C:\WindSyst,0x00000000,"{""Desired Access"": ""Read Data/List Directory, Synchronize"", ""Disposition"": ""Open"", ""Options"": ""Directory, Synchronous IO Non-Alert"", ""Attributes"": ""n/a"", ""ShareMode"": ""Read, Write, Delete"", ""AllocationSize"": ""n/a"", ""OpenResult"": ""Opened""}"
340148,2026-09-10T14:02:48.868668+00:00,134335225688686684,3996,xcopy.exe,File_System,QueryDirectory,C:\WindSyst\Res.exe,0xc000000f,"{""Filter"": ""Res.exe"", ""FileInformationClass"": ""FileBothDirectoryInformation""}"
340149,2026-09-10T14:02:48.868831+00:00,134335225688688311,3996,xcopy.exe,File_System,CloseFile,C:\WindSyst,0x00000000,{}
340150,2026-09-10T14:02:48.868919+00:00,134335225688689196,3996,xcopy.exe,File_System,IRP_MJ_CLOSE,C:\WindSyst,0x00000000,{}
340179,2026-09-10T14:02:48.876160+00:00,134335225688761606,3996,xcopy.exe,File_System,CreateFile,C:\WindSyst\Res.exe,0x00000000,"{""Desired Access"": ""Generic Read/Write, Delete, Write DAC"", ""Disposition"": ""OverwriteIf"", ""Options"": ""Sequential Access, Non-Directory File"", ""Attributes"": ""A"", ""ShareMode"": ""None"", ""AllocationSize"": 25088, ""OpenResult"": ""Created""}"
340188,2026-09-10T14:02:48.878279+00:00,134335225688782793,3996,xcopy.exe,File_System,CloseFile,C:\WindSyst\Res.exe,0x00000000,{}
340190,2026-09-10T14:02:48.878773+00:00,134335225688787734,3996,xcopy.exe,File_System,IRP_MJ_CLOSE,C:\WindSyst\Res.exe,0x00000000,{}
340193,2026-09-10T14:02:48.879900+00:00,134335225688799003,3996,xcopy.exe,File_System,CreateFile,C:\WindSyst\Res.exe,0x00000000,"{""Desired Access"": ""Generic Read/Write, Delete, Write DAC"", ""Disposition"": ""OpenIf"", ""Options"": ""Sequential Access, Synchronous IO Non-Alert, Non-Directory File"", ""Attributes"": ""A"", ""ShareMode"": ""None"", ""AllocationSize"": 25088, ""OpenResult"": ""Opened""}"
340199,2026-09-10T14:02:48.881621+00:00,134335225688816218,3996,xcopy.exe,File_System,QueryAttributeInformationVolume,C:\WindSyst\Res.exe,0x00000000,{}
340200,2026-09-10T14:02:48.881901+00:00,134335225688819016,3996,xcopy.exe,File_System,QueryBasicInformationFile,C:\WindSyst\Res.exe,0x00000000,"{""CreationTime"": 134335225688810804, ""LastAccessTime"": 134335225688810804, ""LastWriteTime"": 134335225688810804, ""ChangeTime"": 134335225688810804, ""FileAttributes"": ""A""}"
340280,2026-09-10T14:02:48.907655+00:00,134335225689076550,3996,xcopy.exe,File_System,SetEndOfFileInformationFile,C:\WindSyst\Res.exe,0x00000000,{}
340294,2026-09-10T14:02:48.910192+00:00,134335225689101926,3996,xcopy.exe,File_System,WriteFile,C:\WindSyst\Res.exe,0x00000000,"{""Offset"": 0, ""Length"": 25088, ""Priority"": ""Normal""}"
340295,2026-09-10T14:02:48.911079+00:00,134335225689110796,3996,xcopy.exe,File_System,SetBasicInformationFile,C:\WindSyst\Res.exe,0x00000000,{}
340297,2026-09-10T14:02:48.911474+00:00,134335225689114749,3996,xcopy.exe,File_System,QueryRemoteProtocolInformation,C:\WindSyst\Res.exe,0xc000000d,{}
340299,2026-09-10T14:02:48.911720+00:00,134335225689117204,3996,xcopy.exe,File_System,CloseFile,C:\WindSyst\Res.exe,0x00000000,{}
340314,2026-09-10T14:02:48.916524+00:00,134335225689165241,3996,xcopy.exe,File_System,QueryOpen,C:\WindSyst\Res.exe,0xc01c0004,{}
340315,2026-09-10T14:02:48.917244+00:00,134335225689172448,3996,xcopy.exe,File_System,CreateFile,C:\WindSyst\Res.exe,0x00000000,"{""Desired Access"": ""Read Attributes"", ""Disposition"": ""Open"", ""Options"": ""Open Reparse Point"", ""Attributes"": ""n/a"", ""ShareMode"": ""Read, Write, Delete"", ""AllocationSize"": ""n/a"", ""OpenResult"": ""Opened""}"
340317,2026-09-10T14:02:48.917407+00:00,134335225689174071,3996,xcopy.exe,File_System,QueryBasicInformationFile,C:\WindSyst\Res.exe,0x00000000,"{""CreationTime"": 134335225688810804, ""LastAccessTime"": 134335225689103576, ""LastWriteTime"": 133056491980000000, ""ChangeTime"": 134335221320124355, ""FileAttributes"": ""A""}"
340318,2026-09-10T14:02:48.917473+00:00,134335225689174736,3996,xcopy.exe,File_System,CloseFile,C:\WindSyst\Res.exe,0x00000000,{}
340319,2026-09-10T14:02:48.917568+00:00,134335225689175680,3996,xcopy.exe,File_System,IRP_MJ_CLOSE,C:\WindSyst\Res.exe,0x00000000,{}
340323,2026-09-10T14:02:48.918421+00:00,134335225689184218,3996,xcopy.exe,File_System,CreateFile,C:\WindSyst\Res.exe,0x00000000,"{""Desired Access"": ""Write Attributes"", ""Disposition"": ""Open"", ""Options"": """", ""Attributes"": ""n/a"", ""ShareMode"": ""Read, Write, Delete"", ""AllocationSize"": ""n/a"", ""OpenResult"": ""Opened""}"
340325,2026-09-10T14:02:48.918723+00:00,134335225689187237,3996,xcopy.exe,File_System,SetBasicInformationFile,C:\WindSyst\Res.exe,0x00000000,{}
340326,2026-09-10T14:02:48.918831+00:00,134335225689188315,3996,xcopy.exe,File_System,CloseFile,C:\WindSyst\Res.exe,0x00000000,{}
340327,2026-09-10T14:02:48.918919+00:00,134335225689189191,3996,xcopy.exe,File_System,IRP_MJ_CLOSE,C:\WindSyst\Res.exe,0x00000000,{}
340333,2026-09-10T14:02:48.919802+00:00,134335225689198021,3996,xcopy.exe,File_System,CreateFile,C:\WindSyst,0x00000000,"{""Desired Access"": ""Read Data/List Directory, Synchronize"", ""Disposition"": ""Open"", ""Options"": ""Directory, Synchronous IO Non-Alert"", ""Attributes"": ""n/a"", ""ShareMode"": ""Read, Write, Delete"", ""AllocationSize"": ""n/a"", ""OpenResult"": ""Opened""}"
340335,2026-09-10T14:02:48.920008+00:00,134335225689200086,3996,xcopy.exe,File_System,QueryDirectory,C:\WindSyst\Res.exe,0x00000000,"{""Filter"": ""Res.exe"", ""FileInformationClass"": ""FileBothDirectoryInformation"", ""2"": ""Res.exe""}"
340337,2026-09-10T14:02:48.920202+00:00,134335225689202027,3996,xcopy.exe,File_System,CloseFile,C:\WindSyst,0x00000000,{}
340338,2026-09-10T14:02:48.920287+00:00,134335225689202873,3996,xcopy.exe,File_System,IRP_MJ_CLOSE,C:\WindSyst,0x00000000,{}
340339,2026-09-10T14:02:48.921064+00:00,134335225689210649,3996,xcopy.exe,File_System,CreateFile,C:\WindSyst\Res.exe,0x00000000,"{""Desired Access"": ""Write Attributes"", ""Disposition"": ""Open"", ""Options"": """", ""Attributes"": ""n/a"", ""ShareMode"": ""Read, Write, Delete"", ""AllocationSize"": ""n/a"", ""OpenResult"": ""Opened""}"
340340,2026-09-10T14:02:48.921339+00:00,134335225689213393,3996,xcopy.exe,File_System,SetBasicInformationFile,C:\WindSyst\Res.exe,0x00000000,{}
340341,2026-09-10T14:02:48.921439+00:00,134335225689214390,3996,xcopy.exe,File_System,CloseFile,C:\WindSyst\Res.exe,0x00000000,{}
340343,2026-09-10T14:02:48.921526+00:00,134335225689215269,3996,xcopy.exe,File_System,IRP_MJ_CLOSE,C:\WindSyst\Res.exe,0x00000000,{}
340465,2026-09-10T14:02:48.950356+00:00,134335225689503562,3996,xcopy.exe,Process,Process_Exit,,0x00000000,"{""Exit Status"": 0, ""User Time"": 156250, ""Kernel Time"": 2031250, ""Private Bytes"": 1294336, ""Peak Private Bytes"": 1294336, ""Working Set"": 4878336, ""Peak Working Set"": 4882432}"
340529,2026-09-10T14:02:48.965298+00:00,134335225689652988,2280,cmd.exe,Process,Process_Exit,,0x00000000,"{""Exit Status"": 0, ""User Time"": 312500, ""Kernel Time"": 1093750, ""Private Bytes"": 4567040, ""Peak Private Bytes"": 4829184, ""Working Set"": 4792320, ""Peak Working Set"": 4907008}"
340748,2026-09-10T14:02:49.023195+00:00,134335225690231957,3332,Res.exe,Process,Process_Create,C:\Windows\SysWOW64\cmd.exe,0x00000000,"{""PID"": 3724, ""Command line"": ""C:\\Windows\\system32\\cmd.exe /c XCOPY Env.exe c:\\WindSyst /S""}"
340749,2026-09-10T14:02:49.023238+00:00,134335225690232383,3724,cmd.exe,Process,Process_Start,,0x00000000,"{""Parent PID"": 3332, ""Command line"": ""C:\\Windows\\system32\\cmd.exe /c XCOPY Env.exe c:\\WindSyst /S"", ""Current directory"": ""C:\\Lab\\sample\\VIRUS\\""}"
341978,2026-09-10T14:02:49.265386+00:00,134335225692653861,3724,cmd.exe,Process,Process_Create,C:\Windows\SysWOW64\xcopy.exe,0x00000000,"{""PID"": 5668, ""Command line"": ""XCOPY  Env.exe c:\\WindSyst /S""}"
341979,2026-09-10T14:02:49.265438+00:00,134335225692654385,5668,xcopy.exe,Process,Process_Start,,0x00000000,"{""Parent PID"": 3724, ""Command line"": ""XCOPY  Env.exe c:\\WindSyst /S"", ""Current directory"": ""C:\\Lab\\sample\\VIRUS\\""}"
342815,2026-09-10T14:02:49.439695+00:00,134335225694396950,5668,xcopy.exe,File_System,QueryDirectory,C:\WindSyst,0x00000000,"{""Filter"": ""WindSyst"", ""FileInformationClass"": ""FileBothDirectoryInformation"", ""2"": ""WindSyst""}"
342821,2026-09-10T14:02:49.440232+00:00,134335225694402325,5668,xcopy.exe,File_System,QueryDirectory,C:\WindSyst,0x00000000,"{""Filter"": ""WindSyst"", ""FileInformationClass"": ""FileBothDirectoryInformation"", ""2"": ""WindSyst""}"
342838,2026-09-10T14:02:49.442291+00:00,134335225694422917,5668,xcopy.exe,File_System,QueryDirectory,C:\WindSyst,0x00000000,"{""Filter"": ""WindSyst"", ""FileInformationClass"": ""FileBothDirectoryInformation"", ""2"": ""WindSyst""}"
342842,2026-09-10T14:02:49.443225+00:00,134335225694432253,5668,xcopy.exe,File_System,CreateFile,C:\WindSyst,0x00000000,"{""Desired Access"": ""Write Attributes"", ""Disposition"": ""Open"", ""Options"": """", ""Attributes"": ""n/a"", ""ShareMode"": ""Read, Write, Delete"", ""AllocationSize"": ""n/a"", ""OpenResult"": ""Opened""}"
342844,2026-09-10T14:02:49.443627+00:00,134335225694436272,5668,xcopy.exe,File_System,SetBasicInformationFile,C:\WindSyst,0x00000000,{}
342845,2026-09-10T14:02:49.443751+00:00,134335225694437517,5668,xcopy.exe,File_System,CloseFile,C:\WindSyst,0x00000000,{}
342846,2026-09-10T14:02:49.443829+00:00,134335225694438294,5668,xcopy.exe,File_System,IRP_MJ_CLOSE,C:\WindSyst,0x00000000,{}
342853,2026-09-10T14:02:49.445832+00:00,134335225694458320,5668,xcopy.exe,File_System,CreateFile,C:\WindSyst,0x00000000,"{""Desired Access"": ""Read Data/List Directory, Synchronize"", ""Disposition"": ""Open"", ""Options"": ""Directory, Synchronous IO Non-Alert"", ""Attributes"": ""n/a"", ""ShareMode"": ""Read, Write, Delete"", ""AllocationSize"": ""n/a"", ""OpenResult"": ""Opened""}"
342855,2026-09-10T14:02:49.446018+00:00,134335225694460183,5668,xcopy.exe,File_System,QueryDirectory,C:\WindSyst\Env.exe,0xc000000f,"{""Filter"": ""Env.exe"", ""FileInformationClass"": ""FileBothDirectoryInformation""}"
342856,2026-09-10T14:02:49.446144+00:00,134335225694461447,5668,xcopy.exe,File_System,CloseFile,C:\WindSyst,0x00000000,{}
342857,2026-09-10T14:02:49.446220+00:00,134335225694462201,5668,xcopy.exe,File_System,IRP_MJ_CLOSE,C:\WindSyst,0x00000000,{}
342898,2026-09-10T14:02:49.453957+00:00,134335225694539576,5668,xcopy.exe,File_System,CreateFile,C:\WindSyst\Env.exe,0x00000000,"{""Desired Access"": ""Generic Read/Write, Delete, Write DAC"", ""Disposition"": ""OverwriteIf"", ""Options"": ""Sequential Access, Non-Directory File"", ""Attributes"": ""A"", ""ShareMode"": ""None"", ""AllocationSize"": 53248, ""OpenResult"": ""Created""}"
342904,2026-09-10T14:02:49.455916+00:00,134335225694559166,5668,xcopy.exe,File_System,CloseFile,C:\WindSyst\Env.exe,0x00000000,{}
342906,2026-09-10T14:02:49.456331+00:00,134335225694563310,5668,xcopy.exe,File_System,IRP_MJ_CLOSE,C:\WindSyst\Env.exe,0x00000000,{}
342915,2026-09-10T14:02:49.459554+00:00,134335225694595542,5668,xcopy.exe,File_System,CreateFile,C:\WindSyst\Env.exe,0x00000000,"{""Desired Access"": ""Generic Read/Write, Delete, Write DAC"", ""Disposition"": ""OpenIf"", ""Options"": ""Sequential Access, Synchronous IO Non-Alert, Non-Directory File"", ""Attributes"": ""A"", ""ShareMode"": ""None"", ""AllocationSize"": 53248, ""OpenResult"": ""Opened""}"
342916,2026-09-10T14:02:49.459865+00:00,134335225694598653,5668,xcopy.exe,File_System,QueryAttributeInformationVolume,C:\WindSyst\Env.exe,0x00000000,{}
342917,2026-09-10T14:02:49.459988+00:00,134335225694599881,5668,xcopy.exe,File_System,QueryBasicInformationFile,C:\WindSyst\Env.exe,0x00000000,"{""CreationTime"": 134335225694591655, ""LastAccessTime"": 134335225694591655, ""LastWriteTime"": 134335225694591655, ""ChangeTime"": 134335225694591655, ""FileAttributes"": ""A""}"
342990,2026-09-10T14:02:49.479829+00:00,134335225694798297,5668,xcopy.exe,File_System,SetEndOfFileInformationFile,C:\WindSyst\Env.exe,0x00000000,{}
343023,2026-09-10T14:02:49.486171+00:00,134335225694861710,5668,xcopy.exe,File_System,WriteFile,C:\WindSyst\Env.exe,0x00000000,"{""Offset"": 0, ""Length"": 53248, ""Priority"": ""Normal""}"
343025,2026-09-10T14:02:49.487063+00:00,134335225694870637,5668,xcopy.exe,File_System,SetBasicInformationFile,C:\WindSyst\Env.exe,0x00000000,{}
343027,2026-09-10T14:02:49.487456+00:00,134335225694874562,5668,xcopy.exe,File_System,QueryRemoteProtocolInformation,C:\WindSyst\Env.exe,0xc000000d,{}
343029,2026-09-10T14:02:49.487671+00:00,134335225694876718,5668,xcopy.exe,File_System,CloseFile,C:\WindSyst\Env.exe,0x00000000,{}
343034,2026-09-10T14:02:49.490168+00:00,134335225694901688,5668,xcopy.exe,File_System,QueryOpen,C:\WindSyst\Env.exe,0xc01c0004,{}
343036,2026-09-10T14:02:49.490831+00:00,134335225694908316,5668,xcopy.exe,File_System,CreateFile,C:\WindSyst\Env.exe,0x00000000,"{""Desired Access"": ""Read Attributes"", ""Disposition"": ""Open"", ""Options"": ""Open Reparse Point"", ""Attributes"": ""n/a"", ""ShareMode"": ""Read, Write, Delete"", ""AllocationSize"": ""n/a"", ""OpenResult"": ""Opened""}"
343037,2026-09-10T14:02:49.490980+00:00,134335225694909808,5668,xcopy.exe,File_System,QueryBasicInformationFile,C:\WindSyst\Env.exe,0x00000000,"{""CreationTime"": 134335225694591655, ""LastAccessTime"": 134335225694900050, ""LastWriteTime"": 133048999140000000, ""ChangeTime"": 134335221256516738, ""FileAttributes"": ""A""}"
343039,2026-09-10T14:02:49.491045+00:00,134335225694910451,5668,xcopy.exe,File_System,CloseFile,C:\WindSyst\Env.exe,0x00000000,{}
343040,2026-09-10T14:02:49.491133+00:00,134335225694911335,5668,xcopy.exe,File_System,IRP_MJ_CLOSE,C:\WindSyst\Env.exe,0x00000000,{}
343043,2026-09-10T14:02:49.491931+00:00,134335225694919317,5668,xcopy.exe,File_System,CreateFile,C:\WindSyst\Env.exe,0x00000000,"{""Desired Access"": ""Write Attributes"", ""Disposition"": ""Open"", ""Options"": """", ""Attributes"": ""n/a"", ""ShareMode"": ""Read, Write, Delete"", ""AllocationSize"": ""n/a"", ""OpenResult"": ""Opened""}"
343046,2026-09-10T14:02:49.492241+00:00,134335225694922411,5668,xcopy.exe,File_System,SetBasicInformationFile,C:\WindSyst\Env.exe,0x00000000,{}
343047,2026-09-10T14:02:49.492344+00:00,134335225694923441,5668,xcopy.exe,File_System,CloseFile,C:\WindSyst\Env.exe,0x00000000,{}
343048,2026-09-10T14:02:49.492425+00:00,134335225694924252,5668,xcopy.exe,File_System,IRP_MJ_CLOSE,C:\WindSyst\Env.exe,0x00000000,{}
343050,2026-09-10T14:02:49.493277+00:00,134335225694932772,5668,xcopy.exe,File_System,CreateFile,C:\WindSyst,0x00000000,"{""Desired Access"": ""Read Data/List Directory, Synchronize"", ""Disposition"": ""Open"", ""Options"": ""Directory, Synchronous IO Non-Alert"", ""Attributes"": ""n/a"", ""ShareMode"": ""Read, Write, Delete"", ""AllocationSize"": ""n/a"", ""OpenResult"": ""Opened""}"
343051,2026-09-10T14:02:49.493478+00:00,134335225694934786,5668,xcopy.exe,File_System,QueryDirectory,C:\WindSyst\Env.exe,0x00000000,"{""Filter"": ""Env.exe"", ""FileInformationClass"": ""FileBothDirectoryInformation"", ""2"": ""Env.exe""}"
343052,2026-09-10T14:02:49.493673+00:00,134335225694936731,5668,xcopy.exe,File_System,CloseFile,C:\WindSyst,0x00000000,{}
343053,2026-09-10T14:02:49.493758+00:00,134335225694937584,5668,xcopy.exe,File_System,IRP_MJ_CLOSE,C:\WindSyst,0x00000000,{}
343075,2026-09-10T14:02:49.500405+00:00,134335225695004056,5668,xcopy.exe,File_System,CreateFile,C:\WindSyst\Env.exe,0x00000000,"{""Desired Access"": ""Write Attributes"", ""Disposition"": ""Open"", ""Options"": """", ""Attributes"": ""n/a"", ""ShareMode"": ""Read, Write, Delete"", ""AllocationSize"": ""n/a"", ""OpenResult"": ""Opened""}"
343077,2026-09-10T14:02:49.500755+00:00,134335225695007555,5668,xcopy.exe,File_System,SetBasicInformationFile,C:\WindSyst\Env.exe,0x00000000,{}
343078,2026-09-10T14:02:49.500867+00:00,134335225695008678,5668,xcopy.exe,File_System,CloseFile,C:\WindSyst\Env.exe,0x00000000,{}
343079,2026-09-10T14:02:49.500961+00:00,134335225695009619,5668,xcopy.exe,File_System,IRP_MJ_CLOSE,C:\WindSyst\Env.exe,0x00000000,{}
343178,2026-09-10T14:02:49.524441+00:00,134335225695244418,5668,xcopy.exe,Process,Process_Exit,,0x00000000,"{""Exit Status"": 0, ""User Time"": 0, ""Kernel Time"": 1562500, ""Private Bytes"": 1323008, ""Peak Private Bytes"": 1323008, ""Working Set"": 4902912, ""Peak Working Set"": 4907008}"
343236,2026-09-10T14:02:49.545492+00:00,134335225695454925,3724,cmd.exe,Process,Process_Exit,,0x00000000,"{""Exit Status"": 0, ""User Time"": 156250, ""Kernel Time"": 1250000, ""Private Bytes"": 4567040, ""Peak Private Bytes"": 4829184, ""Working Set"": 4792320, ""Peak Working Set"": 4907008}"
343361,2026-09-10T14:02:49.575878+00:00,134335225695758781,3332,Res.exe,Process,Process_Create,C:\Windows\SysWOW64\cmd.exe,0x00000000,"{""PID"": 2996, ""Command line"": ""C:\\Windows\\system32\\cmd.exe /c XCOPY Qt5Widgets.dll c:\\WindSyst /S""}"
343362,2026-09-10T14:02:49.575941+00:00,134335225695759418,2996,cmd.exe,Process,Process_Start,,0x00000000,"{""Parent PID"": 3332, ""Command line"": ""C:\\Windows\\system32\\cmd.exe /c XCOPY Qt5Widgets.dll c:\\WindSyst /S"", ""Current directory"": ""C:\\Lab\\sample\\VIRUS\\""}"
344357,2026-09-10T14:02:49.806820+00:00,134335225698068206,2996,cmd.exe,Process,Process_Create,C:\Windows\SysWOW64\xcopy.exe,0x00000000,"{""PID"": 4152, ""Command line"": ""XCOPY  Qt5Widgets.dll c:\\WindSyst /S""}"
344358,2026-09-10T14:02:49.806864+00:00,134335225698068641,4152,xcopy.exe,Process,Process_Start,,0x00000000,"{""Parent PID"": 2996, ""Command line"": ""XCOPY  Qt5Widgets.dll c:\\WindSyst /S"", ""Current directory"": ""C:\\Lab\\sample\\VIRUS\\""}"
345517,2026-09-10T14:02:50.044770+00:00,134335225700447705,4152,xcopy.exe,File_System,QueryDirectory,C:\WindSyst,0x00000000,"{""Filter"": ""WindSyst"", ""FileInformationClass"": ""FileBothDirectoryInformation"", ""2"": ""WindSyst""}"
345522,2026-09-10T14:02:50.045450+00:00,134335225700454501,4152,xcopy.exe,File_System,QueryDirectory,C:\WindSyst,0x00000000,"{""Filter"": ""WindSyst"", ""FileInformationClass"": ""FileBothDirectoryInformation"", ""2"": ""WindSyst""}"
345540,2026-09-10T14:02:50.047550+00:00,134335225700475501,4152,xcopy.exe,File_System,QueryDirectory,C:\WindSyst,0x00000000,"{""Filter"": ""WindSyst"", ""FileInformationClass"": ""FileBothDirectoryInformation"", ""2"": ""WindSyst""}"
345545,2026-09-10T14:02:50.048448+00:00,134335225700484484,4152,xcopy.exe,File_System,CreateFile,C:\WindSyst,0x00000000,"{""Desired Access"": ""Write Attributes"", ""Disposition"": ""Open"", ""Options"": """", ""Attributes"": ""n/a"", ""ShareMode"": ""Read, Write, Delete"", ""AllocationSize"": ""n/a"", ""OpenResult"": ""Opened""}"
345546,2026-09-10T14:02:50.048840+00:00,134335225700488406,4152,xcopy.exe,File_System,SetBasicInformationFile,C:\WindSyst,0x00000000,{}
345547,2026-09-10T14:02:50.048945+00:00,134335225700489455,4152,xcopy.exe,File_System,CloseFile,C:\WindSyst,0x00000000,{}
345548,2026-09-10T14:02:50.049020+00:00,134335225700490202,4152,xcopy.exe,File_System,IRP_MJ_CLOSE,C:\WindSyst,0x00000000,{}
345556,2026-09-10T14:02:50.051571+00:00,134335225700515719,4152,xcopy.exe,File_System,CreateFile,C:\WindSyst,0x00000000,"{""Desired Access"": ""Read Data/List Directory, Synchronize"", ""Disposition"": ""Open"", ""Options"": ""Directory, Synchronous IO Non-Alert"", ""Attributes"": ""n/a"", ""ShareMode"": ""Read, Write, Delete"", ""AllocationSize"": ""n/a"", ""OpenResult"": ""Opened""}"
345558,2026-09-10T14:02:50.051772+00:00,134335225700517727,4152,xcopy.exe,File_System,QueryDirectory,C:\WindSyst\Qt5Widgets.dll,0xc000000f,"{""Filter"": ""Qt5Widgets.dll"", ""FileInformationClass"": ""FileBothDirectoryInformation""}"
345560,2026-09-10T14:02:50.051904+00:00,134335225700519048,4152,xcopy.exe,File_System,CloseFile,C:\WindSyst,0x00000000,{}
345563,2026-09-10T14:02:50.054811+00:00,134335225700548117,4152,xcopy.exe,File_System,IRP_MJ_CLOSE,C:\WindSyst,0x00000000,{}
345598,2026-09-10T14:02:50.061452+00:00,134335225700614521,4152,xcopy.exe,File_System,CreateFile,C:\WindSyst\Qt5Widgets.dll,0x00000000,"{""Desired Access"": ""Generic Read/Write, Delete, Write DAC"", ""Disposition"": ""OverwriteIf"", ""Options"": ""Sequential Access, Non-Directory File"", ""Attributes"": ""A"", ""ShareMode"": ""None"", ""AllocationSize"": 6355456, ""OpenResult"": ""Created""}"
345606,2026-09-10T14:02:50.062966+00:00,134335225700629666,4152,xcopy.exe,File_System,CloseFile,C:\WindSyst\Qt5Widgets.dll,0x00000000,{}
345607,2026-09-10T14:02:50.063521+00:00,134335225700635212,4152,xcopy.exe,File_System,IRP_MJ_CLOSE,C:\WindSyst\Qt5Widgets.dll,0x00000000,{}
345608,2026-09-10T14:02:50.064443+00:00,134335225700644432,4152,xcopy.exe,File_System,CreateFile,C:\WindSyst\Qt5Widgets.dll,0x00000000,"{""Desired Access"": ""Generic Read/Write, Delete, Write DAC"", ""Disposition"": ""OpenIf"", ""Options"": ""Sequential Access, Synchronous IO Non-Alert, Non-Directory File"", ""Attributes"": ""A"", ""ShareMode"": ""None"", ""AllocationSize"": 6355456, ""OpenResult"": ""Opened""}"
345609,2026-09-10T14:02:50.064732+00:00,134335225700647327,4152,xcopy.exe,File_System,QueryAttributeInformationVolume,C:\WindSyst\Qt5Widgets.dll,0x00000000,{}
345610,2026-09-10T14:02:50.064819+00:00,134335225700648193,4152,xcopy.exe,File_System,QueryBasicInformationFile,C:\WindSyst\Qt5Widgets.dll,0x00000000,"{""CreationTime"": 134335225700687361, ""LastAccessTime"": 134335225700687361, ""LastWriteTime"": 134335225700687361, ""ChangeTime"": 134335225700687361, ""FileAttributes"": ""A""}"
345656,2026-09-10T14:02:50.082947+00:00,134335225700829479,4152,xcopy.exe,File_System,SetEndOfFileInformationFile,C:\WindSyst\Qt5Widgets.dll,0x00000000,{}
345673,2026-09-10T14:02:50.087183+00:00,134335225700871832,4152,xcopy.exe,File_System,WriteFile,C:\WindSyst\Qt5Widgets.dll,0x00000000,"{""Offset"": 0, ""Length"": 524288, ""Priority"": ""Normal""}"
345683,2026-09-10T14:02:50.090019+00:00,134335225700900196,4152,xcopy.exe,File_System,WriteFile,C:\WindSyst\Qt5Widgets.dll,0x00000000,"{""Offset"": 524288, ""Length"": 524288}"
345692,2026-09-10T14:02:50.091848+00:00,134335225700918485,4152,xcopy.exe,File_System,WriteFile,C:\WindSyst\Qt5Widgets.dll,0x00000000,"{""Offset"": 1048576, ""Length"": 524288}"
345698,2026-09-10T14:02:50.093477+00:00,134335225700934777,4152,xcopy.exe,File_System,WriteFile,C:\WindSyst\Qt5Widgets.dll,0x00000000,"{""Offset"": 1572864, ""Length"": 524288}"
345702,2026-09-10T14:02:50.095143+00:00,134335225700951436,4152,xcopy.exe,File_System,WriteFile,C:\WindSyst\Qt5Widgets.dll,0x00000000,"{""Offset"": 2097152, ""Length"": 524288}"
345707,2026-09-10T14:02:50.097010+00:00,134335225700970108,4152,xcopy.exe,File_System,WriteFile,C:\WindSyst\Qt5Widgets.dll,0x00000000,"{""Offset"": 2621440, ""Length"": 524288}"
345712,2026-09-10T14:02:50.098786+00:00,134335225700987867,4152,xcopy.exe,File_System,WriteFile,C:\WindSyst\Qt5Widgets.dll,0x00000000,"{""Offset"": 3145728, ""Length"": 524288}"
345719,2026-09-10T14:02:50.100441+00:00,134335225701004415,4152,xcopy.exe,File_System,WriteFile,C:\WindSyst\Qt5Widgets.dll,0x00000000,"{""Offset"": 3670016, ""Length"": 524288}"
345851,2026-09-10T14:02:50.106254+00:00,134335225701062547,4152,xcopy.exe,File_System,WriteFile,C:\WindSyst\Qt5Widgets.dll,0x00000000,"{""Offset"": 4194304, ""Length"": 524288}"
345855,2026-09-10T14:02:50.108273+00:00,134335225701082735,4152,xcopy.exe,File_System,WriteFile,C:\WindSyst\Qt5Widgets.dll,0x00000000,"{""Offset"": 4718592, ""Length"": 524288}"
345867,2026-09-10T14:02:50.110056+00:00,134335225701100569,4152,xcopy.exe,File_System,WriteFile,C:\WindSyst\Qt5Widgets.dll,0x00000000,"{""Offset"": 5242880, ""Length"": 524288}"
345871,2026-09-10T14:02:50.111745+00:00,134335225701117454,4152,xcopy.exe,File_System,WriteFile,C:\WindSyst\Qt5Widgets.dll,0x00000000,"{""Offset"": 5767168, ""Length"": 524288}"
345877,2026-09-10T14:02:50.113019+00:00,134335225701130195,4152,xcopy.exe,File_System,WriteFile,C:\WindSyst\Qt5Widgets.dll,0x00000000,"{""Offset"": 6291456, ""Length"": 64000}"
345884,2026-09-10T14:02:50.113819+00:00,134335225701138196,4152,xcopy.exe,File_System,SetBasicInformationFile,C:\WindSyst\Qt5Widgets.dll,0x00000000,{}
345885,2026-09-10T14:02:50.114292+00:00,134335225701142926,4152,xcopy.exe,File_System,QueryRemoteProtocolInformation,C:\WindSyst\Qt5Widgets.dll,0xc000000d,{}
345887,2026-09-10T14:02:50.114515+00:00,134335225701145150,4152,xcopy.exe,File_System,CloseFile,C:\WindSyst\Qt5Widgets.dll,0x00000000,{}
345924,2026-09-10T14:02:50.124427+00:00,134335225701244275,4152,xcopy.exe,File_System,QueryOpen,C:\WindSyst\Qt5Widgets.dll,0xc01c0004,{}
345927,2026-09-10T14:02:50.125113+00:00,134335225701251131,4152,xcopy.exe,File_System,CreateFile,C:\WindSyst\Qt5Widgets.dll,0x00000000,"{""Desired Access"": ""Read Attributes"", ""Disposition"": ""Open"", ""Options"": ""Open Reparse Point"", ""Attributes"": ""n/a"", ""ShareMode"": ""Read, Write, Delete"", ""AllocationSize"": ""n/a"", ""OpenResult"": ""Opened""}"
345931,2026-09-10T14:02:50.125253+00:00,134335225701252532,4152,xcopy.exe,File_System,QueryBasicInformationFile,C:\WindSyst\Qt5Widgets.dll,0x00000000,"{""CreationTime"": 134335225700687361, ""LastAccessTime"": 134335225701133711, ""LastWriteTime"": 133049000020000000, ""ChangeTime"": 134335221316996990, ""FileAttributes"": ""A""}"
345932,2026-09-10T14:02:50.125314+00:00,134335225701253144,4152,xcopy.exe,File_System,CloseFile,C:\WindSyst\Qt5Widgets.dll,0x00000000,{}
345934,2026-09-10T14:02:50.125406+00:00,134335225701254068,4152,xcopy.exe,File_System,IRP_MJ_CLOSE,C:\WindSyst\Qt5Widgets.dll,0x00000000,{}
345936,2026-09-10T14:02:50.126259+00:00,134335225701262593,4152,xcopy.exe,File_System,CreateFile,C:\WindSyst\Qt5Widgets.dll,0x00000000,"{""Desired Access"": ""Write Attributes"", ""Disposition"": ""Open"", ""Options"": """", ""Attributes"": ""n/a"", ""ShareMode"": ""Read, Write, Delete"", ""AllocationSize"": ""n/a"", ""OpenResult"": ""Opened""}"
345938,2026-09-10T14:02:50.126548+00:00,134335225701265489,4152,xcopy.exe,File_System,SetBasicInformationFile,C:\WindSyst\Qt5Widgets.dll,0x00000000,{}
345939,2026-09-10T14:02:50.126664+00:00,134335225701266644,4152,xcopy.exe,File_System,CloseFile,C:\WindSyst\Qt5Widgets.dll,0x00000000,{}
345940,2026-09-10T14:02:50.126755+00:00,134335225701267556,4152,xcopy.exe,File_System,IRP_MJ_CLOSE,C:\WindSyst\Qt5Widgets.dll,0x00000000,{}
345945,2026-09-10T14:02:50.127632+00:00,134335225701276323,4152,xcopy.exe,File_System,CreateFile,C:\WindSyst,0x00000000,"{""Desired Access"": ""Read Data/List Directory, Synchronize"", ""Disposition"": ""Open"", ""Options"": ""Directory, Synchronous IO Non-Alert"", ""Attributes"": ""n/a"", ""ShareMode"": ""Read, Write, Delete"", ""AllocationSize"": ""n/a"", ""OpenResult"": ""Opened""}"
345946,2026-09-10T14:02:50.127848+00:00,134335225701278487,4152,xcopy.exe,File_System,QueryDirectory,C:\WindSyst\Qt5Widgets.dll,0x00000000,"{""Filter"": ""Qt5Widgets.dll"", ""FileInformationClass"": ""FileBothDirectoryInformation"", ""2"": ""Qt5Widgets.dll""}"
345947,2026-09-10T14:02:50.128056+00:00,134335225701280565,4152,xcopy.exe,File_System,CloseFile,C:\WindSyst,0x00000000,{}
345948,2026-09-10T14:02:50.128133+00:00,134335225701281336,4152,xcopy.exe,File_System,IRP_MJ_CLOSE,C:\WindSyst,0x00000000,{}
345954,2026-09-10T14:02:50.128883+00:00,134335225701288836,4152,xcopy.exe,File_System,CreateFile,C:\WindSyst\Qt5Widgets.dll,0x00000000,"{""Desired Access"": ""Write Attributes"", ""Disposition"": ""Open"", ""Options"": """", ""Attributes"": ""n/a"", ""ShareMode"": ""Read, Write, Delete"", ""AllocationSize"": ""n/a"", ""OpenResult"": ""Opened""}"
345957,2026-09-10T14:02:50.129119+00:00,134335225701291191,4152,xcopy.exe,File_System,SetBasicInformationFile,C:\WindSyst\Qt5Widgets.dll,0x00000000,{}
345958,2026-09-10T14:02:50.129206+00:00,134335225701292061,4152,xcopy.exe,File_System,CloseFile,C:\WindSyst\Qt5Widgets.dll,0x00000000,{}
345959,2026-09-10T14:02:50.129284+00:00,134335225701292847,4152,xcopy.exe,File_System,IRP_MJ_CLOSE,C:\WindSyst\Qt5Widgets.dll,0x00000000,{}
346095,2026-09-10T14:02:50.158359+00:00,134335225701583599,4152,xcopy.exe,Process,Process_Exit,,0x00000000,"{""Exit Status"": 0, ""User Time"": 312500, ""Kernel Time"": 1250000, ""Private Bytes"": 1265664, ""Peak Private Bytes"": 1810432, ""Working Set"": 4861952, ""Peak Working Set"": 5300224}"
346158,2026-09-10T14:02:50.176828+00:00,134335225701768284,2996,cmd.exe,Process,Process_Exit,,0x00000000,"{""Exit Status"": 0, ""User Time"": 312500, ""Kernel Time"": 937500, ""Private Bytes"": 4575232, ""Peak Private Bytes"": 4837376, ""Working Set"": 4902912, ""Peak Working Set"": 5017600}"
346385,2026-09-10T14:02:50.234722+00:00,134335225702347221,3332,Res.exe,Process,Process_Create,C:\Windows\SysWOW64\cmd.exe,0x00000000,"{""PID"": 3520, ""Command line"": ""C:\\Windows\\system32\\cmd.exe /c XCOPY Qt5Network.dll c:\\WindSyst /S""}"
346386,2026-09-10T14:02:50.234767+00:00,134335225702347679,3520,cmd.exe,Process,Process_Start,,0x00000000,"{""Parent PID"": 3332, ""Command line"": ""C:\\Windows\\system32\\cmd.exe /c XCOPY Qt5Network.dll c:\\WindSyst /S"", ""Current directory"": ""C:\\Lab\\sample\\VIRUS\\""}"
347569,2026-09-10T14:02:50.504631+00:00,134335225705046316,3520,cmd.exe,Process,Process_Create,C:\Windows\SysWOW64\xcopy.exe,0x00000000,"{""PID"": 5176, ""Command line"": ""XCOPY  Qt5Network.dll c:\\WindSyst /S""}"
347570,2026-09-10T14:02:50.504738+00:00,134335225705047385,5176,xcopy.exe,Process,Process_Start,,0x00000000,"{""Parent PID"": 3520, ""Command line"": ""XCOPY  Qt5Network.dll c:\\WindSyst /S"", ""Current directory"": ""C:\\Lab\\sample\\VIRUS\\""}"
348292,2026-09-10T14:02:50.679003+00:00,134335225706790032,5176,xcopy.exe,File_System,QueryDirectory,C:\WindSyst,0x00000000,"{""Filter"": ""WindSyst"", ""FileInformationClass"": ""FileBothDirectoryInformation"", ""2"": ""WindSyst""}"
348297,2026-09-10T14:02:50.679598+00:00,134335225706795981,5176,xcopy.exe,File_System,QueryDirectory,C:\WindSyst,0x00000000,"{""Filter"": ""WindSyst"", ""FileInformationClass"": ""FileBothDirectoryInformation"", ""2"": ""WindSyst""}"
348316,2026-09-10T14:02:50.683303+00:00,134335225706833039,5176,xcopy.exe,File_System,QueryDirectory,C:\WindSyst,0x00000000,"{""Filter"": ""WindSyst"", ""FileInformationClass"": ""FileBothDirectoryInformation"", ""2"": ""WindSyst""}"
348322,2026-09-10T14:02:50.684815+00:00,134335225706848155,5176,xcopy.exe,File_System,CreateFile,C:\WindSyst,0x00000000,"{""Desired Access"": ""Write Attributes"", ""Disposition"": ""Open"", ""Options"": """", ""Attributes"": ""n/a"", ""ShareMode"": ""Read, Write, Delete"", ""AllocationSize"": ""n/a"", ""OpenResult"": ""Opened""}"
348323,2026-09-10T14:02:50.685275+00:00,134335225706852757,5176,xcopy.exe,File_System,SetBasicInformationFile,C:\WindSyst,0x00000000,{}
348324,2026-09-10T14:02:50.685393+00:00,134335225706853932,5176,xcopy.exe,File_System,CloseFile,C:\WindSyst,0x00000000,{}
348326,2026-09-10T14:02:50.685476+00:00,134335225706854763,5176,xcopy.exe,File_System,IRP_MJ_CLOSE,C:\WindSyst,0x00000000,{}
348333,2026-09-10T14:02:50.688025+00:00,134335225706880257,5176,xcopy.exe,File_System,CreateFile,C:\WindSyst,0x00000000,"{""Desired Access"": ""Read Data/List Directory, Synchronize"", ""Disposition"": ""Open"", ""Options"": ""Directory, Synchronous IO Non-Alert"", ""Attributes"": ""n/a"", ""ShareMode"": ""Read, Write, Delete"", ""AllocationSize"": ""n/a"", ""OpenResult"": ""Opened""}"
348336,2026-09-10T14:02:50.688225+00:00,134335225706882251,5176,xcopy.exe,File_System,QueryDirectory,C:\WindSyst\Qt5Network.dll,0xc000000f,"{""Filter"": ""Qt5Network.dll"", ""FileInformationClass"": ""FileBothDirectoryInformation""}"
348338,2026-09-10T14:02:50.688360+00:00,134335225706883600,5176,xcopy.exe,File_System,CloseFile,C:\WindSyst,0x00000000,{}
348340,2026-09-10T14:02:50.688443+00:00,134335225706884439,5176,xcopy.exe,File_System,IRP_MJ_CLOSE,C:\WindSyst,0x00000000,{}
348371,2026-09-10T14:02:50.696062+00:00,134335225706960627,5176,xcopy.exe,File_System,CreateFile,C:\WindSyst\Qt5Network.dll,0x00000000,"{""Desired Access"": ""Generic Read/Write, Delete, Write DAC"", ""Disposition"": ""OverwriteIf"", ""Options"": ""Sequential Access, Non-Directory File"", ""Attributes"": ""A"", ""ShareMode"": ""None"", ""AllocationSize"": 1798144, ""OpenResult"": ""Created""}"
348374,2026-09-10T14:02:50.698358+00:00,134335225706983588,5176,xcopy.exe,File_System,CloseFile,C:\WindSyst\Qt5Network.dll,0x00000000,{}
348375,2026-09-10T14:02:50.698968+00:00,134335225706989682,5176,xcopy.exe,File_System,IRP_MJ_CLOSE,C:\WindSyst\Qt5Network.dll,0x00000000,{}
348379,2026-09-10T14:02:50.700950+00:00,134335225707009503,5176,xcopy.exe,File_System,CreateFile,C:\WindSyst\Qt5Network.dll,0x00000000,"{""Desired Access"": ""Generic Read/Write, Delete, Write DAC"", ""Disposition"": ""OpenIf"", ""Options"": ""Sequential Access, Synchronous IO Non-Alert, Non-Directory File"", ""Attributes"": ""A"", ""ShareMode"": ""None"", ""AllocationSize"": 1798144, ""OpenResult"": ""Opened""}"
348380,2026-09-10T14:02:50.701464+00:00,134335225707014645,5176,xcopy.exe,File_System,QueryAttributeInformationVolume,C:\WindSyst\Qt5Network.dll,0x00000000,{}
348381,2026-09-10T14:02:50.701579+00:00,134335225707015792,5176,xcopy.exe,File_System,QueryBasicInformationFile,C:\WindSyst\Qt5Network.dll,0x00000000,"{""CreationTime"": 134335225707083234, ""LastAccessTime"": 134335225707083234, ""LastWriteTime"": 134335225707083234, ""ChangeTime"": 134335225707083234, ""FileAttributes"": ""A""}"
348460,2026-09-10T14:02:50.726357+00:00,134335225707263576,5176,xcopy.exe,File_System,SetEndOfFileInformationFile,C:\WindSyst\Qt5Network.dll,0x00000000,{}
348479,2026-09-10T14:02:50.731869+00:00,134335225707318698,5176,xcopy.exe,File_System,WriteFile,C:\WindSyst\Qt5Network.dll,0x00000000,"{""Offset"": 0, ""Length"": 262144, ""Priority"": ""Normal""}"
348485,2026-09-10T14:02:50.733749+00:00,134335225707337491,5176,xcopy.exe,File_System,WriteFile,C:\WindSyst\Qt5Network.dll,0x00000000,"{""Offset"": 262144, ""Length"": 262144}"
348493,2026-09-10T14:02:50.734633+00:00,134335225707346338,5176,xcopy.exe,File_System,WriteFile,C:\WindSyst\Qt5Network.dll,0x00000000,"{""Offset"": 524288, ""Length"": 262144}"
348496,2026-09-10T14:02:50.735642+00:00,134335225707356424,5176,xcopy.exe,File_System,WriteFile,C:\WindSyst\Qt5Network.dll,0x00000000,"{""Offset"": 786432, ""Length"": 262144}"
348500,2026-09-10T14:02:50.736952+00:00,134335225707369524,5176,xcopy.exe,File_System,WriteFile,C:\WindSyst\Qt5Network.dll,0x00000000,"{""Offset"": 1048576, ""Length"": 262144}"
348504,2026-09-10T14:02:50.738092+00:00,134335225707380926,5176,xcopy.exe,File_System,WriteFile,C:\WindSyst\Qt5Network.dll,0x00000000,"{""Offset"": 1310720, ""Length"": 262144}"
348508,2026-09-10T14:02:50.739182+00:00,134335225707391826,5176,xcopy.exe,File_System,WriteFile,C:\WindSyst\Qt5Network.dll,0x00000000,"{""Offset"": 1572864, ""Length"": 225280}"
348510,2026-09-10T14:02:50.739815+00:00,134335225707398159,5176,xcopy.exe,File_System,SetBasicInformationFile,C:\WindSyst\Qt5Network.dll,0x00000000,{}
348511,2026-09-10T14:02:50.740378+00:00,134335225707403782,5176,xcopy.exe,File_System,QueryRemoteProtocolInformation,C:\WindSyst\Qt5Network.dll,0xc000000d,{}
348514,2026-09-10T14:02:50.740613+00:00,134335225707406131,5176,xcopy.exe,File_System,CloseFile,C:\WindSyst\Qt5Network.dll,0x00000000,{}
348544,2026-09-10T14:02:50.751610+00:00,134335225707516108,5176,xcopy.exe,File_System,QueryOpen,C:\WindSyst\Qt5Network.dll,0xc01c0004,{}
348545,2026-09-10T14:02:50.752450+00:00,134335225707524502,5176,xcopy.exe,File_System,CreateFile,C:\WindSyst\Qt5Network.dll,0x00000000,"{""Desired Access"": ""Read Attributes"", ""Disposition"": ""Open"", ""Options"": ""Open Reparse Point"", ""Attributes"": ""n/a"", ""ShareMode"": ""Read, Write, Delete"", ""AllocationSize"": ""n/a"", ""OpenResult"": ""Opened""}"
348546,2026-09-10T14:02:50.752638+00:00,134335225707526386,5176,xcopy.exe,File_System,QueryBasicInformationFile,C:\WindSyst\Qt5Network.dll,0x00000000,"{""CreationTime"": 134335225707083234, ""LastAccessTime"": 134335225707404181, ""LastWriteTime"": 133048999860000000, ""ChangeTime"": 134335221307466556, ""FileAttributes"": ""A""}"
348548,2026-09-10T14:02:50.752726+00:00,134335225707527266,5176,xcopy.exe,File_System,CloseFile,C:\WindSyst\Qt5Network.dll,0x00000000,{}
348549,2026-09-10T14:02:50.752835+00:00,134335225707528355,5176,xcopy.exe,File_System,IRP_MJ_CLOSE,C:\WindSyst\Qt5Network.dll,0x00000000,{}
348552,2026-09-10T14:02:50.753755+00:00,134335225707537551,5176,xcopy.exe,File_System,CreateFile,C:\WindSyst\Qt5Network.dll,0x00000000,"{""Desired Access"": ""Write Attributes"", ""Disposition"": ""Open"", ""Options"": """", ""Attributes"": ""n/a"", ""ShareMode"": ""Read, Write, Delete"", ""AllocationSize"": ""n/a"", ""OpenResult"": ""Opened""}"
348555,2026-09-10T14:02:50.754117+00:00,134335225707541179,5176,xcopy.exe,File_System,SetBasicInformationFile,C:\WindSyst\Qt5Network.dll,0x00000000,{}
348556,2026-09-10T14:02:50.754273+00:00,134335225707542738,5176,xcopy.exe,File_System,CloseFile,C:\WindSyst\Qt5Network.dll,0x00000000,{}
348557,2026-09-10T14:02:50.754365+00:00,134335225707543657,5176,xcopy.exe,File_System,IRP_MJ_CLOSE,C:\WindSyst\Qt5Network.dll,0x00000000,{}
348561,2026-09-10T14:02:50.755423+00:00,134335225707554234,5176,xcopy.exe,File_System,CreateFile,C:\WindSyst,0x00000000,"{""Desired Access"": ""Read Data/List Directory, Synchronize"", ""Disposition"": ""Open"", ""Options"": ""Directory, Synchronous IO Non-Alert"", ""Attributes"": ""n/a"", ""ShareMode"": ""Read, Write, Delete"", ""AllocationSize"": ""n/a"", ""OpenResult"": ""Opened""}"
348564,2026-09-10T14:02:50.755643+00:00,134335225707556432,5176,xcopy.exe,File_System,QueryDirectory,C:\WindSyst\Qt5Network.dll,0x00000000,"{""Filter"": ""Qt5Network.dll"", ""FileInformationClass"": ""FileBothDirectoryInformation"", ""2"": ""Qt5Network.dll""}"
348567,2026-09-10T14:02:50.755994+00:00,134335225707559940,5176,xcopy.exe,File_System,CloseFile,C:\WindSyst,0x00000000,{}
348568,2026-09-10T14:02:50.756089+00:00,134335225707560891,5176,xcopy.exe,File_System,IRP_MJ_CLOSE,C:\WindSyst,0x00000000,{}
348569,2026-09-10T14:02:50.757020+00:00,134335225707570200,5176,xcopy.exe,File_System,CreateFile,C:\WindSyst\Qt5Network.dll,0x00000000,"{""Desired Access"": ""Write Attributes"", ""Disposition"": ""Open"", ""Options"": """", ""Attributes"": ""n/a"", ""ShareMode"": ""Read, Write, Delete"", ""AllocationSize"": ""n/a"", ""OpenResult"": ""Opened""}"
348571,2026-09-10T14:02:50.757324+00:00,134335225707573246,5176,xcopy.exe,File_System,SetBasicInformationFile,C:\WindSyst\Qt5Network.dll,0x00000000,{}
348572,2026-09-10T14:02:50.757437+00:00,134335225707574378,5176,xcopy.exe,File_System,CloseFile,C:\WindSyst\Qt5Network.dll,0x00000000,{}
348573,2026-09-10T14:02:50.757527+00:00,134335225707575279,5176,xcopy.exe,File_System,IRP_MJ_CLOSE,C:\WindSyst\Qt5Network.dll,0x00000000,{}
348680,2026-09-10T14:02:50.781397+00:00,134335225707813976,5176,xcopy.exe,Process,Process_Exit,,0x00000000,"{""Exit Status"": 0, ""User Time"": 312500, ""Kernel Time"": 1875000, ""Private Bytes"": 1531904, ""Peak Private Bytes"": 1531904, ""Working Set"": 5124096, ""Peak Working Set"": 5128192}"
348739,2026-09-10T14:02:50.797525+00:00,134335225707975250,3520,cmd.exe,Process,Process_Exit,,0x00000000,"{""Exit Status"": 0, ""User Time"": 0, ""Kernel Time"": 1406250, ""Private Bytes"": 4579328, ""Peak Private Bytes"": 4841472, ""Working Set"": 4792320, ""Peak Working Set"": 4907008}"
348883,2026-09-10T14:02:50.833073+00:00,134335225708330731,3332,Res.exe,Process,Process_Create,C:\Windows\SysWOW64\cmd.exe,0x00000000,"{""PID"": 6052, ""Command line"": ""C:\\Windows\\system32\\cmd.exe /c XCOPY Qt5Gui.dll c:\\WindSyst /S""}"
348885,2026-09-10T14:02:50.833116+00:00,134335225708331169,6052,cmd.exe,Process,Process_Start,,0x00000000,"{""Parent PID"": 3332, ""Command line"": ""C:\\Windows\\system32\\cmd.exe /c XCOPY Qt5Gui.dll c:\\WindSyst /S"", ""Current directory"": ""C:\\Lab\\sample\\VIRUS\\""}"
349947,2026-09-10T14:02:51.059293+00:00,134335225710592939,6052,cmd.exe,Process,Process_Create,C:\Windows\SysWOW64\xcopy.exe,0x00000000,"{""PID"": 1440, ""Command line"": ""XCOPY  Qt5Gui.dll c:\\WindSyst /S""}"
349948,2026-09-10T14:02:51.059335+00:00,134335225710593357,1440,xcopy.exe,Process,Process_Start,,0x00000000,"{""Parent PID"": 6052, ""Command line"": ""XCOPY  Qt5Gui.dll c:\\WindSyst /S"", ""Current directory"": ""C:\\Lab\\sample\\VIRUS\\""}"
351046,2026-09-10T14:02:51.276409+00:00,134335225712764096,1440,xcopy.exe,File_System,QueryDirectory,C:\WindSyst,0x00000000,"{""Filter"": ""WindSyst"", ""FileInformationClass"": ""FileBothDirectoryInformation"", ""2"": ""WindSyst""}"
351051,2026-09-10T14:02:51.277175+00:00,134335225712771756,1440,xcopy.exe,File_System,QueryDirectory,C:\WindSyst,0x00000000,"{""Filter"": ""WindSyst"", ""FileInformationClass"": ""FileBothDirectoryInformation"", ""2"": ""WindSyst""}"
351064,2026-09-10T14:02:51.279298+00:00,134335225712792984,1440,xcopy.exe,File_System,QueryDirectory,C:\WindSyst,0x00000000,"{""Filter"": ""WindSyst"", ""FileInformationClass"": ""FileBothDirectoryInformation"", ""2"": ""WindSyst""}"
351068,2026-09-10T14:02:51.280198+00:00,134335225712801982,1440,xcopy.exe,File_System,CreateFile,C:\WindSyst,0x00000000,"{""Desired Access"": ""Write Attributes"", ""Disposition"": ""Open"", ""Options"": """", ""Attributes"": ""n/a"", ""ShareMode"": ""Read, Write, Delete"", ""AllocationSize"": ""n/a"", ""OpenResult"": ""Opened""}"
351072,2026-09-10T14:02:51.280581+00:00,134335225712805810,1440,xcopy.exe,File_System,SetBasicInformationFile,C:\WindSyst,0x00000000,{}
351074,2026-09-10T14:02:51.280699+00:00,134335225712806994,1440,xcopy.exe,File_System,CloseFile,C:\WindSyst,0x00000000,{}
351075,2026-09-10T14:02:51.280777+00:00,134335225712807779,1440,xcopy.exe,File_System,IRP_MJ_CLOSE,C:\WindSyst,0x00000000,{}
351087,2026-09-10T14:02:51.283070+00:00,134335225712830706,1440,xcopy.exe,File_System,CreateFile,C:\WindSyst,0x00000000,"{""Desired Access"": ""Read Data/List Directory, Synchronize"", ""Disposition"": ""Open"", ""Options"": ""Directory, Synchronous IO Non-Alert"", ""Attributes"": ""n/a"", ""ShareMode"": ""Read, Write, Delete"", ""AllocationSize"": ""n/a"", ""OpenResult"": ""Opened""}"
351089,2026-09-10T14:02:51.283262+00:00,134335225712832628,1440,xcopy.exe,File_System,QueryDirectory,C:\WindSyst\Qt5Gui.dll,0xc000000f,"{""Filter"": ""Qt5Gui.dll"", ""FileInformationClass"": ""FileBothDirectoryInformation""}"
351090,2026-09-10T14:02:51.283392+00:00,134335225712833929,1440,xcopy.exe,File_System,CloseFile,C:\WindSyst,0x00000000,{}
351091,2026-09-10T14:02:51.283476+00:00,134335225712834766,1440,xcopy.exe,File_System,IRP_MJ_CLOSE,C:\WindSyst,0x00000000,{}
351116,2026-09-10T14:02:51.288548+00:00,134335225712885486,1440,xcopy.exe,File_System,CreateFile,C:\WindSyst\Qt5Gui.dll,0x00000000,"{""Desired Access"": ""Generic Read/Write, Delete, Write DAC"", ""Disposition"": ""OverwriteIf"", ""Options"": ""Sequential Access, Non-Directory File"", ""Attributes"": ""A"", ""ShareMode"": ""None"", ""AllocationSize"": 6205440, ""OpenResult"": ""Created""}"
351121,2026-09-10T14:02:51.290584+00:00,134335225712905841,1440,xcopy.exe,File_System,CloseFile,C:\WindSyst\Qt5Gui.dll,0x00000000,{}
351126,2026-09-10T14:02:51.291532+00:00,134335225712915325,1440,xcopy.exe,File_System,IRP_MJ_CLOSE,C:\WindSyst\Qt5Gui.dll,0x00000000,{}
351141,2026-09-10T14:02:51.295491+00:00,134335225712954914,1440,xcopy.exe,File_System,CreateFile,C:\WindSyst\Qt5Gui.dll,0x00000000,"{""Desired Access"": ""Generic Read/Write, Delete, Write DAC"", ""Disposition"": ""OpenIf"", ""Options"": ""Sequential Access, Synchronous IO Non-Alert, Non-Directory File"", ""Attributes"": ""A"", ""ShareMode"": ""None"", ""AllocationSize"": 6205440, ""OpenResult"": ""Opened""}"
351143,2026-09-10T14:02:51.295796+00:00,134335225712957967,1440,xcopy.exe,File_System,QueryAttributeInformationVolume,C:\WindSyst\Qt5Gui.dll,0x00000000,{}
351144,2026-09-10T14:02:51.295891+00:00,134335225712958915,1440,xcopy.exe,File_System,QueryBasicInformationFile,C:\WindSyst\Qt5Gui.dll,0x00000000,"{""CreationTime"": 134335225712858750, ""LastAccessTime"": 134335225712858750, ""LastWriteTime"": 134335225712858750, ""ChangeTime"": 134335225712858750, ""FileAttributes"": ""A""}"
351219,2026-09-10T14:02:51.315297+00:00,134335225713152974,1440,xcopy.exe,File_System,SetEndOfFileInformationFile,C:\WindSyst\Qt5Gui.dll,0x00000000,{}
351234,2026-09-10T14:02:51.319302+00:00,134335225713193020,1440,xcopy.exe,File_System,WriteFile,C:\WindSyst\Qt5Gui.dll,0x00000000,"{""Offset"": 0, ""Length"": 524288, ""Priority"": ""Normal""}"
351242,2026-09-10T14:02:51.321923+00:00,134335225713219238,1440,xcopy.exe,File_System,WriteFile,C:\WindSyst\Qt5Gui.dll,0x00000000,"{""Offset"": 524288, ""Length"": 524288}"
351251,2026-09-10T14:02:51.324339+00:00,134335225713243394,1440,xcopy.exe,File_System,WriteFile,C:\WindSyst\Qt5Gui.dll,0x00000000,"{""Offset"": 1048576, ""Length"": 524288}"
351261,2026-09-10T14:02:51.326110+00:00,134335225713261101,1440,xcopy.exe,File_System,WriteFile,C:\WindSyst\Qt5Gui.dll,0x00000000,"{""Offset"": 1572864, ""Length"": 524288}"
351266,2026-09-10T14:02:51.328062+00:00,134335225713280624,1440,xcopy.exe,File_System,WriteFile,C:\WindSyst\Qt5Gui.dll,0x00000000,"{""Offset"": 2097152, ""Length"": 524288}"
351271,2026-09-10T14:02:51.330010+00:00,134335225713300106,1440,xcopy.exe,File_System,WriteFile,C:\WindSyst\Qt5Gui.dll,0x00000000,"{""Offset"": 2621440, ""Length"": 524288}"
351277,2026-09-10T14:02:51.331826+00:00,134335225713318264,1440,xcopy.exe,File_System,WriteFile,C:\WindSyst\Qt5Gui.dll,0x00000000,"{""Offset"": 3145728, ""Length"": 524288}"
351281,2026-09-10T14:02:51.333522+00:00,134335225713335222,1440,xcopy.exe,File_System,WriteFile,C:\WindSyst\Qt5Gui.dll,0x00000000,"{""Offset"": 3670016, ""Length"": 524288}"
351289,2026-09-10T14:02:51.335457+00:00,134335225713354572,1440,xcopy.exe,File_System,WriteFile,C:\WindSyst\Qt5Gui.dll,0x00000000,"{""Offset"": 4194304, ""Length"": 524288}"
351297,2026-09-10T14:02:51.337422+00:00,134335225713374229,1440,xcopy.exe,File_System,WriteFile,C:\WindSyst\Qt5Gui.dll,0x00000000,"{""Offset"": 4718592, ""Length"": 524288}"
351304,2026-09-10T14:02:51.339278+00:00,134335225713392784,1440,xcopy.exe,File_System,WriteFile,C:\WindSyst\Qt5Gui.dll,0x00000000,"{""Offset"": 5242880, ""Length"": 524288}"
351313,2026-09-10T14:02:51.341038+00:00,134335225713410381,1440,xcopy.exe,File_System,WriteFile,C:\WindSyst\Qt5Gui.dll,0x00000000,"{""Offset"": 5767168, ""Length"": 438272}"
351315,2026-09-10T14:02:51.342257+00:00,134335225713422576,1440,xcopy.exe,File_System,SetBasicInformationFile,C:\WindSyst\Qt5Gui.dll,0x00000000,{}
351320,2026-09-10T14:02:51.342814+00:00,134335225713428149,1440,xcopy.exe,File_System,QueryRemoteProtocolInformation,C:\WindSyst\Qt5Gui.dll,0xc000000d,{}
351322,2026-09-10T14:02:51.343040+00:00,134335225713430400,1440,xcopy.exe,File_System,CloseFile,C:\WindSyst\Qt5Gui.dll,0x00000000,{}
351384,2026-09-10T14:02:51.358422+00:00,134335225713584223,1440,xcopy.exe,File_System,QueryOpen,C:\WindSyst\Qt5Gui.dll,0xc01c0004,{}
351389,2026-09-10T14:02:51.359088+00:00,134335225713590887,1440,xcopy.exe,File_System,CreateFile,C:\WindSyst\Qt5Gui.dll,0x00000000,"{""Desired Access"": ""Read Attributes"", ""Disposition"": ""Open"", ""Options"": ""Open Reparse Point"", ""Attributes"": ""n/a"", ""ShareMode"": ""Read, Write, Delete"", ""AllocationSize"": ""n/a"", ""OpenResult"": ""Opened""}"
351390,2026-09-10T14:02:51.359229+00:00,134335225713592291,1440,xcopy.exe,File_System,QueryBasicInformationFile,C:\WindSyst\Qt5Gui.dll,0x00000000,"{""CreationTime"": 134335225712858750, ""LastAccessTime"": 134335225713483167, ""LastWriteTime"": 133048999740000000, ""ChangeTime"": 134335221303091762, ""FileAttributes"": ""A""}"
351391,2026-09-10T14:02:51.359290+00:00,134335225713592903,1440,xcopy.exe,File_System,CloseFile,C:\WindSyst\Qt5Gui.dll,0x00000000,{}
351392,2026-09-10T14:02:51.359380+00:00,134335225713593807,1440,xcopy.exe,File_System,IRP_MJ_CLOSE,C:\WindSyst\Qt5Gui.dll,0x00000000,{}
351396,2026-09-10T14:02:51.360192+00:00,134335225713601929,1440,xcopy.exe,File_System,CreateFile,C:\WindSyst\Qt5Gui.dll,0x00000000,"{""Desired Access"": ""Write Attributes"", ""Disposition"": ""Open"", ""Options"": """", ""Attributes"": ""n/a"", ""ShareMode"": ""Read, Write, Delete"", ""AllocationSize"": ""n/a"", ""OpenResult"": ""Opened""}"
351400,2026-09-10T14:02:51.360480+00:00,134335225713604805,1440,xcopy.exe,File_System,SetBasicInformationFile,C:\WindSyst\Qt5Gui.dll,0x00000000,{}
351402,2026-09-10T14:02:51.360596+00:00,134335225713605966,1440,xcopy.exe,File_System,CloseFile,C:\WindSyst\Qt5Gui.dll,0x00000000,{}
351403,2026-09-10T14:02:51.360689+00:00,134335225713606899,1440,xcopy.exe,File_System,IRP_MJ_CLOSE,C:\WindSyst\Qt5Gui.dll,0x00000000,{}
351405,2026-09-10T14:02:51.361563+00:00,134335225713615633,1440,xcopy.exe,File_System,CreateFile,C:\WindSyst,0x00000000,"{""Desired Access"": ""Read Data/List Directory, Synchronize"", ""Disposition"": ""Open"", ""Options"": ""Directory, Synchronous IO Non-Alert"", ""Attributes"": ""n/a"", ""ShareMode"": ""Read, Write, Delete"", ""AllocationSize"": ""n/a"", ""OpenResult"": ""Opened""}"
351406,2026-09-10T14:02:51.361773+00:00,134335225713617731,1440,xcopy.exe,File_System,QueryDirectory,C:\WindSyst\Qt5Gui.dll,0x00000000,"{""Filter"": ""Qt5Gui.dll"", ""FileInformationClass"": ""FileBothDirectoryInformation"", ""2"": ""Qt5Gui.dll""}"
351407,2026-09-10T14:02:51.361961+00:00,134335225713619617,1440,xcopy.exe,File_System,CloseFile,C:\WindSyst,0x00000000,{}
351408,2026-09-10T14:02:51.362040+00:00,134335225713620405,1440,xcopy.exe,File_System,IRP_MJ_CLOSE,C:\WindSyst,0x00000000,{}
351413,2026-09-10T14:02:51.362790+00:00,134335225713627909,1440,xcopy.exe,File_System,CreateFile,C:\WindSyst\Qt5Gui.dll,0x00000000,"{""Desired Access"": ""Write Attributes"", ""Disposition"": ""Open"", ""Options"": """", ""Attributes"": ""n/a"", ""ShareMode"": ""Read, Write, Delete"", ""AllocationSize"": ""n/a"", ""OpenResult"": ""Opened""}"
351414,2026-09-10T14:02:51.363037+00:00,134335225713630372,1440,xcopy.exe,File_System,SetBasicInformationFile,C:\WindSyst\Qt5Gui.dll,0x00000000,{}
351415,2026-09-10T14:02:51.363128+00:00,134335225713631282,1440,xcopy.exe,File_System,CloseFile,C:\WindSyst\Qt5Gui.dll,0x00000000,{}
351416,2026-09-10T14:02:51.363209+00:00,134335225713632098,1440,xcopy.exe,File_System,IRP_MJ_CLOSE,C:\WindSyst\Qt5Gui.dll,0x00000000,{}
351482,2026-09-10T14:02:51.378203+00:00,134335225713782031,1440,xcopy.exe,Process,Process_Exit,,0x00000000,"{""Exit Status"": 0, ""User Time"": 312500, ""Kernel Time"": 1406250, ""Private Bytes"": 1265664, ""Peak Private Bytes"": 1835008, ""Working Set"": 4861952, ""Peak Working Set"": 5300224}"
351540,2026-09-10T14:02:51.393363+00:00,134335225713933634,6052,cmd.exe,Process,Process_Exit,,0x00000000,"{""Exit Status"": 0, ""User Time"": 156250, ""Kernel Time"": 937500, ""Private Bytes"": 4575232, ""Peak Private Bytes"": 4837376, ""Working Set"": 4792320, ""Peak Working Set"": 4907008}"
351757,2026-09-10T14:02:51.452388+00:00,134335225714523883,3332,Res.exe,Process,Process_Create,C:\Windows\SysWOW64\cmd.exe,0x00000000,"{""PID"": 5128, ""Command line"": ""C:\\Windows\\system32\\cmd.exe /c XCOPY Qt5Core.dll c:\\WindSyst /S""}"
351758,2026-09-10T14:02:51.452430+00:00,134335225714524309,5128,cmd.exe,Process,Process_Start,,0x00000000,"{""Parent PID"": 3332, ""Command line"": ""C:\\Windows\\system32\\cmd.exe /c XCOPY Qt5Core.dll c:\\WindSyst /S"", ""Current directory"": ""C:\\Lab\\sample\\VIRUS\\""}"
352599,2026-09-10T14:02:51.620982+00:00,134335225716209822,5128,cmd.exe,Process,Process_Create,C:\Windows\SysWOW64\xcopy.exe,0x00000000,"{""PID"": 4644, ""Command line"": ""XCOPY  Qt5Core.dll c:\\WindSyst /S""}"
352600,2026-09-10T14:02:51.621024+00:00,134335225716210249,4644,xcopy.exe,Process,Process_Start,,0x00000000,"{""Parent PID"": 5128, ""Command line"": ""XCOPY  Qt5Core.dll c:\\WindSyst /S"", ""Current directory"": ""C:\\Lab\\sample\\VIRUS\\""}"
353695,2026-09-10T14:02:51.864554+00:00,134335225718645543,4644,xcopy.exe,File_System,QueryDirectory,C:\WindSyst,0x00000000,"{""Filter"": ""WindSyst"", ""FileInformationClass"": ""FileBothDirectoryInformation"", ""2"": ""WindSyst""}"
353701,2026-09-10T14:02:51.865097+00:00,134335225718650971,4644,xcopy.exe,File_System,QueryDirectory,C:\WindSyst,0x00000000,"{""Filter"": ""WindSyst"", ""FileInformationClass"": ""FileBothDirectoryInformation"", ""2"": ""WindSyst""}"
353719,2026-09-10T14:02:51.868056+00:00,134335225718680569,4644,xcopy.exe,File_System,QueryDirectory,C:\WindSyst,0x00000000,"{""Filter"": ""WindSyst"", ""FileInformationClass"": ""FileBothDirectoryInformation"", ""2"": ""WindSyst""}"
353724,2026-09-10T14:02:51.869183+00:00,134335225718691839,4644,xcopy.exe,File_System,CreateFile,C:\WindSyst,0x00000000,"{""Desired Access"": ""Write Attributes"", ""Disposition"": ""Open"", ""Options"": """", ""Attributes"": ""n/a"", ""ShareMode"": ""Read, Write, Delete"", ""AllocationSize"": ""n/a"", ""OpenResult"": ""Opened""}"
353725,2026-09-10T14:02:51.869605+00:00,134335225718696059,4644,xcopy.exe,File_System,SetBasicInformationFile,C:\WindSyst,0x00000000,{}
353727,2026-09-10T14:02:51.869734+00:00,134335225718697341,4644,xcopy.exe,File_System,CloseFile,C:\WindSyst,0x00000000,{}
353728,2026-09-10T14:02:51.869812+00:00,134335225718698123,4644,xcopy.exe,File_System,IRP_MJ_CLOSE,C:\WindSyst,0x00000000,{}
353736,2026-09-10T14:02:51.872464+00:00,134335225718724644,4644,xcopy.exe,File_System,CreateFile,C:\WindSyst,0x00000000,"{""Desired Access"": ""Read Data/List Directory, Synchronize"", ""Disposition"": ""Open"", ""Options"": ""Directory, Synchronous IO Non-Alert"", ""Attributes"": ""n/a"", ""ShareMode"": ""Read, Write, Delete"", ""AllocationSize"": ""n/a"", ""OpenResult"": ""Opened""}"
353737,2026-09-10T14:02:51.872672+00:00,134335225718726724,4644,xcopy.exe,File_System,QueryDirectory,C:\WindSyst\Qt5Core.dll,0xc000000f,"{""Filter"": ""Qt5Core.dll"", ""FileInformationClass"": ""FileBothDirectoryInformation""}"
353738,2026-09-10T14:02:51.872831+00:00,134335225718728318,4644,xcopy.exe,File_System,CloseFile,C:\WindSyst,0x00000000,{}
353739,2026-09-10T14:02:51.872927+00:00,134335225718729279,4644,xcopy.exe,File_System,IRP_MJ_CLOSE,C:\WindSyst,0x00000000,{}
353773,2026-09-10T14:02:51.879188+00:00,134335225718791889,4644,xcopy.exe,File_System,CreateFile,C:\WindSyst\Qt5Core.dll,0x00000000,"{""Desired Access"": ""Generic Read/Write, Delete, Write DAC"", ""Disposition"": ""OverwriteIf"", ""Options"": ""Sequential Access, Non-Directory File"", ""Attributes"": ""A"", ""ShareMode"": ""None"", ""AllocationSize"": 6097408, ""OpenResult"": ""Created""}"
353777,2026-09-10T14:02:51.880866+00:00,134335225718808663,4644,xcopy.exe,File_System,CloseFile,C:\WindSyst\Qt5Core.dll,0x00000000,{}
353779,2026-09-10T14:02:51.881258+00:00,134335225718812586,4644,xcopy.exe,File_System,IRP_MJ_CLOSE,C:\WindSyst\Qt5Core.dll,0x00000000,{}
353781,2026-09-10T14:02:51.882156+00:00,134335225718821567,4644,xcopy.exe,File_System,CreateFile,C:\WindSyst\Qt5Core.dll,0x00000000,"{""Desired Access"": ""Generic Read/Write, Delete, Write DAC"", ""Disposition"": ""OpenIf"", ""Options"": ""Sequential Access, Synchronous IO Non-Alert, Non-Directory File"", ""Attributes"": ""A"", ""ShareMode"": ""None"", ""AllocationSize"": 6097408, ""OpenResult"": ""Opened""}"
353783,2026-09-10T14:02:51.882473+00:00,134335225718824733,4644,xcopy.exe,File_System,QueryAttributeInformationVolume,C:\WindSyst\Qt5Core.dll,0x00000000,{}
353784,2026-09-10T14:02:51.882560+00:00,134335225718825608,4644,xcopy.exe,File_System,QueryBasicInformationFile,C:\WindSyst\Qt5Core.dll,0x00000000,"{""CreationTime"": 134335225718809752, ""LastAccessTime"": 134335225718809752, ""LastWriteTime"": 134335225718809752, ""ChangeTime"": 134335225718809752, ""FileAttributes"": ""A""}"
353846,2026-09-10T14:02:51.906377+00:00,134335225719063775,4644,xcopy.exe,File_System,SetEndOfFileInformationFile,C:\WindSyst\Qt5Core.dll,0x00000000,{}
353868,2026-09-10T14:02:51.911342+00:00,134335225719113426,4644,xcopy.exe,File_System,WriteFile,C:\WindSyst\Qt5Core.dll,0x00000000,"{""Offset"": 0, ""Length"": 524288, ""Priority"": ""Normal""}"
353874,2026-09-10T14:02:51.913764+00:00,134335225719137643,4644,xcopy.exe,File_System,WriteFile,C:\WindSyst\Qt5Core.dll,0x00000000,"{""Offset"": 524288, ""Length"": 524288}"
353879,2026-09-10T14:02:51.915739+00:00,134335225719157399,4644,xcopy.exe,File_System,WriteFile,C:\WindSyst\Qt5Core.dll,0x00000000,"{""Offset"": 1048576, ""Length"": 524288}"
353888,2026-09-10T14:02:51.918280+00:00,134335225719182809,4644,xcopy.exe,File_System,WriteFile,C:\WindSyst\Qt5Core.dll,0x00000000,"{""Offset"": 1572864, ""Length"": 524288}"
353892,2026-09-10T14:02:51.920944+00:00,134335225719209447,4644,xcopy.exe,File_System,WriteFile,C:\WindSyst\Qt5Core.dll,0x00000000,"{""Offset"": 2097152, ""Length"": 524288}"
353900,2026-09-10T14:02:51.922781+00:00,134335225719227814,4644,xcopy.exe,File_System,WriteFile,C:\WindSyst\Qt5Core.dll,0x00000000,"{""Offset"": 2621440, ""Length"": 524288}"
353907,2026-09-10T14:02:51.924819+00:00,134335225719248190,4644,xcopy.exe,File_System,WriteFile,C:\WindSyst\Qt5Core.dll,0x00000000,"{""Offset"": 3145728, ""Length"": 524288}"
353914,2026-09-10T14:02:51.926531+00:00,134335225719265310,4644,xcopy.exe,File_System,WriteFile,C:\WindSyst\Qt5Core.dll,0x00000000,"{""Offset"": 3670016, ""Length"": 524288}"
353922,2026-09-10T14:02:51.928317+00:00,134335225719283172,4644,xcopy.exe,File_System,WriteFile,C:\WindSyst\Qt5Core.dll,0x00000000,"{""Offset"": 4194304, ""Length"": 524288}"
353929,2026-09-10T14:02:51.930166+00:00,134335225719301669,4644,xcopy.exe,File_System,WriteFile,C:\WindSyst\Qt5Core.dll,0x00000000,"{""Offset"": 4718592, ""Length"": 524288}"
353941,2026-09-10T14:02:51.932837+00:00,134335225719328375,4644,xcopy.exe,File_System,WriteFile,C:\WindSyst\Qt5Core.dll,0x00000000,"{""Offset"": 5242880, ""Length"": 524288}"
353945,2026-09-10T14:02:51.934467+00:00,134335225719344673,4644,xcopy.exe,File_System,WriteFile,C:\WindSyst\Qt5Core.dll,0x00000000,"{""Offset"": 5767168, ""Length"": 330240}"
353948,2026-09-10T14:02:51.935555+00:00,134335225719355553,4644,xcopy.exe,File_System,SetBasicInformationFile,C:\WindSyst\Qt5Core.dll,0x00000000,{}
353950,2026-09-10T14:02:51.936128+00:00,134335225719361282,4644,xcopy.exe,File_System,QueryRemoteProtocolInformation,C:\WindSyst\Qt5Core.dll,0xc000000d,{}
353953,2026-09-10T14:02:51.936363+00:00,134335225719363630,4644,xcopy.exe,File_System,CloseFile,C:\WindSyst\Qt5Core.dll,0x00000000,{}
354161,2026-09-10T14:02:51.982811+00:00,134335225719828111,4644,xcopy.exe,File_System,QueryOpen,C:\WindSyst\Qt5Core.dll,0xc01c0004,{}
354167,2026-09-10T14:02:51.983743+00:00,134335225719837436,4644,xcopy.exe,File_System,CreateFile,C:\WindSyst\Qt5Core.dll,0x00000000,"{""Desired Access"": ""Read Attributes"", ""Disposition"": ""Open"", ""Options"": ""Open Reparse Point"", ""Attributes"": ""n/a"", ""ShareMode"": ""Read, Write, Delete"", ""AllocationSize"": ""n/a"", ""OpenResult"": ""Opened""}"
354195,2026-09-10T14:02:51.988138+00:00,134335225719881384,4644,xcopy.exe,File_System,QueryBasicInformationFile,C:\WindSyst\Qt5Core.dll,0x00000000,"{""CreationTime"": 134335225718809752, ""LastAccessTime"": 134335225719435286, ""LastWriteTime"": 133048999620000000, ""ChangeTime"": 134335221278382430, ""FileAttributes"": ""A""}"
354196,2026-09-10T14:02:51.988201+00:00,134335225719882015,4644,xcopy.exe,File_System,CloseFile,C:\WindSyst\Qt5Core.dll,0x00000000,{}
354197,2026-09-10T14:02:51.988292+00:00,134335225719882928,4644,xcopy.exe,File_System,IRP_MJ_CLOSE,C:\WindSyst\Qt5Core.dll,0x00000000,{}
354198,2026-09-10T14:02:51.989168+00:00,134335225719891689,4644,xcopy.exe,File_System,CreateFile,C:\WindSyst\Qt5Core.dll,0x00000000,"{""Desired Access"": ""Write Attributes"", ""Disposition"": ""Open"", ""Options"": """", ""Attributes"": ""n/a"", ""ShareMode"": ""Read, Write, Delete"", ""AllocationSize"": ""n/a"", ""OpenResult"": ""Opened""}"
354199,2026-09-10T14:02:51.989470+00:00,134335225719894704,4644,xcopy.exe,File_System,SetBasicInformationFile,C:\WindSyst\Qt5Core.dll,0x00000000,{}
354200,2026-09-10T14:02:51.989602+00:00,134335225719896027,4644,xcopy.exe,File_System,CloseFile,C:\WindSyst\Qt5Core.dll,0x00000000,{}
354201,2026-09-10T14:02:51.989694+00:00,134335225719896946,4644,xcopy.exe,File_System,IRP_MJ_CLOSE,C:\WindSyst\Qt5Core.dll,0x00000000,{}
354203,2026-09-10T14:02:51.990594+00:00,134335225719905940,4644,xcopy.exe,File_System,CreateFile,C:\WindSyst,0x00000000,"{""Desired Access"": ""Read Data/List Directory, Synchronize"", ""Disposition"": ""Open"", ""Options"": ""Directory, Synchronous IO Non-Alert"", ""Attributes"": ""n/a"", ""ShareMode"": ""Read, Write, Delete"", ""AllocationSize"": ""n/a"", ""OpenResult"": ""Opened""}"
354204,2026-09-10T14:02:51.991148+00:00,134335225719911488,4644,xcopy.exe,File_System,QueryDirectory,C:\WindSyst\Qt5Core.dll,0x00000000,"{""Filter"": ""Qt5Core.dll"", ""FileInformationClass"": ""FileBothDirectoryInformation"", ""2"": ""Qt5Core.dll""}"
354205,2026-09-10T14:02:51.991387+00:00,134335225719913877,4644,xcopy.exe,File_System,CloseFile,C:\WindSyst,0x00000000,{}
354207,2026-09-10T14:02:51.991481+00:00,134335225719914810,4644,xcopy.exe,File_System,IRP_MJ_CLOSE,C:\WindSyst,0x00000000,{}
354211,2026-09-10T14:02:51.992244+00:00,134335225719922446,4644,xcopy.exe,File_System,CreateFile,C:\WindSyst\Qt5Core.dll,0x00000000,"{""Desired Access"": ""Write Attributes"", ""Disposition"": ""Open"", ""Options"": """", ""Attributes"": ""n/a"", ""ShareMode"": ""Read, Write, Delete"", ""AllocationSize"": ""n/a"", ""OpenResult"": ""Opened""}"
354213,2026-09-10T14:02:51.992489+00:00,134335225719924892,4644,xcopy.exe,File_System,SetBasicInformationFile,C:\WindSyst\Qt5Core.dll,0x00000000,{}
354214,2026-09-10T14:02:51.992578+00:00,134335225719925786,4644,xcopy.exe,File_System,CloseFile,C:\WindSyst\Qt5Core.dll,0x00000000,{}
354215,2026-09-10T14:02:51.992656+00:00,134335225719926566,4644,xcopy.exe,File_System,IRP_MJ_CLOSE,C:\WindSyst\Qt5Core.dll,0x00000000,{}
354277,2026-09-10T14:02:52.006867+00:00,134335225720068677,4644,xcopy.exe,Process,Process_Exit,,0x00000000,"{""Exit Status"": 0, ""User Time"": 468750, ""Kernel Time"": 1406250, ""Private Bytes"": 1269760, ""Peak Private Bytes"": 1806336, ""Working Set"": 4866048, ""Peak Working Set"": 5304320}"
354344,2026-09-10T14:02:52.025048+00:00,134335225720250486,5128,cmd.exe,Process,Process_Exit,,0x00000000,"{""Exit Status"": 0, ""User Time"": 156250, ""Kernel Time"": 1250000, ""Private Bytes"": 4579328, ""Peak Private Bytes"": 4841472, ""Working Set"": 4792320, ""Peak Working Set"": 4907008}"
354487,2026-09-10T14:02:52.065953+00:00,134335225720659538,3332,Res.exe,Process,Process_Create,C:\Windows\SysWOW64\cmd.exe,0x00000000,"{""PID"": 2696, ""Command line"": ""C:\\Windows\\system32\\cmd.exe /c mkdir c:\\WindSyst\\platforms""}"
354488,2026-09-10T14:02:52.065996+00:00,134335225720659961,2696,cmd.exe,Process,Process_Start,,0x00000000,"{""Parent PID"": 3332, ""Command line"": ""C:\\Windows\\system32\\cmd.exe /c mkdir c:\\WindSyst\\platforms"", ""Current directory"": ""C:\\Lab\\sample\\VIRUS\\""}"
355437,2026-09-10T14:02:52.242560+00:00,134335225722425604,2696,cmd.exe,File_System,CreateFile,C:\WindSyst\platforms,0x00000000,"{""Desired Access"": ""Read Data/List Directory, Synchronize"", ""Disposition"": ""Create"", ""Options"": ""Directory, Synchronous IO Non-Alert, Open Reparse Point"", ""Attributes"": ""N"", ""ShareMode"": ""Read, Write"", ""AllocationSize"": 0, ""OpenResult"": ""Created""}"
355444,2026-09-10T14:02:52.244692+00:00,134335225722446921,2696,cmd.exe,File_System,CloseFile,C:\WindSyst\platforms,0x00000000,{}
355445,2026-09-10T14:02:52.244937+00:00,134335225722449374,2696,cmd.exe,File_System,IRP_MJ_CLOSE,C:\WindSyst\platforms,0x00000000,{}
355469,2026-09-10T14:02:52.252220+00:00,134335225722522200,2696,cmd.exe,Process,Process_Exit,,0x00000000,"{""Exit Status"": 0, ""User Time"": 156250, ""Kernel Time"": 937500, ""Private Bytes"": 4341760, ""Peak Private Bytes"": 4669440, ""Working Set"": 4448256, ""Peak Working Set"": 4628480}"
355595,2026-09-10T14:02:52.281032+00:00,134335225722810327,3332,Res.exe,Process,Process_Create,C:\Windows\SysWOW64\cmd.exe,0x00000000,"{""PID"": 468, ""Command line"": ""C:\\Windows\\system32\\cmd.exe /c XCOPY qminimal.dll c:\\WindSyst\\platforms /S""}"
355596,2026-09-10T14:02:52.281077+00:00,134335225722810772,468,cmd.exe,Process,Process_Start,,0x00000000,"{""Parent PID"": 3332, ""Command line"": ""C:\\Windows\\system32\\cmd.exe /c XCOPY qminimal.dll c:\\WindSyst\\platforms /S"", ""Current directory"": ""C:\\Lab\\sample\\VIRUS\\""}"
356622,2026-09-10T14:02:52.494106+00:00,134335225724941066,468,cmd.exe,Process,Process_Create,C:\Windows\SysWOW64\xcopy.exe,0x00000000,"{""PID"": 4172, ""Command line"": ""XCOPY  qminimal.dll c:\\WindSyst\\platforms /S""}"
356623,2026-09-10T14:02:52.494149+00:00,134335225724941493,4172,xcopy.exe,Process,Process_Start,,0x00000000,"{""Parent PID"": 468, ""Command line"": ""XCOPY  qminimal.dll c:\\WindSyst\\platforms /S"", ""Current directory"": ""C:\\Lab\\sample\\VIRUS\\""}"
357636,2026-09-10T14:02:52.720360+00:00,134335225727203600,4172,xcopy.exe,Process,Process_Exit,,0x00000000,"{""Exit Status"": 4, ""User Time"": 0, ""Kernel Time"": 1250000, ""Private Bytes"": 1118208, ""Peak Private Bytes"": 1118208, ""Working Set"": 4349952, ""Peak Working Set"": 4354048}"
357702,2026-09-10T14:02:52.736119+00:00,134335225727361197,468,cmd.exe,Process,Process_Exit,,0x00000000,"{""Exit Status"": 4, ""User Time"": 312500, ""Kernel Time"": 937500, ""Private Bytes"": 4567040, ""Peak Private Bytes"": 4829184, ""Working Set"": 4796416, ""Peak Working Set"": 4911104}"
357847,2026-09-10T14:02:52.769661+00:00,134335225727696619,3332,Res.exe,Process,Process_Create,C:\Windows\SysWOW64\cmd.exe,0x00000000,"{""PID"": 1604, ""Command line"": ""C:\\Windows\\system32\\cmd.exe /c XCOPY qoffscreen.dll c:\\WindSyst\\platforms /S""}"
357849,2026-09-10T14:02:52.769712+00:00,134335225727697128,1604,cmd.exe,Process,Process_Start,,0x00000000,"{""Parent PID"": 3332, ""Command line"": ""C:\\Windows\\system32\\cmd.exe /c XCOPY qoffscreen.dll c:\\WindSyst\\platforms /S"", ""Current directory"": ""C:\\Lab\\sample\\VIRUS\\""}"
358800,2026-09-10T14:02:52.977698+00:00,134335225729776981,1604,cmd.exe,Process,Process_Create,C:\Windows\SysWOW64\xcopy.exe,0x00000000,"{""PID"": 2500, ""Command line"": ""XCOPY  qoffscreen.dll c:\\WindSyst\\platforms /S""}"
358801,2026-09-10T14:02:52.977741+00:00,134335225729777418,2500,xcopy.exe,Process,Process_Start,,0x00000000,"{""Parent PID"": 1604, ""Command line"": ""XCOPY  qoffscreen.dll c:\\WindSyst\\platforms /S"", ""Current directory"": ""C:\\Lab\\sample\\VIRUS\\""}"
359943,2026-09-10T14:02:53.205630+00:00,134335225732056301,2500,xcopy.exe,Process,Process_Exit,,0x00000000,"{""Exit Status"": 4, ""User Time"": 0, ""Kernel Time"": 937500, ""Private Bytes"": 1114112, ""Peak Private Bytes"": 1114112, ""Working Set"": 4358144, ""Peak Working Set"": 4362240}"
360017,2026-09-10T14:02:53.226921+00:00,134335225732269212,1604,cmd.exe,Process,Process_Exit,,0x00000000,"{""Exit Status"": 4, ""User Time"": 156250, ""Kernel Time"": 1250000, ""Private Bytes"": 4571136, ""Peak Private Bytes"": 4833280, ""Working Set"": 4800512, ""Peak Working Set"": 4915200}"
360258,2026-09-10T14:02:53.295533+00:00,134335225732955337,3332,Res.exe,Process,Process_Create,C:\Windows\SysWOW64\cmd.exe,0x00000000,"{""PID"": 4008, ""Command line"": ""C:\\Windows\\system32\\cmd.exe /c XCOPY qwindows.dll c:\\WindSyst\\platforms /S""}"
360259,2026-09-10T14:02:53.295577+00:00,134335225732955774,4008,cmd.exe,Process,Process_Start,,0x00000000,"{""Parent PID"": 3332, ""Command line"": ""C:\\Windows\\system32\\cmd.exe /c XCOPY qwindows.dll c:\\WindSyst\\platforms /S"", ""Current directory"": ""C:\\Lab\\sample\\VIRUS\\""}"
361255,2026-09-10T14:02:53.508040+00:00,134335225735080409,4008,cmd.exe,Process,Process_Create,C:\Windows\SysWOW64\xcopy.exe,0x00000000,"{""PID"": 5196, ""Command line"": ""XCOPY  qwindows.dll c:\\WindSyst\\platforms /S""}"
361256,2026-09-10T14:02:53.508084+00:00,134335225735080843,5196,xcopy.exe,Process,Process_Start,,0x00000000,"{""Parent PID"": 4008, ""Command line"": ""XCOPY  qwindows.dll c:\\WindSyst\\platforms /S"", ""Current directory"": ""C:\\Lab\\sample\\VIRUS\\""}"
362215,2026-09-10T14:02:53.714133+00:00,134335225737141334,5196,xcopy.exe,Process,Process_Exit,,0x00000000,"{""Exit Status"": 4, ""User Time"": 0, ""Kernel Time"": 1093750, ""Private Bytes"": 1122304, ""Peak Private Bytes"": 1122304, ""Working Set"": 4349952, ""Peak Working Set"": 4354048}"
362273,2026-09-10T14:02:53.728578+00:00,134335225737285781,4008,cmd.exe,Process,Process_Exit,,0x00000000,"{""Exit Status"": 4, ""User Time"": 468750, ""Kernel Time"": 781250, ""Private Bytes"": 4575232, ""Peak Private Bytes"": 4837376, ""Working Set"": 4902912, ""Peak Working Set"": 5017600}"
362327,2026-09-10T14:02:53.741216+00:00,134335225737412164,3332,Res.exe,Registry,RegSetValue,HKCU\SOFTWARE\Microsoft\Windows\CurrentVersion\Run\Res,0x00000000,"{""Type"": ""REG_SZ"", ""Length"": 40, ""Data"": ""C:\\WindSyst\\Res.exe""}"
362350,2026-09-10T14:02:53.746117+00:00,134335225737461174,3332,Res.exe,Registry,RegSetValue,HKCU\SOFTWARE\Microsoft\Windows\CurrentVersion\Run\Env,0x00000000,"{""Type"": ""REG_SZ"", ""Length"": 40, ""Data"": ""C:\\WindSyst\\Env.exe""}"
372582,2026-09-10T14:02:58.604632+00:00,134335225786046322,5832,Env.exe,Process,Process_Start,,0x00000000,"{""Parent PID"": 1304, ""Command line"": ""Env.exe "", ""Current directory"": ""C:\\Lab\\sample\\VIRUS\\""}"
372583,2026-09-10T14:02:58.604672+00:00,134335225786046729,5832,Env.exe,Process,Thread_Create,,0x00000000,"{""Thread ID"": 6116}"
372705,2026-09-10T14:02:58.648634+00:00,134335225786486344,5832,Env.exe,Process,Load_Image,C:\Lab\sample\VIRUS\Env.exe,0x00000000,"{""Image Base"": 4194304, ""Image Size"": 77824}"
372731,2026-09-10T14:02:58.657496+00:00,134335225786574969,5832,Env.exe,Process,Load_Image,C:\Windows\System32\ntdll.dll,0x00000000,"{""Image Base"": 140728692441088, ""Image Size"": 2052096}"
372735,2026-09-10T14:02:58.658123+00:00,134335225786581236,5832,Env.exe,Process,Load_Image,C:\Windows\SysWOW64\ntdll.dll,0x00000000,"{""Image Base"": 2004549632, ""Image Size"": 1716224}"
372736,2026-09-10T14:02:58.659135+00:00,134335225786591356,5832,Env.exe,File_System,CreateFile,C:\Windows\Prefetch\ENV.EXE-EE5DA8B2.pf,0xc0000034,"{""Desired Access"": ""Generic Read"", ""Disposition"": ""Open"", ""Options"": ""Synchronous IO Non-Alert"", ""Attributes"": ""n/a"", ""ShareMode"": ""None"", ""AllocationSize"": ""n/a""}"
372741,2026-09-10T14:02:58.660572+00:00,134335225786605726,5832,Env.exe,Registry,RegOpenKey,HKLM\System\CurrentControlSet\Control\Session Manager,0x00000104,"{""Desired Access"": ""Query Value""}"
372742,2026-09-10T14:02:58.660755+00:00,134335225786607559,5832,Env.exe,Registry,RegOpenKey,HKLM\System\CurrentControlSet\Control\Session Manager,0x00000000,"{""Desired Access"": ""Query Value""}"
372743,2026-09-10T14:02:58.660911+00:00,134335225786609117,5832,Env.exe,Registry,RegQueryValue,HKLM\System\CurrentControlSet\Control\Session Manager\RaiseExceptionOnPossibleDeadlock,0xc0000034,"{""Length"": 80}"
372744,2026-09-10T14:02:58.661058+00:00,134335225786610581,5832,Env.exe,Registry,RegCloseKey,HKLM\System\CurrentControlSet\Control\Session Manager,0x00000000,{}
372746,2026-09-10T14:02:58.661180+00:00,134335225786611807,5832,Env.exe,Registry,RegOpenKey,HKLM\SYSTEM\CurrentControlSet\Control\Session Manager\Segment Heap,0x00000104,"{""Desired Access"": ""Query Value""}"
372747,2026-09-10T14:02:58.661290+00:00,134335225786612909,5832,Env.exe,Registry,RegOpenKey,HKLM\System\CurrentControlSet\Control\Session Manager\Segment Heap,0xc0000034,"{""Desired Access"": ""Query Value""}"
372750,2026-09-10T14:02:58.661556+00:00,134335225786615568,5832,Env.exe,Registry,RegOpenKey,HKLM\SYSTEM\CurrentControlSet\Control\Session Manager,0x00000104,"{""Desired Access"": ""Query Value, Enumerate Sub Keys""}"
372752,2026-09-10T14:02:58.661701+00:00,134335225786617016,5832,Env.exe,Registry,RegOpenKey,HKLM\System\CurrentControlSet\Control\Session Manager,0x00000000,"{""Desired Access"": ""Query Value, Enumerate Sub Keys""}"
372753,2026-09-10T14:02:58.661821+00:00,134335225786618214,5832,Env.exe,Registry,RegQueryValue,HKLM\System\CurrentControlSet\Control\Session Manager\ResourcePolicies,0xc0000034,"{""Length"": 24}"
372754,2026-09-10T14:02:58.661938+00:00,134335225786619382,5832,Env.exe,Registry,RegCloseKey,HKLM\System\CurrentControlSet\Control\Session Manager,0x00000000,{}
372762,2026-09-10T14:02:58.663977+00:00,134335225786639776,5832,Env.exe,File_System,CreateFile,C:\Windows,0x00000000,"{""Desired Access"": ""Execute/Traverse, Synchronize"", ""Disposition"": ""Open"", ""Options"": ""Directory, Synchronous IO Non-Alert"", ""Attributes"": ""n/a"", ""ShareMode"": ""Read, Write"", ""AllocationSize"": ""n/a"", ""OpenResult"": ""Opened""}"
372766,2026-09-10T14:02:58.665723+00:00,134335225786657239,5832,Env.exe,Process,Load_Image,C:\Windows\System32\wow64.dll,0x00000000,"{""Image Base"": 140728677105664, ""Image Size"": 364544}"
372773,2026-09-10T14:02:58.667346+00:00,134335225786673466,5832,Env.exe,Process,Load_Image,C:\Windows\System32\wow64win.dll,0x00000000,"{""Image Base"": 140728691589120, ""Image Size"": 536576}"
372778,2026-09-10T14:02:58.669106+00:00,134335225786691069,5832,Env.exe,File_System,QueryOpen,C:\Windows\System32\wow64log.dll,0xc01c0004,{}
372785,2026-09-10T14:02:58.669851+00:00,134335225786698519,5832,Env.exe,File_System,CreateFile,C:\Windows\System32\wow64log.dll,0xc0000034,"{""Desired Access"": ""Read Attributes"", ""Disposition"": ""Open"", ""Options"": ""Open Reparse Point"", ""Attributes"": ""n/a"", ""ShareMode"": ""Read, Write, Delete"", ""AllocationSize"": ""n/a""}"
372791,2026-09-10T14:02:58.671696+00:00,134335225786716966,5832,Env.exe,File_System,CreateFile,C:\Windows,0x00000000,"{""Desired Access"": ""Read Attributes, Synchronize"", ""Disposition"": ""Open"", ""Options"": ""Synchronous IO Non-Alert"", ""Attributes"": ""n/a"", ""ShareMode"": ""Read, Write, Delete"", ""AllocationSize"": ""n/a"", ""OpenResult"": ""Opened""}"
372795,2026-09-10T14:02:58.671967+00:00,134335225786719678,5832,Env.exe,File_System,QueryNameInformationFile,C:\Windows,0x00000000,"{""Name"": ""\\Windows""}"
372796,2026-09-10T14:02:58.672088+00:00,134335225786720889,5832,Env.exe,File_System,CloseFile,C:\Windows,0x00000000,{}
372797,2026-09-10T14:02:58.672174+00:00,134335225786721746,5832,Env.exe,File_System,IRP_MJ_CLOSE,C:\Windows,0x00000000,{}
372798,2026-09-10T14:02:58.672356+00:00,134335225786723568,5832,Env.exe,Registry,RegOpenKey,HKLM\Software\Microsoft\Wow64\x86,0x00000000,"{""Desired Access"": ""Read""}"
372799,2026-09-10T14:02:58.672702+00:00,134335225786727022,5832,Env.exe,Registry,RegQueryValue,HKLM\SOFTWARE\Microsoft\Wow64\x86\Env.exe,0xc0000034,"{""Length"": 520}"
372800,2026-09-10T14:02:58.672833+00:00,134335225786728333,5832,Env.exe,Registry,RegQueryValue,HKLM\SOFTWARE\Microsoft\Wow64\x86\(Default),0x00000000,"{""Type"": ""REG_SZ"", ""Length"": 26, ""Data"": ""wow64cpu.dll""}"
372801,2026-09-10T14:02:58.672979+00:00,134335225786729799,5832,Env.exe,Registry,RegCloseKey,HKLM\SOFTWARE\Microsoft\Wow64\x86,0x00000000,{}
372804,2026-09-10T14:02:58.674019+00:00,134335225786740192,5832,Env.exe,Process,Load_Image,C:\Windows\System32\wow64cpu.dll,0x00000000,"{""Image Base"": 2004484096, ""Image Size"": 40960}"
372805,2026-09-10T14:02:58.675560+00:00,134335225786755608,5832,Env.exe,Registry,RegOpenKey,HKLM\System\CurrentControlSet\Control\Session Manager,0x00000104,"{""Desired Access"": ""Query Value""}"
372806,2026-09-10T14:02:58.675711+00:00,134335225786757111,5832,Env.exe,Registry,RegOpenKey,HKLM\System\CurrentControlSet\Control\Session Manager,0x00000000,"{""Desired Access"": ""Query Value""}"
372807,2026-09-10T14:02:58.675858+00:00,134335225786758581,5832,Env.exe,Registry,RegSetInfoKey,HKLM\System\CurrentControlSet\Control\Session Manager,0x00000000,"{""KeySetInformationClass"": ""KeySetHandleTagsInformation"", ""Length"": 0}"
372808,2026-09-10T14:02:58.675960+00:00,134335225786759601,5832,Env.exe,Registry,RegQueryValue,HKLM\System\CurrentControlSet\Control\Session Manager\RaiseExceptionOnPossibleDeadlock,0xc0000034,"{""Length"": 80}"
372809,2026-09-10T14:02:58.676093+00:00,134335225786760936,5832,Env.exe,Registry,RegCloseKey,HKLM\System\CurrentControlSet\Control\Session Manager,0x00000000,{}
372810,2026-09-10T14:02:58.676231+00:00,134335225786762317,5832,Env.exe,Registry,RegOpenKey,HKLM\SYSTEM\CurrentControlSet\Control\Session Manager\Segment Heap,0x00000104,"{""Desired Access"": ""Query Value""}"
372811,2026-09-10T14:02:58.676341+00:00,134335225786763411,5832,Env.exe,Registry,RegOpenKey,HKLM\System\CurrentControlSet\Control\Session Manager\Segment Heap,0xc0000034,"{""Desired Access"": ""Query Value""}"
372812,2026-09-10T14:02:58.676668+00:00,134335225786766684,5832,Env.exe,Registry,RegOpenKey,HKLM\SYSTEM\CurrentControlSet\Control\Session Manager,0x00000104,"{""Desired Access"": ""Query Value, Enumerate Sub Keys""}"
372813,2026-09-10T14:02:58.676779+00:00,134335225786767799,5832,Env.exe,Registry,RegOpenKey,HKLM\System\CurrentControlSet\Control\Session Manager,0x00000000,"{""Desired Access"": ""Query Value, Enumerate Sub Keys""}"
372814,2026-09-10T14:02:58.676897+00:00,134335225786768975,5832,Env.exe,Registry,RegSetInfoKey,HKLM\System\CurrentControlSet\Control\Session Manager,0x00000000,"{""KeySetInformationClass"": ""KeySetHandleTagsInformation"", ""Length"": 0}"
372815,2026-09-10T14:02:58.676981+00:00,134335225786769816,5832,Env.exe,Registry,RegQueryValue,HKLM\System\CurrentControlSet\Control\Session Manager\ResourcePolicies,0xc0000034,"{""Length"": 24}"
372816,2026-09-10T14:02:58.677098+00:00,134335225786770989,5832,Env.exe,Registry,RegCloseKey,HKLM\System\CurrentControlSet\Control\Session Manager,0x00000000,{}
372817,2026-09-10T14:02:58.679588+00:00,134335225786795885,5832,Env.exe,File_System,CreateFile,C:\Lab\sample\VIRUS,0x00000000,"{""Desired Access"": ""Execute/Traverse, Synchronize"", ""Disposition"": ""Open"", ""Options"": ""Directory, Synchronous IO Non-Alert"", ""Attributes"": ""n/a"", ""ShareMode"": ""Read, Write"", ""AllocationSize"": ""n/a"", ""OpenResult"": ""Opened""}"
372818,2026-09-10T14:02:58.681044+00:00,134335225786810446,5832,Env.exe,Process,Load_Image,C:\Windows\SysWOW64\kernel32.dll,0x00000000,"{""Image Base"": 1970929664, ""Image Size"": 983040}"
372821,2026-09-10T14:02:58.682676+00:00,134335225786826762,5832,Env.exe,Process,Load_Image,C:\Windows\SysWOW64\KernelBase.dll,0x00000000,"{""Image Base"": 1992491008, ""Image Size"": 2183168}"
372827,2026-09-10T14:02:58.685851+00:00,134335225786858517,5832,Env.exe,Registry,RegQueryValue,HKLM\System\CurrentControlSet\Control\WMI\Security\3c74afb9-8d82-44e3-b52c-365dbf48382a,0xc0000034,"{""Length"": 528}"
372829,2026-09-10T14:02:58.686129+00:00,134335225786861298,5832,Env.exe,File_System,QueryNameInformationFile,C:\Windows\SysWOW64\KernelBase.dll,0x00000000,"{""Name"": ""\\Windows\\SysWOW64\\KernelBase.dll""}"
372835,2026-09-10T14:02:58.686591+00:00,134335225786865914,5832,Env.exe,Registry,RegQueryValue,HKLM\System\CurrentControlSet\Control\WMI\Security\05f95efe-7f75-49c7-a994-60a55cc09571,0xc0000034,"{""Length"": 528}"
372838,2026-09-10T14:02:58.686836+00:00,134335225786868366,5832,Env.exe,File_System,QueryNameInformationFile,C:\Windows\SysWOW64\KernelBase.dll,0x00000000,"{""Name"": ""\\Windows\\SysWOW64\\KernelBase.dll""}"
372839,2026-09-10T14:02:58.687242+00:00,134335225786872425,5832,Env.exe,Registry,RegOpenKey,HKLM\System\CurrentControlSet\Control\Terminal Server,0x00000104,"{""Desired Access"": ""Read""}"
372840,2026-09-10T14:02:58.687402+00:00,134335225786874025,5832,Env.exe,Registry,RegOpenKey,HKLM\System\CurrentControlSet\Control\Terminal Server,0x00000000,"{""Desired Access"": ""Read""}"
372841,2026-09-10T14:02:58.687548+00:00,134335225786875484,5832,Env.exe,Registry,RegSetInfoKey,HKLM\System\CurrentControlSet\Control\Terminal Server,0x00000000,"{""KeySetInformationClass"": ""KeySetHandleTagsInformation"", ""Length"": 0}"
372842,2026-09-10T14:02:58.687642+00:00,134335225786876429,5832,Env.exe,Registry,RegQueryValue,HKLM\System\CurrentControlSet\Control\Terminal Server\TSAppCompat,0xc0000034,"{""Length"": 548}"
372843,2026-09-10T14:02:58.687768+00:00,134335225786877687,5832,Env.exe,Registry,RegQueryValue,HKLM\System\CurrentControlSet\Control\Terminal Server\TSUserEnabled,0x00000000,"{""Type"": ""REG_DWORD"", ""Length"": 4, ""Data"": 0}"
372844,2026-09-10T14:02:58.687898+00:00,134335225786878988,5832,Env.exe,Registry,RegCloseKey,HKLM\System\CurrentControlSet\Control\Terminal Server,0x00000000,{}
372846,2026-09-10T14:02:58.688879+00:00,134335225786888797,5832,Env.exe,Registry,RegOpenKey,HKLM\System\CurrentControlSet\Control\SafeBoot\Option,0x00000104,"{""Desired Access"": ""Query Value, Set Value""}"
372847,2026-09-10T14:02:58.689005+00:00,134335225786890052,5832,Env.exe,Registry,RegOpenKey,HKLM\System\CurrentControlSet\Control\SafeBoot\Option,0xc0000034,"{""Desired Access"": ""Query Value, Set Value""}"
372848,2026-09-10T14:02:58.689195+00:00,134335225786891959,5832,Env.exe,Registry,RegOpenKey,HKLM\System\CurrentControlSet\Control\Srp\GP\DLL,0x00000104,"{""Desired Access"": ""Read""}"
372849,2026-09-10T14:02:58.689300+00:00,134335225786893002,5832,Env.exe,Registry,RegOpenKey,HKLM\System\CurrentControlSet\Control\Srp\GP\DLL,0xc0000034,"{""Desired Access"": ""Read""}"
372850,2026-09-10T14:02:58.689490+00:00,134335225786894909,5832,Env.exe,Registry,RegOpenKey,HKLM\Software\WOW6432Node\Policies\Microsoft\Windows\Safer\CodeIdentifiers,0x00000104,"{""Desired Access"": ""Query Value""}"
372853,2026-09-10T14:02:58.689753+00:00,134335225786897539,5832,Env.exe,Registry,RegOpenKey,HKLM\SOFTWARE\Policies\Microsoft\Windows\Safer\CodeIdentifiers,0x00000000,"{""Desired Access"": ""Query Value""}"
372856,2026-09-10T14:02:58.689923+00:00,134335225786899234,5832,Env.exe,Registry,RegSetInfoKey,HKLM\SOFTWARE\Policies\Microsoft\Windows\safer\codeidentifiers,0x00000000,"{""KeySetInformationClass"": ""KeySetHandleTagsInformation"", ""Length"": 0}"
372857,2026-09-10T14:02:58.690011+00:00,134335225786900114,5832,Env.exe,Registry,RegQueryValue,HKLM\SOFTWARE\Policies\Microsoft\Windows\safer\codeidentifiers\TransparentEnabled,0xc0000034,"{""Length"": 80}"
372858,2026-09-10T14:02:58.690138+00:00,134335225786901383,5832,Env.exe,Registry,RegCloseKey,HKLM\SOFTWARE\Policies\Microsoft\Windows\safer\codeidentifiers,0x00000000,{}
372859,2026-09-10T14:02:58.690329+00:00,134335225786903291,5832,Env.exe,Registry,RegOpenKey,HKCU\Software\Policies\Microsoft\Windows\Safer\CodeIdentifiers,0xc0000034,"{""Desired Access"": ""Query Value""}"
372860,2026-09-10T14:02:58.690579+00:00,134335225786905792,5832,Env.exe,Registry,RegOpenKey,HKLM\System\CurrentControlSet\Control\FileSystem\,0x00000104,"{""Desired Access"": ""Read""}"
372862,2026-09-10T14:02:58.690687+00:00,134335225786906878,5832,Env.exe,Registry,RegOpenKey,HKLM\System\CurrentControlSet\Control\FileSystem,0x00000000,"{""Desired Access"": ""Read""}"
372863,2026-09-10T14:02:58.690853+00:00,134335225786908532,5832,Env.exe,Registry,RegSetInfoKey,HKLM\System\CurrentControlSet\Control\FileSystem,0x00000000,"{""KeySetInformationClass"": ""KeySetHandleTagsInformation"", ""Length"": 0}"
372864,2026-09-10T14:02:58.690938+00:00,134335225786909388,5832,Env.exe,Registry,RegQueryValue,HKLM\System\CurrentControlSet\Control\FileSystem\LongPathsEnabled,0x00000000,"{""Type"": ""REG_DWORD"", ""Length"": 4, ""Data"": 0}"
372866,2026-09-10T14:02:58.691070+00:00,134335225786910709,5832,Env.exe,Registry,RegCloseKey,HKLM\System\CurrentControlSet\Control\FileSystem,0x00000000,{}
372872,2026-09-10T14:02:58.692116+00:00,134335225786921164,5832,Env.exe,File_System,QueryOpen,C:\Windows\SysWOW64\apphelp.dll,0xc01c0004,{}
372874,2026-09-10T14:02:58.692846+00:00,134335225786928465,5832,Env.exe,File_System,CreateFile,C:\Windows\SysWOW64\apphelp.dll,0x00000000,"{""Desired Access"": ""Read Attributes"", ""Disposition"": ""Open"", ""Options"": ""Open Reparse Point"", ""Attributes"": ""n/a"", ""ShareMode"": ""Read, Write, Delete"", ""AllocationSize"": ""n/a"", ""OpenResult"": ""Opened""}"
372879,2026-09-10T14:02:58.693180+00:00,134335225786931803,5832,Env.exe,File_System,QueryBasicInformationFile,C:\Windows\SysWOW64\apphelp.dll,0x00000000,"{""CreationTime"": 132780004937145233, ""LastAccessTime"": 134335225646156681, ""LastWriteTime"": 132780004937145233, ""ChangeTime"": 134335053891535197, ""FileAttributes"": ""A""}"
372881,2026-09-10T14:02:58.693250+00:00,134335225786932506,5832,Env.exe,File_System,CloseFile,C:\Windows\SysWOW64\apphelp.dll,0x00000000,{}
372882,2026-09-10T14:02:58.693351+00:00,134335225786933514,5832,Env.exe,File_System,IRP_MJ_CLOSE,C:\Windows\SysWOW64\apphelp.dll,0x00000000,{}
372885,2026-09-10T14:02:58.694168+00:00,134335225786941687,5832,Env.exe,File_System,CreateFile,C:\Windows\SysWOW64\apphelp.dll,0x00000000,"{""Desired Access"": ""Read Data/List Directory, Execute/Traverse, Synchronize"", ""Disposition"": ""Open"", ""Options"": ""Synchronous IO Non-Alert, Non-Directory File"", ""Attributes"": ""n/a"", ""ShareMode"": ""Read, Delete"", ""AllocationSize"": ""n/a"", ""OpenResult"": ""Opened""}"
372886,2026-09-10T14:02:58.694596+00:00,134335225786945965,5832,Env.exe,File_System,CreateFileMapping,C:\Windows\SysWOW64\apphelp.dll,0x0000012a,"{""SyncType"": ""SyncTypeCreateSection"", ""PageProtection"": ""PAGE_EXECUTE""}"
372888,2026-09-10T14:02:58.694672+00:00,134335225786946727,5832,Env.exe,File_System,FASTIO_RELEASE_FOR_SECTION_SYNCHRONIZATION,C:\Windows\SysWOW64\apphelp.dll,0x00000000,{}
372889,2026-09-10T14:02:58.694760+00:00,134335225786947607,5832,Env.exe,File_System,CreateFileMapping,C:\Windows\SysWOW64\apphelp.dll,0x00000000,"{""SyncType"": ""SyncTypeOther""}"
372890,2026-09-10T14:02:58.694815+00:00,134335225786948152,5832,Env.exe,File_System,FASTIO_RELEASE_FOR_SECTION_SYNCHRONIZATION,C:\Windows\SysWOW64\apphelp.dll,0x00000000,{}
372920,2026-09-10T14:02:58.701467+00:00,134335225787014678,5832,Env.exe,Process,Load_Image,C:\Windows\SysWOW64\apphelp.dll,0x00000000,"{""Image Base"": 1956708352, ""Image Size"": 651264}"
372923,2026-09-10T14:02:58.702415+00:00,134335225787024154,5832,Env.exe,File_System,CloseFile,C:\Windows\SysWOW64\apphelp.dll,0x00000000,{}
372926,2026-09-10T14:02:58.702533+00:00,134335225787025337,5832,Env.exe,File_System,IRP_MJ_CLOSE,C:\Windows\SysWOW64\apphelp.dll,0x00000000,{}
372930,2026-09-10T14:02:58.702992+00:00,134335225787029927,5832,Env.exe,Registry,RegQueryValue,HKLM\System\CurrentControlSet\Control\WMI\Security\8ccca27d-f1d8-4dda-b5dd-339aee937731,0xc0000034,"{""Length"": 528}"
372932,2026-09-10T14:02:58.703239+00:00,134335225787032392,5832,Env.exe,File_System,QueryNameInformationFile,C:\Windows\SysWOW64\apphelp.dll,0x00000000,"{""Name"": ""\\Windows\\SysWOW64\\apphelp.dll""}"
372933,2026-09-10T14:02:58.703895+00:00,134335225787038959,5832,Env.exe,Registry,RegOpenKey,HKLM\Software\WOW6432Node\Microsoft\Windows NT\CurrentVersion\AppCompatFlags,0x00000000,"{""Desired Access"": ""Query Value""}"
372935,2026-09-10T14:02:58.704098+00:00,134335225787040984,5832,Env.exe,Registry,RegSetInfoKey,HKLM\SOFTWARE\WOW6432Node\Microsoft\Windows NT\CurrentVersion\AppCompatFlags,0x00000000,"{""KeySetInformationClass"": ""KeySetHandleTagsInformation"", ""Length"": 0}"
372936,2026-09-10T14:02:58.704208+00:00,134335225787042083,5832,Env.exe,Registry,RegQueryValue,HKLM\SOFTWARE\WOW6432Node\Microsoft\Windows NT\CurrentVersion\AppCompatFlags\LogFlags,0xc0000034,"{""Length"": 20}"
372937,2026-09-10T14:02:58.704346+00:00,134335225787043465,5832,Env.exe,Registry,RegCloseKey,HKLM\SOFTWARE\WOW6432Node\Microsoft\Windows NT\CurrentVersion\AppCompatFlags,0x00000000,{}
372943,2026-09-10T14:02:58.704936+00:00,134335225787049366,5832,Env.exe,Registry,RegQueryValue,HKLM\System\CurrentControlSet\Control\WMI\Security\18608e62-a628-49d9-8c02-55972e097d24,0xc0000034,"{""Length"": 528}"
372944,2026-09-10T14:02:58.705165+00:00,134335225787051650,5832,Env.exe,File_System,QueryNameInformationFile,C:\Windows\SysWOW64\apphelp.dll,0x00000000,"{""Name"": ""\\Windows\\SysWOW64\\apphelp.dll""}"
372947,2026-09-10T14:02:58.705969+00:00,134335225787059694,5832,Env.exe,Registry,RegOpenKey,HKLM\Software\WOW6432Node\Microsoft\Windows NT\CurrentVersion\AppCompatFlags,0x00000000,"{""Desired Access"": ""Query Value""}"
372948,2026-09-10T14:02:58.706164+00:00,134335225787061646,5832,Env.exe,Registry,RegSetInfoKey,HKLM\SOFTWARE\WOW6432Node\Microsoft\Windows NT\CurrentVersion\AppCompatFlags,0x00000000,"{""KeySetInformationClass"": ""KeySetHandleTagsInformation"", ""Length"": 0}"
372949,2026-09-10T14:02:58.706271+00:00,134335225787062715,5832,Env.exe,Registry,RegQueryValue,HKLM\SOFTWARE\WOW6432Node\Microsoft\Windows NT\CurrentVersion\AppCompatFlags\ShowDebugInfo,0xc0000034,"{""Length"": 20}"
372951,2026-09-10T14:02:58.706405+00:00,134335225787064054,5832,Env.exe,Registry,RegCloseKey,HKLM\SOFTWARE\WOW6432Node\Microsoft\Windows NT\CurrentVersion\AppCompatFlags,0x00000000,{}
372956,2026-09-10T14:02:58.707576+00:00,134335225787075763,5832,Env.exe,File_System,CreateFile,C:\Lab\sample\VIRUS\Env.exe,0x00000000,"{""Desired Access"": ""Read Control"", ""Disposition"": ""Open"", ""Options"": """", ""Attributes"": ""n/a"", ""ShareMode"": ""Read, Delete"", ""AllocationSize"": ""n/a"", ""OpenResult"": ""Opened""}"
372957,2026-09-10T14:02:58.707905+00:00,134335225787079059,5832,Env.exe,File_System,QuerySecurityFile,C:\Lab\sample\VIRUS\Env.exe,0x80000005,"{""Information"": ""Owner""}"
372958,2026-09-10T14:02:58.708002+00:00,134335225787080026,5832,Env.exe,File_System,QuerySecurityFile,C:\Lab\sample\VIRUS\Env.exe,0x00000000,"{""Information"": ""Owner""}"
372959,2026-09-10T14:02:58.708077+00:00,134335225787080778,5832,Env.exe,File_System,CloseFile,C:\Lab\sample\VIRUS\Env.exe,0x00000000,{}
372961,2026-09-10T14:02:58.708172+00:00,134335225787081724,5832,Env.exe,File_System,IRP_MJ_CLOSE,C:\Lab\sample\VIRUS\Env.exe,0x00000000,{}
372968,2026-09-10T14:02:58.709005+00:00,134335225787090056,5832,Env.exe,File_System,CreateFile,C:\Windows\SysWOW64\ntdll.dll,0x00000000,"{""Desired Access"": ""Read Control"", ""Disposition"": ""Open"", ""Options"": """", ""Attributes"": ""n/a"", ""ShareMode"": ""Read, Delete"", ""AllocationSize"": ""n/a"", ""OpenResult"": ""Opened""}"
372970,2026-09-10T14:02:58.709317+00:00,134335225787093178,5832,Env.exe,File_System,QuerySecurityFile,C:\Windows\SysWOW64\ntdll.dll,0x80000005,"{""Information"": ""Owner""}"
372971,2026-09-10T14:02:58.709615+00:00,134335225787096155,5832,Env.exe,File_System,QuerySecurityFile,C:\Windows\SysWOW64\ntdll.dll,0x00000000,"{""Information"": ""Owner""}"
372972,2026-09-10T14:02:58.709714+00:00,134335225787097146,5832,Env.exe,File_System,CloseFile,C:\Windows\SysWOW64\ntdll.dll,0x00000000,{}
372973,2026-09-10T14:02:58.709815+00:00,134335225787098152,5832,Env.exe,File_System,IRP_MJ_CLOSE,C:\Windows\SysWOW64\ntdll.dll,0x00000000,{}
372977,2026-09-10T14:02:58.710607+00:00,134335225787106077,5832,Env.exe,File_System,CreateFile,C:\Windows\SysWOW64\kernel32.dll,0x00000000,"{""Desired Access"": ""Read Control"", ""Disposition"": ""Open"", ""Options"": """", ""Attributes"": ""n/a"", ""ShareMode"": ""Read, Delete"", ""AllocationSize"": ""n/a"", ""OpenResult"": ""Opened""}"
372978,2026-09-10T14:02:58.710934+00:00,134335225787109344,5832,Env.exe,File_System,QuerySecurityFile,C:\Windows\SysWOW64\kernel32.dll,0x80000005,"{""Information"": ""Owner""}"
372979,2026-09-10T14:02:58.711016+00:00,134335225787110163,5832,Env.exe,File_System,QuerySecurityFile,C:\Windows\SysWOW64\kernel32.dll,0x00000000,"{""Information"": ""Owner""}"
372980,2026-09-10T14:02:58.711086+00:00,134335225787110864,5832,Env.exe,File_System,CloseFile,C:\Windows\SysWOW64\kernel32.dll,0x00000000,{}
372981,2026-09-10T14:02:58.711180+00:00,134335225787111804,5832,Env.exe,File_System,IRP_MJ_CLOSE,C:\Windows\SysWOW64\kernel32.dll,0x00000000,{}
372986,2026-09-10T14:02:58.711944+00:00,134335225787119449,5832,Env.exe,File_System,CreateFile,C:\Windows\SysWOW64\KernelBase.dll,0x00000000,"{""Desired Access"": ""Read Control"", ""Disposition"": ""Open"", ""Options"": """", ""Attributes"": ""n/a"", ""ShareMode"": ""Read, Delete"", ""AllocationSize"": ""n/a"", ""OpenResult"": ""Opened""}"
372988,2026-09-10T14:02:58.712157+00:00,134335225787121579,5832,Env.exe,File_System,QuerySecurityFile,C:\Windows\SysWOW64\KernelBase.dll,0x80000005,"{""Information"": ""Owner""}"
372989,2026-09-10T14:02:58.712235+00:00,134335225787122356,5832,Env.exe,File_System,QuerySecurityFile,C:\Windows\SysWOW64\KernelBase.dll,0x00000000,"{""Information"": ""Owner""}"
372990,2026-09-10T14:02:58.712332+00:00,134335225787123322,5832,Env.exe,File_System,CloseFile,C:\Windows\SysWOW64\KernelBase.dll,0x00000000,{}
372991,2026-09-10T14:02:58.712612+00:00,134335225787126124,5832,Env.exe,File_System,IRP_MJ_CLOSE,C:\Windows\SysWOW64\KernelBase.dll,0x00000000,{}
372992,2026-09-10T14:02:58.713528+00:00,134335225787135282,5832,Env.exe,File_System,CreateFile,C:\Windows\apppatch\sysmain.sdb,0x00000000,"{""Desired Access"": ""Generic Read"", ""Disposition"": ""Open"", ""Options"": ""Synchronous IO Non-Alert, Non-Directory File"", ""Attributes"": ""N"", ""ShareMode"": ""Read, Delete"", ""AllocationSize"": ""n/a"", ""OpenResult"": ""Opened""}"
372993,2026-09-10T14:02:58.713934+00:00,134335225787139345,5832,Env.exe,File_System,QueryStandardInformationFile,C:\Windows\apppatch\sysmain.sdb,0x00000000,"{""AllocationSize"": 4063232, ""EndOfFile"": 4060054, ""NumberOfLinks"": 2, ""DeletePending"": false, ""Directory"": false}"
372994,2026-09-10T14:02:58.714007+00:00,134335225787140076,5832,Env.exe,File_System,QueryStandardInformationFile,C:\Windows\apppatch\sysmain.sdb,0x00000000,"{""AllocationSize"": 4063232, ""EndOfFile"": 4060054, ""NumberOfLinks"": 2, ""DeletePending"": false, ""Directory"": false}"
372995,2026-09-10T14:02:58.714080+00:00,134335225787140804,5832,Env.exe,File_System,CreateFileMapping,C:\Windows\apppatch\sysmain.sdb,0x0000012a,"{""SyncType"": ""SyncTypeCreateSection"", ""PageProtection"": ""PAGE_READONLY""}"
372996,2026-09-10T14:02:58.714150+00:00,134335225787141501,5832,Env.exe,File_System,QueryStandardInformationFile,C:\Windows\apppatch\sysmain.sdb,0x00000000,"{""AllocationSize"": 4063232, ""EndOfFile"": 4060054, ""NumberOfLinks"": 2, ""DeletePending"": false, ""Directory"": false}"
372997,2026-09-10T14:02:58.714202+00:00,134335225787142024,5832,Env.exe,File_System,FASTIO_RELEASE_FOR_SECTION_SYNCHRONIZATION,C:\Windows\apppatch\sysmain.sdb,0x00000000,{}
372998,2026-09-10T14:02:58.714262+00:00,134335225787142629,5832,Env.exe,File_System,CreateFileMapping,C:\Windows\apppatch\sysmain.sdb,0x00000000,"{""SyncType"": ""SyncTypeOther""}"
372999,2026-09-10T14:02:58.714313+00:00,134335225787143133,5832,Env.exe,File_System,FASTIO_RELEASE_FOR_SECTION_SYNCHRONIZATION,C:\Windows\apppatch\sysmain.sdb,0x00000000,{}
373000,2026-09-10T14:02:58.715875+00:00,134335225787158754,5832,Env.exe,File_System,CreateFile,C:\Lab\sample\VIRUS\Env.exe,0x00000000,"{""Desired Access"": ""Generic Read"", ""Disposition"": ""Open"", ""Options"": ""Synchronous IO Non-Alert, Non-Directory File"", ""Attributes"": ""N"", ""ShareMode"": ""Read"", ""AllocationSize"": ""n/a"", ""OpenResult"": ""Opened""}"
373002,2026-09-10T14:02:58.716401+00:00,134335225787164013,5832,Env.exe,Registry,RegOpenKey,HKCU\Software\Microsoft\Windows\CurrentVersion\Explorer\Shell Folders,0x00000000,"{""Desired Access"": ""Query Value""}"
373003,2026-09-10T14:02:58.716571+00:00,134335225787165716,5832,Env.exe,Registry,RegSetInfoKey,HKCU\SOFTWARE\Microsoft\Windows\CurrentVersion\Explorer\Shell Folders,0x00000000,"{""KeySetInformationClass"": ""KeySetHandleTagsInformation"", ""Length"": 0}"
373004,2026-09-10T14:02:58.716674+00:00,134335225787166744,5832,Env.exe,Registry,RegQueryValue,HKCU\SOFTWARE\Microsoft\Windows\CurrentVersion\Explorer\Shell Folders\Cache,0x00000000,"{""Name"": ""Cache"", ""Type"": ""REG_SZ"", ""Length"": 120, ""Data"": ""C:\\Users\\Analyste\\AppData\\Local\\Microsoft\\Windows\\INetCache""}"
373006,2026-09-10T14:02:58.716859+00:00,134335225787168596,5832,Env.exe,Registry,RegCloseKey,HKCU\SOFTWARE\Microsoft\Windows\CurrentVersion\Explorer\Shell Folders,0x00000000,{}
373008,2026-09-10T14:02:58.717047+00:00,134335225787170474,5832,Env.exe,File_System,QuerySecurityFile,C:\Lab\sample\VIRUS\Env.exe,0x00000000,"{""Information"": ""Owner, Group, DACL, SACL, Label, Attribute, Process Trust Label, Access Filter""}"
373011,2026-09-10T14:02:58.717897+00:00,134335225787178979,5832,Env.exe,File_System,CreateFile,C:\Windows\apppatch\sysmain.sdb,0x00000000,"{""Desired Access"": ""Generic Read"", ""Disposition"": ""Open"", ""Options"": ""Synchronous IO Non-Alert, Non-Directory File"", ""Attributes"": ""N"", ""ShareMode"": ""Read"", ""AllocationSize"": ""n/a"", ""OpenResult"": ""Opened""}"
373013,2026-09-10T14:02:58.718482+00:00,134335225787184827,5832,Env.exe,File_System,QueryBasicInformationFile,C:\Windows\apppatch\sysmain.sdb,0x00000000,"{""CreationTime"": 132780004305390118, ""LastAccessTime"": 134335225786458680, ""LastWriteTime"": 132780004305858752, ""ChangeTime"": 134335051224346118, ""FileAttributes"": ""A""}"
373016,2026-09-10T14:02:58.718754+00:00,134335225787187542,5832,Env.exe,File_System,CloseFile,C:\Windows\apppatch\sysmain.sdb,0x00000000,{}
373019,2026-09-10T14:02:58.719015+00:00,134335225787190151,5832,Env.exe,File_System,IRP_MJ_CLOSE,C:\Windows\apppatch\sysmain.sdb,0x00000000,{}
373021,2026-09-10T14:02:58.719192+00:00,134335225787191926,5832,Env.exe,File_System,QueryBasicInformationFile,C:\Lab\sample\VIRUS\Env.exe,0x00000000,"{""CreationTime"": 134335221249467777, ""LastAccessTime"": 134335225786935428, ""LastWriteTime"": 133048999140000000, ""ChangeTime"": 134335221256516738, ""FileAttributes"": ""A""}"
373023,2026-09-10T14:02:58.719484+00:00,134335225787194849,5832,Env.exe,File_System,CloseFile,C:\Lab\sample\VIRUS\Env.exe,0x00000000,{}
373024,2026-09-10T14:02:58.719602+00:00,134335225787196029,5832,Env.exe,File_System,IRP_MJ_CLOSE,C:\Lab\sample\VIRUS\Env.exe,0x00000000,{}
373026,2026-09-10T14:02:58.720833+00:00,134335225787208332,5832,Env.exe,File_System,CreateFile,C:\Lab\sample\VIRUS\Env.exe,0x00000000,"{""Desired Access"": ""Generic Read"", ""Disposition"": ""Open"", ""Options"": ""Synchronous IO Non-Alert, Non-Directory File"", ""Attributes"": ""N"", ""ShareMode"": ""Read"", ""AllocationSize"": ""n/a"", ""OpenResult"": ""Opened""}"
373028,2026-09-10T14:02:58.721496+00:00,134335225787214961,5832,Env.exe,Registry,RegOpenKey,HKCU\Software\Microsoft\Windows\CurrentVersion\Explorer\Shell Folders,0x00000000,"{""Desired Access"": ""Query Value""}"
373029,2026-09-10T14:02:58.721725+00:00,134335225787217257,5832,Env.exe,Registry,RegSetInfoKey,HKCU\SOFTWARE\Microsoft\Windows\CurrentVersion\Explorer\Shell Folders,0x00000000,"{""KeySetInformationClass"": ""KeySetHandleTagsInformation"", ""Length"": 0}"
373030,2026-09-10T14:02:58.721883+00:00,134335225787218838,5832,Env.exe,Registry,RegQueryValue,HKCU\SOFTWARE\Microsoft\Windows\CurrentVersion\Explorer\Shell Folders\Cache,0x00000000,"{""Name"": ""Cache"", ""Type"": ""REG_SZ"", ""Length"": 120, ""Data"": ""C:\\Users\\Analyste\\AppData\\Local\\Microsoft\\Windows\\INetCache""}"
373032,2026-09-10T14:02:58.722098+00:00,134335225787220985,5832,Env.exe,Registry,RegCloseKey,HKCU\SOFTWARE\Microsoft\Windows\CurrentVersion\Explorer\Shell Folders,0x00000000,{}
373035,2026-09-10T14:02:58.722308+00:00,134335225787223084,5832,Env.exe,File_System,QuerySecurityFile,C:\Lab\sample\VIRUS\Env.exe,0x00000000,"{""Information"": ""Owner, Group, DACL, SACL, Label, Attribute, Process Trust Label, Access Filter""}"
373036,2026-09-10T14:02:58.722510+00:00,134335225787225105,5832,Env.exe,File_System,QueryBasicInformationFile,C:\Lab\sample\VIRUS\Env.exe,0x00000000,"{""CreationTime"": 134335221249467777, ""LastAccessTime"": 134335225786935428, ""LastWriteTime"": 133048999140000000, ""ChangeTime"": 134335221256516738, ""FileAttributes"": ""A""}"
373037,2026-09-10T14:02:58.722777+00:00,134335225787227772,5832,Env.exe,File_System,CloseFile,C:\Lab\sample\VIRUS\Env.exe,0x00000000,{}
373038,2026-09-10T14:02:58.722940+00:00,134335225787229402,5832,Env.exe,File_System,IRP_MJ_CLOSE,C:\Lab\sample\VIRUS\Env.exe,0x00000000,{}
373046,2026-09-10T14:02:58.725040+00:00,134335225787250408,5832,Env.exe,Registry,RegOpenKey,HKLM\SYSTEM\CurrentControlSet\Control\Session Manager,0x00000104,"{""Desired Access"": ""Query Value, Enumerate Sub Keys""}"
373047,2026-09-10T14:02:58.725232+00:00,134335225787252326,5832,Env.exe,Registry,RegOpenKey,HKLM\System\CurrentControlSet\Control\Session Manager,0x00000000,"{""Desired Access"": ""Query Value, Enumerate Sub Keys""}"
373048,2026-09-10T14:02:58.725419+00:00,134335225787254195,5832,Env.exe,Registry,RegSetInfoKey,HKLM\System\CurrentControlSet\Control\Session Manager,0x00000000,"{""KeySetInformationClass"": ""KeySetHandleTagsInformation"", ""Length"": 0}"
373049,2026-09-10T14:02:58.725535+00:00,134335225787255352,5832,Env.exe,Registry,RegQueryValue,HKLM\System\CurrentControlSet\Control\Session Manager\ResourcePolicies,0xc0000034,"{""Length"": 24}"
373050,2026-09-10T14:02:58.725716+00:00,134335225787257164,5832,Env.exe,Registry,RegCloseKey,HKLM\System\CurrentControlSet\Control\Session Manager,0x00000000,{}
373052,2026-09-10T14:02:58.726352+00:00,134335225787263526,5832,Env.exe,File_System,CloseFile,C:\Windows\apppatch\sysmain.sdb,0x00000000,{}
373053,2026-09-10T14:02:58.726502+00:00,134335225787265027,5832,Env.exe,File_System,IRP_MJ_CLOSE,C:\Windows\apppatch\sysmain.sdb,0x00000000,{}
373059,2026-09-10T14:02:58.728318+00:00,134335225787283188,5832,Env.exe,File_System,CreateFile,C:\Lab\sample\VIRUS\Env.exe,0x00000000,"{""Desired Access"": ""Generic Read"", ""Disposition"": ""Open"", ""Options"": ""Synchronous IO Non-Alert, Non-Directory File"", ""Attributes"": ""N"", ""ShareMode"": ""Read"", ""AllocationSize"": ""n/a"", ""OpenResult"": ""Opened""}"
373062,2026-09-10T14:02:58.731590+00:00,134335225787315907,5832,Env.exe,Registry,RegOpenKey,HKCU\Software\Microsoft\Windows\CurrentVersion\Explorer\Shell Folders,0x00000000,"{""Desired Access"": ""Query Value""}"
373063,2026-09-10T14:02:58.732479+00:00,134335225787324798,5832,Env.exe,Registry,RegSetInfoKey,HKCU\SOFTWARE\Microsoft\Windows\CurrentVersion\Explorer\Shell Folders,0x00000000,"{""KeySetInformationClass"": ""KeySetHandleTagsInformation"", ""Length"": 0}"
373064,2026-09-10T14:02:58.732650+00:00,134335225787326507,5832,Env.exe,Registry,RegQueryValue,HKCU\SOFTWARE\Microsoft\Windows\CurrentVersion\Explorer\Shell Folders\Cache,0x00000000,"{""Name"": ""Cache"", ""Type"": ""REG_SZ"", ""Length"": 120, ""Data"": ""C:\\Users\\Analyste\\AppData\\Local\\Microsoft\\Windows\\INetCache""}"
373065,2026-09-10T14:02:58.732863+00:00,134335225787328637,5832,Env.exe,Registry,RegCloseKey,HKCU\SOFTWARE\Microsoft\Windows\CurrentVersion\Explorer\Shell Folders,0x00000000,{}
373066,2026-09-10T14:02:58.733115+00:00,134335225787331154,5832,Env.exe,File_System,QuerySecurityFile,C:\Lab\sample\VIRUS\Env.exe,0x00000000,"{""Information"": ""Owner, Group, DACL, SACL, Label, Attribute, Process Trust Label, Access Filter""}"
373067,2026-09-10T14:02:58.734282+00:00,134335225787342829,5832,Env.exe,File_System,CreateFile,C:\Windows\apppatch\sysmain.sdb,0x00000000,"{""Desired Access"": ""Generic Read"", ""Disposition"": ""Open"", ""Options"": ""Synchronous IO Non-Alert, Non-Directory File"", ""Attributes"": ""N"", ""ShareMode"": ""Read"", ""AllocationSize"": ""n/a"", ""OpenResult"": ""Opened""}"
373068,2026-09-10T14:02:58.734737+00:00,134335225787347370,5832,Env.exe,File_System,QueryBasicInformationFile,C:\Windows\apppatch\sysmain.sdb,0x00000000,"{""CreationTime"": 132780004305390118, ""LastAccessTime"": 134335225787242992, ""LastWriteTime"": 132780004305858752, ""ChangeTime"": 134335051224346118, ""FileAttributes"": ""A""}"
373069,2026-09-10T14:02:58.734851+00:00,134335225787348510,5832,Env.exe,File_System,CloseFile,C:\Windows\apppatch\sysmain.sdb,0x00000000,{}
373070,2026-09-10T14:02:58.735028+00:00,134335225787350288,5832,Env.exe,File_System,IRP_MJ_CLOSE,C:\Windows\apppatch\sysmain.sdb,0x00000000,{}
373071,2026-09-10T14:02:58.735157+00:00,134335225787351577,5832,Env.exe,File_System,QueryBasicInformationFile,C:\Lab\sample\VIRUS\Env.exe,0x00000000,"{""CreationTime"": 134335221249467777, ""LastAccessTime"": 134335225786935428, ""LastWriteTime"": 133048999140000000, ""ChangeTime"": 134335221256516738, ""FileAttributes"": ""A""}"
373072,2026-09-10T14:02:58.735405+00:00,134335225787354052,5832,Env.exe,File_System,CloseFile,C:\Lab\sample\VIRUS\Env.exe,0x00000000,{}
373073,2026-09-10T14:02:58.735509+00:00,134335225787355097,5832,Env.exe,File_System,IRP_MJ_CLOSE,C:\Lab\sample\VIRUS\Env.exe,0x00000000,{}
373074,2026-09-10T14:02:58.735788+00:00,134335225787357880,5832,Env.exe,Registry,RegOpenKey,HKLM\Software\Microsoft\Windows NT\CurrentVersion\AppCompatFlags\Disable8And16BitMitigation,0xc0000034,"{""Desired Access"": ""Read""}"
373075,2026-09-10T14:02:58.736652+00:00,134335225787366529,5832,Env.exe,Registry,RegOpenKey,HKLM\SYSTEM\CurrentControlSet\Control\Nls\CustomLocale,0x00000104,"{""Desired Access"": ""Query Value""}"
373076,2026-09-10T14:02:58.736814+00:00,134335225787368144,5832,Env.exe,Registry,RegOpenKey,HKLM\System\CurrentControlSet\Control\Nls\CustomLocale,0x00000000,"{""Desired Access"": ""Query Value""}"
373077,2026-09-10T14:02:58.736972+00:00,134335225787369724,5832,Env.exe,Registry,RegSetInfoKey,HKLM\System\CurrentControlSet\Control\Nls\CustomLocale,0x00000000,"{""KeySetInformationClass"": ""KeySetHandleTagsInformation"", ""Length"": 0}"
373078,2026-09-10T14:02:58.737066+00:00,134335225787370668,5832,Env.exe,Registry,RegQueryValue,HKLM\System\CurrentControlSet\Control\Nls\CustomLocale\EMPTY,0xc0000034,"{""Length"": 120}"
373079,2026-09-10T14:02:58.737253+00:00,134335225787372535,5832,Env.exe,Registry,RegQueryValue,HKLM\System\CurrentControlSet\Control\Nls\CustomLocale\EMPTY,0xc0000034,"{""Length"": 120}"
373080,2026-09-10T14:02:58.737792+00:00,134335225787377928,5832,Env.exe,Registry,RegOpenKey,HKLM\System\CurrentControlSet\Control\NLS\Language,0x00000104,"{""Desired Access"": ""Read""}"
373081,2026-09-10T14:02:58.737911+00:00,134335225787379111,5832,Env.exe,Registry,RegOpenKey,HKLM\System\CurrentControlSet\Control\NLS\Language,0x00000000,"{""Desired Access"": ""Read""}"
373082,2026-09-10T14:02:58.738101+00:00,134335225787381015,5832,Env.exe,Registry,RegSetInfoKey,HKLM\System\CurrentControlSet\Control\Nls\Language,0x00000000,"{""KeySetInformationClass"": ""KeySetHandleTagsInformation"", ""Length"": 0}"
373083,2026-09-10T14:02:58.738227+00:00,134335225787382276,5832,Env.exe,Registry,RegQueryValue,HKLM\System\CurrentControlSet\Control\Nls\Language\InstallLanguageFallback,0x80000005,"{""Length"": 16}"
373084,2026-09-10T14:02:58.738388+00:00,134335225787383881,5832,Env.exe,Registry,RegCloseKey,HKLM\System\CurrentControlSet\Control\Nls\Language,0x00000000,{}
373085,2026-09-10T14:02:58.738573+00:00,134335225787385735,5832,Env.exe,Registry,RegOpenKey,HKLM\OSDATA\System\CurrentControlSet\Control\MUI\UILanguages,0xc0000034,"{""Desired Access"": ""Read""}"
373086,2026-09-10T14:02:58.738789+00:00,134335225787387897,5832,Env.exe,Registry,RegOpenKey,HKLM\System\CurrentControlSet\Control\MUI\UILanguages,0x00000104,"{""Desired Access"": ""Read""}"
373087,2026-09-10T14:02:58.739007+00:00,134335225787390071,5832,Env.exe,Registry,RegOpenKey,HKLM\System\CurrentControlSet\Control\MUI\UILanguages,0x00000000,"{""Desired Access"": ""Read""}"
373119,2026-09-10T14:02:58.750115+00:00,134335225787501156,5832,Env.exe,Registry,RegSetInfoKey,HKLM\System\CurrentControlSet\Control\MUI\UILanguages,0x00000000,"{""KeySetInformationClass"": ""KeySetHandleTagsInformation"", ""Length"": 0}"
373120,2026-09-10T14:02:58.750231+00:00,134335225787502311,5832,Env.exe,Registry,RegEnumKey,HKLM\System\CurrentControlSet\Control\MUI\UILanguages,0x00000000,"{""Index"": 0, ""LastWriteTime"": 132202038211386041, ""TitleIndex"": 0, ""Name"": ""fr-FR""}"
373121,2026-09-10T14:02:58.750474+00:00,134335225787504743,5832,Env.exe,Registry,RegQueryKey,HKLM\System\CurrentControlSet\Control\MUI\UILanguages,0x00000000,"{""Query"": ""HandleTags"", ""HandleTags"": 1024}"
373123,2026-09-10T14:02:58.750587+00:00,134335225787505871,5832,Env.exe,Registry,RegOpenKey,HKLM\System\CurrentControlSet\Control\MUI\UILanguages\fr-FR,0x00000000,"{""Desired Access"": ""Read""}"
373125,2026-09-10T14:02:58.750762+00:00,134335225787507628,5832,Env.exe,Registry,RegQueryValue,HKLM\System\CurrentControlSet\Control\MUI\UILanguages\fr-FR\Type,0x00000000,"{""Type"": ""REG_DWORD"", ""Length"": 4, ""Data"": 146}"
373126,2026-09-10T14:02:58.751016+00:00,134335225787510169,5832,Env.exe,Registry,RegQueryValue,HKLM\System\CurrentControlSet\Control\MUI\UILanguages\fr-FR\DefaultFallback,0x00000000,"{""Type"": ""REG_SZ"", ""Length"": 12, ""Data"": ""en-US""}"
373127,2026-09-10T14:02:58.751143+00:00,134335225787511432,5832,Env.exe,Registry,RegQueryValue,HKLM\System\CurrentControlSet\Control\MUI\UILanguages\fr-FR\en-US,0x00000000,"{""Name"": ""en-US"", ""Type"": ""REG_MULTI_SZ"", ""Length"": 4, ""Data"": [""""]}"
373128,2026-09-10T14:02:58.751296+00:00,134335225787512967,5832,Env.exe,Registry,RegEnumValue,HKLM\System\CurrentControlSet\Control\MUI\UILanguages\fr-FR,0x00000000,"{""Index"": 0, ""Name"": ""DefaultFallback"", ""Type"": ""REG_SZ"", ""Length"": 12, ""Data"": ""en-US""}"
373129,2026-09-10T14:02:58.751442+00:00,134335225787514422,5832,Env.exe,Registry,RegEnumValue,HKLM\System\CurrentControlSet\Control\MUI\UILanguages\fr-FR,0x00000000,"{""Index"": 1, ""Name"": ""en-US"", ""Type"": ""REG_MULTI_SZ"", ""Length"": 4, ""Data"": [""""]}"
373130,2026-09-10T14:02:58.751565+00:00,134335225787515653,5832,Env.exe,Registry,RegEnumValue,HKLM\System\CurrentControlSet\Control\MUI\UILanguages\fr-FR,0x00000000,"{""Index"": 2, ""Name"": ""LCID"", ""Type"": ""REG_DWORD"", ""Length"": 4, ""Data"": 1036}"
373131,2026-09-10T14:02:58.751689+00:00,134335225787516894,5832,Env.exe,Registry,RegEnumValue,HKLM\System\CurrentControlSet\Control\MUI\UILanguages\fr-FR,0x00000000,"{""Index"": 3, ""Name"": ""Type"", ""Type"": ""REG_DWORD"", ""Length"": 4, ""Data"": 146}"
373133,2026-09-10T14:02:58.751818+00:00,134335225787518182,5832,Env.exe,Registry,RegEnumValue,HKLM\System\CurrentControlSet\Control\MUI\UILanguages\fr-FR,0x8000001a,"{""Index"": 4, ""Length"": 512}"
373134,2026-09-10T14:02:58.751940+00:00,134335225787519400,5832,Env.exe,Registry,RegQueryValue,HKLM\System\CurrentControlSet\Control\MUI\UILanguages\fr-FR\AlternateCodePage,0xc0000034,"{""Length"": 12}"
373135,2026-09-10T14:02:58.752069+00:00,134335225787520694,5832,Env.exe,Registry,RegCloseKey,HKLM\System\CurrentControlSet\Control\MUI\UILanguages\fr-FR,0x00000000,{}
373137,2026-09-10T14:02:58.752172+00:00,134335225787521727,5832,Env.exe,Registry,RegEnumKey,HKLM\System\CurrentControlSet\Control\MUI\UILanguages,0x8000001a,"{""Index"": 1, ""Length"": 512}"
373139,2026-09-10T14:02:58.752329+00:00,134335225787523294,5832,Env.exe,Registry,RegCloseKey,HKLM\System\CurrentControlSet\Control\MUI\UILanguages,0x00000000,{}
373142,2026-09-10T14:02:58.752502+00:00,134335225787525024,5832,Env.exe,Registry,RegOpenKey,HKLM\System\CurrentControlSet\Control\MUI\UILanguages\PendingDelete,0x00000104,"{""Desired Access"": ""Read""}"
373144,2026-09-10T14:02:58.752628+00:00,134335225787526281,5832,Env.exe,Registry,RegOpenKey,HKLM\System\CurrentControlSet\Control\MUI\UILanguages\PendingDelete,0xc0000034,"{""Desired Access"": ""Read""}"
373147,2026-09-10T14:02:58.752895+00:00,134335225787528957,5832,Env.exe,Registry,RegOpenKey,HKLM\Software\WOW6432Node\Policies\Microsoft\MUI\Settings,0x00000104,"{""Desired Access"": ""Read""}"
373148,2026-09-10T14:02:58.753252+00:00,134335225787532529,5832,Env.exe,Registry,RegOpenKey,HKLM\SOFTWARE\Policies\Microsoft\MUI\Settings,0xc0000034,"{""Desired Access"": ""Read""}"
373149,2026-09-10T14:02:58.753628+00:00,134335225787536280,5832,Env.exe,Registry,RegOpenKey,HKCU,0x00000000,"{""Desired Access"": ""Maximum Allowed"", ""Granted Access"": ""All Access""}"
373151,2026-09-10T14:02:58.753920+00:00,134335225787539206,5832,Env.exe,Registry,RegQueryKey,HKCU,0x00000000,"{""Query"": ""HandleTags"", ""HandleTags"": 0}"
373152,2026-09-10T14:02:58.754026+00:00,134335225787540264,5832,Env.exe,Registry,RegQueryKey,HKCU,0x00000000,"{""Query"": ""Name"", ""Name"": ""\\REGISTRY\\USER\\S-1-5-21-2765232598-2703495502-1861550627-1001""}"
373154,2026-09-10T14:02:58.754285+00:00,134335225787542851,5832,Env.exe,Registry,RegOpenKey,HKCU\Control Panel\Desktop\MuiCached\MachineLanguageConfiguration,0xc0000034,"{""Desired Access"": ""Read""}"
373156,2026-09-10T14:02:58.754466+00:00,134335225787544668,5832,Env.exe,Registry,RegOpenKey,HKLM\System\CurrentControlSet\Control\MUI\Settings\LanguageConfiguration,0x00000104,"{""Desired Access"": ""Read""}"
373158,2026-09-10T14:02:58.754594+00:00,134335225787545946,5832,Env.exe,Registry,RegOpenKey,HKLM\System\CurrentControlSet\Control\MUI\Settings\LanguageConfiguration,0x00000000,"{""Desired Access"": ""Read""}"
373159,2026-09-10T14:02:58.754757+00:00,134335225787547573,5832,Env.exe,Registry,RegSetInfoKey,HKLM\System\CurrentControlSet\Control\MUI\Settings\LanguageConfiguration,0x00000000,"{""KeySetInformationClass"": ""KeySetHandleTagsInformation"", ""Length"": 0}"
373160,2026-09-10T14:02:58.754864+00:00,134335225787548640,5832,Env.exe,Registry,RegEnumValue,HKLM\System\CurrentControlSet\Control\MUI\Settings\LanguageConfiguration,0x8000001a,"{""Index"": 0, ""Length"": 512}"
373162,2026-09-10T14:02:58.755026+00:00,134335225787550264,5832,Env.exe,Registry,RegCloseKey,HKLM\System\CurrentControlSet\Control\MUI\Settings\LanguageConfiguration,0x00000000,{}
373164,2026-09-10T14:02:58.755243+00:00,134335225787552439,5832,Env.exe,Registry,RegCloseKey,HKCU,0x00000000,{}
373167,2026-09-10T14:02:58.755428+00:00,134335225787554281,5832,Env.exe,Registry,RegOpenKey,HKLM\Software\WOW6432Node\Policies\Microsoft\MUI\Settings,0x00000104,"{""Desired Access"": ""Read""}"
373168,2026-09-10T14:02:58.755664+00:00,134335225787556645,5832,Env.exe,Registry,RegOpenKey,HKLM\SOFTWARE\Policies\Microsoft\MUI\Settings,0xc0000034,"{""Desired Access"": ""Read""}"
373170,2026-09-10T14:02:58.755988+00:00,134335225787559886,5832,Env.exe,Registry,RegOpenKey,HKCU,0x00000000,"{""Desired Access"": ""Maximum Allowed"", ""Granted Access"": ""All Access""}"
373172,2026-09-10T14:02:58.756212+00:00,134335225787562127,5832,Env.exe,Registry,RegQueryKey,HKCU,0x00000000,"{""Query"": ""HandleTags"", ""HandleTags"": 0}"
373174,2026-09-10T14:02:58.756304+00:00,134335225787563041,5832,Env.exe,Registry,RegQueryKey,HKCU,0x00000000,"{""Query"": ""Name"", ""Name"": ""\\REGISTRY\\USER\\S-1-5-21-2765232598-2703495502-1861550627-1001""}"
373175,2026-09-10T14:02:58.756482+00:00,134335225787564822,5832,Env.exe,Registry,RegOpenKey,HKCU\Software\Policies\Microsoft\Control Panel\Desktop,0xc0000034,"{""Desired Access"": ""Read""}"
373176,2026-09-10T14:02:58.756672+00:00,134335225787566721,5832,Env.exe,Registry,RegQueryKey,HKCU,0x00000000,"{""Query"": ""HandleTags"", ""HandleTags"": 0}"
373177,2026-09-10T14:02:58.756763+00:00,134335225787567639,5832,Env.exe,Registry,RegQueryKey,HKCU,0x00000000,"{""Query"": ""Name"", ""Name"": ""\\REGISTRY\\USER\\S-1-5-21-2765232598-2703495502-1861550627-1001""}"
373178,2026-09-10T14:02:58.756918+00:00,134335225787569184,5832,Env.exe,Registry,RegOpenKey,HKCU\Control Panel\Desktop\LanguageConfiguration,0xc0000034,"{""Desired Access"": ""Read""}"
373179,2026-09-10T14:02:58.757070+00:00,134335225787570706,5832,Env.exe,Registry,RegCloseKey,HKCU,0x00000000,{}
373182,2026-09-10T14:02:58.757225+00:00,134335225787572254,5832,Env.exe,Registry,RegOpenKey,HKLM\Software\WOW6432Node\Policies\Microsoft\MUI\Settings,0x00000104,"{""Desired Access"": ""Read""}"
373184,2026-09-10T14:02:58.757461+00:00,134335225787574618,5832,Env.exe,Registry,RegOpenKey,HKLM\SOFTWARE\Policies\Microsoft\MUI\Settings,0xc0000034,"{""Desired Access"": ""Read""}"
373187,2026-09-10T14:02:58.757747+00:00,134335225787577472,5832,Env.exe,Registry,RegOpenKey,HKCU,0x00000000,"{""Desired Access"": ""Maximum Allowed"", ""Granted Access"": ""All Access""}"
373188,2026-09-10T14:02:58.758156+00:00,134335225787581564,5832,Env.exe,Registry,RegQueryKey,HKCU,0x00000000,"{""Query"": ""HandleTags"", ""HandleTags"": 0}"
373189,2026-09-10T14:02:58.758249+00:00,134335225787582494,5832,Env.exe,Registry,RegQueryKey,HKCU,0x00000000,"{""Query"": ""Name"", ""Name"": ""\\REGISTRY\\USER\\S-1-5-21-2765232598-2703495502-1861550627-1001""}"
373216,2026-09-10T14:02:58.768906+00:00,134335225787689065,5832,Env.exe,Registry,RegOpenKey,HKCU\Software\Policies\Microsoft\Control Panel\Desktop,0xc0000034,"{""Desired Access"": ""Read""}"
373217,2026-09-10T14:02:58.769213+00:00,134335225787692131,5832,Env.exe,Registry,RegQueryKey,HKCU,0x00000000,"{""Query"": ""HandleTags"", ""HandleTags"": 0}"
373218,2026-09-10T14:02:58.769307+00:00,134335225787693077,5832,Env.exe,Registry,RegQueryKey,HKCU,0x00000000,"{""Query"": ""Name"", ""Name"": ""\\REGISTRY\\USER\\S-1-5-21-2765232598-2703495502-1861550627-1001""}"
373219,2026-09-10T14:02:58.769461+00:00,134335225787694612,5832,Env.exe,Registry,RegOpenKey,HKCU\Control Panel\Desktop,0x00000000,"{""Desired Access"": ""Read""}"
373220,2026-09-10T14:02:58.769622+00:00,134335225787696229,5832,Env.exe,Registry,RegSetInfoKey,HKCU\Control Panel\Desktop,0x00000000,"{""KeySetInformationClass"": ""KeySetHandleTagsInformation"", ""Length"": 0}"
373221,2026-09-10T14:02:58.769770+00:00,134335225787697704,5832,Env.exe,Registry,RegQueryValue,HKCU\Control Panel\Desktop\PreferredUILanguages,0xc0000034,"{""Length"": 12}"
373222,2026-09-10T14:02:58.769957+00:00,134335225787699579,5832,Env.exe,Registry,RegCloseKey,HKCU\Control Panel\Desktop,0x00000000,{}
373223,2026-09-10T14:02:58.770052+00:00,134335225787700526,5832,Env.exe,Registry,RegCloseKey,HKCU,0x00000000,{}
373224,2026-09-10T14:02:58.770233+00:00,134335225787702337,5832,Env.exe,Registry,RegOpenKey,HKLM\Software\WOW6432Node\Policies\Microsoft\MUI\Settings,0x00000104,"{""Desired Access"": ""Read""}"
373225,2026-09-10T14:02:58.770507+00:00,134335225787705078,5832,Env.exe,Registry,RegOpenKey,HKLM\SOFTWARE\Policies\Microsoft\MUI\Settings,0xc0000034,"{""Desired Access"": ""Read""}"
373226,2026-09-10T14:02:58.770790+00:00,134335225787707905,5832,Env.exe,Registry,RegOpenKey,HKCU,0x00000000,"{""Desired Access"": ""Maximum Allowed"", ""Granted Access"": ""All Access""}"
373227,2026-09-10T14:02:58.770993+00:00,134335225787709930,5832,Env.exe,Registry,RegQueryKey,HKCU,0x00000000,"{""Query"": ""HandleTags"", ""HandleTags"": 0}"
373228,2026-09-10T14:02:58.771077+00:00,134335225787710779,5832,Env.exe,Registry,RegQueryKey,HKCU,0x00000000,"{""Query"": ""Name"", ""Name"": ""\\REGISTRY\\USER\\S-1-5-21-2765232598-2703495502-1861550627-1001""}"
373229,2026-09-10T14:02:58.771241+00:00,134335225787712416,5832,Env.exe,Registry,RegOpenKey,HKCU\Control Panel\Desktop\MuiCached,0x00000000,"{""Desired Access"": ""Read""}"
373230,2026-09-10T14:02:58.771367+00:00,134335225787713676,5832,Env.exe,Registry,RegSetInfoKey,HKCU\Control Panel\Desktop\MuiCached,0x00000000,"{""KeySetInformationClass"": ""KeySetHandleTagsInformation"", ""Length"": 0}"
373231,2026-09-10T14:02:58.771468+00:00,134335225787714684,5832,Env.exe,Registry,RegQueryValue,HKCU\Control Panel\Desktop\MuiCached\MachinePreferredUILanguages,0x80000005,"{""Length"": 12}"
373232,2026-09-10T14:02:58.771620+00:00,134335225787716206,5832,Env.exe,Registry,RegQueryValue,HKCU\Control Panel\Desktop\MuiCached\MachinePreferredUILanguages,0x00000000,"{""Type"": ""REG_MULTI_SZ"", ""Length"": 12, ""Data"": [""fr-FR""]}"
373233,2026-09-10T14:02:58.771852+00:00,134335225787718524,5832,Env.exe,Registry,RegCloseKey,HKCU\Control Panel\Desktop\MuiCached,0x00000000,{}
373234,2026-09-10T14:02:58.771975+00:00,134335225787719751,5832,Env.exe,Registry,RegCloseKey,HKCU,0x00000000,{}
373249,2026-09-10T14:02:58.779193+00:00,134335225787791935,5832,Env.exe,Process,Thread_Create,,0x00000000,"{""Thread ID"": 5172}"
373251,2026-09-10T14:02:58.780419+00:00,134335225787804199,5832,Env.exe,Process,Load_Image,C:\Windows\SysWOW64\msvcrt.dll,0x00000000,"{""Image Base"": 1980170240, ""Image Size"": 782336}"
373256,2026-09-10T14:02:58.781809+00:00,134335225787818092,5832,Env.exe,Process,Load_Image,C:\Windows\SysWOW64\shell32.dll,0x00000000,"{""Image Base"": 1981480960, ""Image Size"": 5976064}"
373264,2026-09-10T14:02:58.783001+00:00,134335225787830013,5832,Env.exe,Process,Load_Image,C:\Windows\SysWOW64\msvcp_win.dll,0x00000000,"{""Image Base"": 1979645952, ""Image Size"": 503808}"
373266,2026-09-10T14:02:58.784727+00:00,134335225787847271,5832,Env.exe,Process,Load_Image,C:\Windows\SysWOW64\ucrtbase.dll,0x00000000,"{""Image Base"": 1989738496, ""Image Size"": 1179648}"
373271,2026-09-10T14:02:58.786117+00:00,134335225787861176,5832,Env.exe,Process,Load_Image,C:\Windows\SysWOW64\user32.dll,0x00000000,"{""Image Base"": 1971912704, ""Image Size"": 1703936}"
373274,2026-09-10T14:02:58.787312+00:00,134335225787873126,5832,Env.exe,Process,Load_Image,C:\Windows\SysWOW64\win32u.dll,0x00000000,"{""Image Base"": 1991835648, ""Image Size"": 98304}"
373281,2026-09-10T14:02:58.788508+00:00,134335225787885088,5832,Env.exe,Process,Load_Image,C:\Windows\SysWOW64\gdi32.dll,0x00000000,"{""Image Base"": 1992294400, ""Image Size"": 147456}"
373290,2026-09-10T14:02:58.792567+00:00,134335225787925671,5832,Env.exe,Process,Load_Image,C:\Windows\SysWOW64\gdi32full.dll,0x00000000,"{""Image Base"": 1996095488, ""Image Size"": 901120}"
373292,2026-09-10T14:02:58.793813+00:00,134335225787938139,5832,Env.exe,Registry,RegOpenKey,HKLM\System\CurrentControlSet\Control\Session Manager,0x00000104,"{""Desired Access"": ""Query Value""}"
373293,2026-09-10T14:02:58.793981+00:00,134335225787939818,5832,Env.exe,Registry,RegOpenKey,HKLM\System\CurrentControlSet\Control\Session Manager,0x00000000,"{""Desired Access"": ""Query Value""}"
373295,2026-09-10T14:02:58.794145+00:00,134335225787941454,5832,Env.exe,Registry,RegSetInfoKey,HKLM\System\CurrentControlSet\Control\Session Manager,0x00000000,"{""KeySetInformationClass"": ""KeySetHandleTagsInformation"", ""Length"": 0}"
373296,2026-09-10T14:02:58.794251+00:00,134335225787942517,5832,Env.exe,Registry,RegQueryValue,HKLM\System\CurrentControlSet\Control\Session Manager\SafeDllSearchMode,0xc0000034,"{""Length"": 16}"
373298,2026-09-10T14:02:58.795367+00:00,134335225787953677,5832,Env.exe,File_System,QueryOpen,C:\Lab\sample\VIRUS\Qt5Core.dll,0xc01c0004,{}
373302,2026-09-10T14:02:58.796116+00:00,134335225787961169,5832,Env.exe,File_System,CreateFile,C:\Lab\sample\VIRUS\Qt5Core.dll,0x00000000,"{""Desired Access"": ""Read Attributes"", ""Disposition"": ""Open"", ""Options"": ""Open Reparse Point"", ""Attributes"": ""n/a"", ""ShareMode"": ""Read, Write, Delete"", ""AllocationSize"": ""n/a"", ""OpenResult"": ""Opened""}"
373303,2026-09-10T14:02:58.796367+00:00,134335225787963670,5832,Env.exe,File_System,QueryBasicInformationFile,C:\Lab\sample\VIRUS\Qt5Core.dll,0x00000000,"{""CreationTime"": 134335221267311823, ""LastAccessTime"": 134335225765059764, ""LastWriteTime"": 133048999620000000, ""ChangeTime"": 134335221278382430, ""FileAttributes"": ""A""}"
373304,2026-09-10T14:02:58.796442+00:00,134335225787964425,5832,Env.exe,File_System,CloseFile,C:\Lab\sample\VIRUS\Qt5Core.dll,0x00000000,{}
373305,2026-09-10T14:02:58.796551+00:00,134335225787965515,5832,Env.exe,File_System,IRP_MJ_CLOSE,C:\Lab\sample\VIRUS\Qt5Core.dll,0x00000000,{}
373307,2026-09-10T14:02:58.797434+00:00,134335225787974342,5832,Env.exe,File_System,CreateFile,C:\Lab\sample\VIRUS\Qt5Core.dll,0x00000000,"{""Desired Access"": ""Read Data/List Directory, Execute/Traverse, Synchronize"", ""Disposition"": ""Open"", ""Options"": ""Synchronous IO Non-Alert, Non-Directory File"", ""Attributes"": ""n/a"", ""ShareMode"": ""Read, Delete"", ""AllocationSize"": ""n/a"", ""OpenResult"": ""Opened""}"
373311,2026-09-10T14:02:58.797862+00:00,134335225787978625,5832,Env.exe,File_System,CreateFileMapping,C:\Lab\sample\VIRUS\Qt5Core.dll,0x0000012a,"{""SyncType"": ""SyncTypeCreateSection"", ""PageProtection"": ""PAGE_EXECUTE""}"
373313,2026-09-10T14:02:58.797959+00:00,134335225787979597,5832,Env.exe,File_System,FASTIO_RELEASE_FOR_SECTION_SYNCHRONIZATION,C:\Lab\sample\VIRUS\Qt5Core.dll,0x00000000,{}
373314,2026-09-10T14:02:58.798048+00:00,134335225787980489,5832,Env.exe,File_System,CreateFileMapping,C:\Lab\sample\VIRUS\Qt5Core.dll,0x00000000,"{""SyncType"": ""SyncTypeOther""}"
373315,2026-09-10T14:02:58.798102+00:00,134335225787981029,5832,Env.exe,File_System,FASTIO_RELEASE_FOR_SECTION_SYNCHRONIZATION,C:\Lab\sample\VIRUS\Qt5Core.dll,0x00000000,{}
373410,2026-09-10T14:02:58.818476+00:00,134335225788184768,5832,Env.exe,Process,Thread_Create,,0x00000000,"{""Thread ID"": 5168}"
373413,2026-09-10T14:02:58.819411+00:00,134335225788194119,5832,Env.exe,File_System,QueryOpen,C:\Lab\sample\VIRUS\Qt5Network.dll,0xc01c0004,{}
373415,2026-09-10T14:02:58.820098+00:00,134335225788200986,5832,Env.exe,File_System,CreateFile,C:\Lab\sample\VIRUS\Qt5Network.dll,0x00000000,"{""Desired Access"": ""Read Attributes"", ""Disposition"": ""Open"", ""Options"": ""Open Reparse Point"", ""Attributes"": ""n/a"", ""ShareMode"": ""Read, Write, Delete"", ""AllocationSize"": ""n/a"", ""OpenResult"": ""Opened""}"
373416,2026-09-10T14:02:58.820332+00:00,134335225788203322,5832,Env.exe,File_System,QueryBasicInformationFile,C:\Lab\sample\VIRUS\Qt5Network.dll,0x00000000,"{""CreationTime"": 134335221304186422, ""LastAccessTime"": 134335225707404181, ""LastWriteTime"": 133048999860000000, ""ChangeTime"": 134335221307466556, ""FileAttributes"": ""A""}"
373417,2026-09-10T14:02:58.820395+00:00,134335225788203956,5832,Env.exe,File_System,CloseFile,C:\Lab\sample\VIRUS\Qt5Network.dll,0x00000000,{}
373418,2026-09-10T14:02:58.820497+00:00,134335225788204975,5832,Env.exe,File_System,IRP_MJ_CLOSE,C:\Lab\sample\VIRUS\Qt5Network.dll,0x00000000,{}
373420,2026-09-10T14:02:58.821284+00:00,134335225788212842,5832,Env.exe,File_System,CreateFile,C:\Lab\sample\VIRUS\Qt5Network.dll,0x00000000,"{""Desired Access"": ""Read Data/List Directory, Execute/Traverse, Synchronize"", ""Disposition"": ""Open"", ""Options"": ""Synchronous IO Non-Alert, Non-Directory File"", ""Attributes"": ""n/a"", ""ShareMode"": ""Read, Delete"", ""AllocationSize"": ""n/a"", ""OpenResult"": ""Opened""}"
373421,2026-09-10T14:02:58.821670+00:00,134335225788216703,5832,Env.exe,File_System,CreateFileMapping,C:\Lab\sample\VIRUS\Qt5Network.dll,0x0000012a,"{""SyncType"": ""SyncTypeCreateSection"", ""PageProtection"": ""PAGE_EXECUTE""}"
373422,2026-09-10T14:02:58.821780+00:00,134335225788217809,5832,Env.exe,File_System,QueryStandardInformationFile,C:\Lab\sample\VIRUS\Qt5Network.dll,0x00000000,"{""AllocationSize"": 1798144, ""EndOfFile"": 1798144, ""NumberOfLinks"": 1, ""DeletePending"": false, ""Directory"": false}"
373423,2026-09-10T14:02:58.821922+00:00,134335225788219225,5832,Env.exe,File_System,FASTIO_ACQUIRE_FOR_CC_FLUSH,C:\Lab\sample\VIRUS\Qt5Network.dll,0x00000000,{}
373424,2026-09-10T14:02:58.822060+00:00,134335225788220608,5832,Env.exe,File_System,FASTIO_RELEASE_FOR_CC_FLUSH,C:\Lab\sample\VIRUS\Qt5Network.dll,0x00000000,{}
373428,2026-09-10T14:02:58.823059+00:00,134335225788230594,5832,Env.exe,File_System,FASTIO_RELEASE_FOR_SECTION_SYNCHRONIZATION,C:\Lab\sample\VIRUS\Qt5Network.dll,0x00000000,{}
373429,2026-09-10T14:02:58.823172+00:00,134335225788231724,5832,Env.exe,File_System,CreateFileMapping,C:\Lab\sample\VIRUS\Qt5Network.dll,0x00000000,"{""SyncType"": ""SyncTypeOther""}"
373430,2026-09-10T14:02:58.823228+00:00,134335225788232286,5832,Env.exe,File_System,FASTIO_RELEASE_FOR_SECTION_SYNCHRONIZATION,C:\Lab\sample\VIRUS\Qt5Network.dll,0x00000000,{}
373432,2026-09-10T14:02:58.823958+00:00,134335225788239580,5832,Env.exe,Process,Load_Image,C:\Lab\sample\VIRUS\Qt5Network.dll,0x00000000,"{""Image Base"": 1771044864, ""Image Size"": 1847296}"
373437,2026-09-10T14:02:58.825621+00:00,134335225788256215,5832,Env.exe,Process,Load_Image,C:\Windows\SysWOW64\advapi32.dll,0x00000000,"{""Image Base"": 2003959808, ""Image Size"": 499712}"
373440,2026-09-10T14:02:58.826881+00:00,134335225788268819,5832,Env.exe,Process,Load_Image,C:\Windows\SysWOW64\sechost.dll,0x00000000,"{""Image Base"": 1980956672, ""Image Size"": 479232}"
373442,2026-09-10T14:02:58.827935+00:00,134335225788279357,5832,Env.exe,Process,Load_Image,C:\Windows\SysWOW64\rpcrt4.dll,0x00000000,"{""Image Base"": 1995309056, ""Image Size"": 782336}"
373444,2026-09-10T14:02:58.829455+00:00,134335225788294554,5832,Env.exe,Process,Load_Image,C:\Windows\SysWOW64\crypt32.dll,0x00000000,"{""Image Base"": 1998585856, ""Image Size"": 1024000}"
373483,2026-09-10T14:02:58.840764+00:00,134335225788407646,5832,Env.exe,File_System,QueryOpen,C:\Lab\sample\VIRUS\Qt5Widgets.dll,0xc01c0004,{}
373484,2026-09-10T14:02:58.841467+00:00,134335225788414678,5832,Env.exe,File_System,CreateFile,C:\Lab\sample\VIRUS\Qt5Widgets.dll,0x00000000,"{""Desired Access"": ""Read Attributes"", ""Disposition"": ""Open"", ""Options"": ""Open Reparse Point"", ""Attributes"": ""n/a"", ""ShareMode"": ""Read, Write, Delete"", ""AllocationSize"": ""n/a"", ""OpenResult"": ""Opened""}"
373486,2026-09-10T14:02:58.841708+00:00,134335225788417080,5832,Env.exe,File_System,QueryBasicInformationFile,C:\Lab\sample\VIRUS\Qt5Widgets.dll,0x00000000,"{""CreationTime"": 134335221308405795, ""LastAccessTime"": 134335225701133711, ""LastWriteTime"": 133049000020000000, ""ChangeTime"": 134335221316996990, ""FileAttributes"": ""A""}"
373487,2026-09-10T14:02:58.841782+00:00,134335225788417827,5832,Env.exe,File_System,CloseFile,C:\Lab\sample\VIRUS\Qt5Widgets.dll,0x00000000,{}
373488,2026-09-10T14:02:58.841892+00:00,134335225788418923,5832,Env.exe,File_System,IRP_MJ_CLOSE,C:\Lab\sample\VIRUS\Qt5Widgets.dll,0x00000000,{}
373490,2026-09-10T14:02:58.842712+00:00,134335225788427120,5832,Env.exe,File_System,CreateFile,C:\Lab\sample\VIRUS\Qt5Widgets.dll,0x00000000,"{""Desired Access"": ""Read Data/List Directory, Execute/Traverse, Synchronize"", ""Disposition"": ""Open"", ""Options"": ""Synchronous IO Non-Alert, Non-Directory File"", ""Attributes"": ""n/a"", ""ShareMode"": ""Read, Delete"", ""AllocationSize"": ""n/a"", ""OpenResult"": ""Opened""}"
373492,2026-09-10T14:02:58.843091+00:00,134335225788430916,5832,Env.exe,File_System,CreateFileMapping,C:\Lab\sample\VIRUS\Qt5Widgets.dll,0x0000012a,"{""SyncType"": ""SyncTypeCreateSection"", ""PageProtection"": ""PAGE_EXECUTE""}"
373495,2026-09-10T14:02:58.843178+00:00,134335225788431786,5832,Env.exe,File_System,QueryStandardInformationFile,C:\Lab\sample\VIRUS\Qt5Widgets.dll,0x00000000,"{""AllocationSize"": 6356992, ""EndOfFile"": 6355456, ""NumberOfLinks"": 1, ""DeletePending"": false, ""Directory"": false}"
373497,2026-09-10T14:02:58.843299+00:00,134335225788432998,5832,Env.exe,File_System,FASTIO_ACQUIRE_FOR_CC_FLUSH,C:\Lab\sample\VIRUS\Qt5Widgets.dll,0x00000000,{}
373498,2026-09-10T14:02:58.843536+00:00,134335225788435368,5832,Env.exe,File_System,FASTIO_RELEASE_FOR_CC_FLUSH,C:\Lab\sample\VIRUS\Qt5Widgets.dll,0x00000000,{}
373499,2026-09-10T14:02:58.843889+00:00,134335225788438893,5832,Env.exe,File_System,FASTIO_RELEASE_FOR_SECTION_SYNCHRONIZATION,C:\Lab\sample\VIRUS\Qt5Widgets.dll,0x00000000,{}
373500,2026-09-10T14:02:58.843991+00:00,134335225788439915,5832,Env.exe,File_System,CreateFileMapping,C:\Lab\sample\VIRUS\Qt5Widgets.dll,0x00000000,"{""SyncType"": ""SyncTypeOther""}"
373501,2026-09-10T14:02:58.844044+00:00,134335225788440446,5832,Env.exe,File_System,FASTIO_RELEASE_FOR_SECTION_SYNCHRONIZATION,C:\Lab\sample\VIRUS\Qt5Widgets.dll,0x00000000,{}
373503,2026-09-10T14:02:58.844568+00:00,134335225788445687,5832,Env.exe,Process,Load_Image,C:\Lab\sample\VIRUS\Qt5Core.dll,0x00000000,"{""Image Base"": 1755840512, ""Image Size"": 6135808}"
373508,2026-09-10T14:02:58.845970+00:00,134335225788459706,5832,Env.exe,Process,Load_Image,C:\Windows\SysWOW64\ole32.dll,0x00000000,"{""Image Base"": 1973616640, ""Image Size"": 929792}"
373516,2026-09-10T14:02:58.847313+00:00,134335225788473139,5832,Env.exe,Process,Load_Image,C:\Windows\SysWOW64\combase.dll,0x00000000,"{""Image Base"": 2001141760, ""Image Size"": 2625536}"
373520,2026-09-10T14:02:58.848676+00:00,134335225788486769,5832,Env.exe,Process,Load_Image,C:\Windows\SysWOW64\ws2_32.dll,0x00000000,"{""Image Base"": 6684672, ""Image Size"": 405504}"
373521,2026-09-10T14:02:58.849132+00:00,134335225788491324,5832,Env.exe,File_System,CloseFile,C:\Lab\sample\VIRUS\Qt5Core.dll,0x00000000,{}
373522,2026-09-10T14:02:58.849255+00:00,134335225788492551,5832,Env.exe,File_System,IRP_MJ_CLOSE,C:\Lab\sample\VIRUS\Qt5Core.dll,0x00000000,{}
373525,2026-09-10T14:02:58.850076+00:00,134335225788500769,5832,Env.exe,File_System,QueryOpen,C:\Lab\sample\VIRUS\libgcc_s_dw2-1.dll,0xc01c0004,{}
373527,2026-09-10T14:02:58.850949+00:00,134335225788509494,5832,Env.exe,File_System,CreateFile,C:\Lab\sample\VIRUS\libgcc_s_dw2-1.dll,0x00000000,"{""Desired Access"": ""Read Attributes"", ""Disposition"": ""Open"", ""Options"": ""Open Reparse Point"", ""Attributes"": ""n/a"", ""ShareMode"": ""Read, Write, Delete"", ""AllocationSize"": ""n/a"", ""OpenResult"": ""Opened""}"
373529,2026-09-10T14:02:58.851141+00:00,134335225788511412,5832,Env.exe,File_System,QueryBasicInformationFile,C:\Lab\sample\VIRUS\libgcc_s_dw2-1.dll,0x00000000,"{""CreationTime"": 134335221257618422, ""LastAccessTime"": 134335225768807717, ""LastWriteTime"": 133049000900000000, ""ChangeTime"": 134335221259791201, ""FileAttributes"": ""A""}"
373530,2026-09-10T14:02:58.851206+00:00,134335225788512068,5832,Env.exe,File_System,CloseFile,C:\Lab\sample\VIRUS\libgcc_s_dw2-1.dll,0x00000000,{}
373531,2026-09-10T14:02:58.851301+00:00,134335225788513011,5832,Env.exe,File_System,IRP_MJ_CLOSE,C:\Lab\sample\VIRUS\libgcc_s_dw2-1.dll,0x00000000,{}
373533,2026-09-10T14:02:58.852065+00:00,134335225788520657,5832,Env.exe,File_System,CreateFile,C:\Lab\sample\VIRUS\libgcc_s_dw2-1.dll,0x00000000,"{""Desired Access"": ""Read Data/List Directory, Execute/Traverse, Synchronize"", ""Disposition"": ""Open"", ""Options"": ""Synchronous IO Non-Alert, Non-Directory File"", ""Attributes"": ""n/a"", ""ShareMode"": ""Read, Delete"", ""AllocationSize"": ""n/a"", ""OpenResult"": ""Opened""}"
373534,2026-09-10T14:02:58.852404+00:00,134335225788524048,5832,Env.exe,File_System,CreateFileMapping,C:\Lab\sample\VIRUS\libgcc_s_dw2-1.dll,0x0000012a,"{""SyncType"": ""SyncTypeCreateSection"", ""PageProtection"": ""PAGE_EXECUTE""}"
373535,2026-09-10T14:02:58.852477+00:00,134335225788524778,5832,Env.exe,File_System,FASTIO_RELEASE_FOR_SECTION_SYNCHRONIZATION,C:\Lab\sample\VIRUS\libgcc_s_dw2-1.dll,0x00000000,{}
373536,2026-09-10T14:02:58.852545+00:00,134335225788525453,5832,Env.exe,File_System,CreateFileMapping,C:\Lab\sample\VIRUS\libgcc_s_dw2-1.dll,0x00000000,"{""SyncType"": ""SyncTypeOther""}"
373537,2026-09-10T14:02:58.852590+00:00,134335225788525908,5832,Env.exe,File_System,FASTIO_RELEASE_FOR_SECTION_SYNCHRONIZATION,C:\Lab\sample\VIRUS\libgcc_s_dw2-1.dll,0x00000000,{}
373539,2026-09-10T14:02:58.853130+00:00,134335225788531303,5832,Env.exe,Process,Load_Image,C:\Lab\sample\VIRUS\libgcc_s_dw2-1.dll,0x00000000,"{""Image Base"": 1857290240, ""Image Size"": 147456}"
373541,2026-09-10T14:02:58.853530+00:00,134335225788535308,5832,Env.exe,File_System,CloseFile,C:\Lab\sample\VIRUS\libgcc_s_dw2-1.dll,0x00000000,{}
373544,2026-09-10T14:02:58.853646+00:00,134335225788536460,5832,Env.exe,File_System,IRP_MJ_CLOSE,C:\Lab\sample\VIRUS\libgcc_s_dw2-1.dll,0x00000000,{}
373548,2026-09-10T14:02:58.856657+00:00,134335225788566574,5832,Env.exe,File_System,QueryOpen,C:\Lab\sample\VIRUS\libstdc++-6.dll,0xc01c0004,{}
373552,2026-09-10T14:02:58.857319+00:00,134335225788573196,5832,Env.exe,File_System,CreateFile,C:\Lab\sample\VIRUS\libstdc++-6.dll,0x00000000,"{""Desired Access"": ""Read Attributes"", ""Disposition"": ""Open"", ""Options"": ""Open Reparse Point"", ""Attributes"": ""n/a"", ""ShareMode"": ""Read, Write, Delete"", ""AllocationSize"": ""n/a"", ""OpenResult"": ""Opened""}"
373553,2026-09-10T14:02:58.857501+00:00,134335225788575014,5832,Env.exe,File_System,QueryBasicInformationFile,C:\Lab\sample\VIRUS\libstdc++-6.dll,0x00000000,"{""CreationTime"": 134335221260890414, ""LastAccessTime"": 134335225774592217, ""LastWriteTime"": 133049000960000000, ""ChangeTime"": 134335221264182688, ""FileAttributes"": ""A""}"
373554,2026-09-10T14:02:58.857564+00:00,134335225788575644,5832,Env.exe,File_System,CloseFile,C:\Lab\sample\VIRUS\libstdc++-6.dll,0x00000000,{}
373555,2026-09-10T14:02:58.857660+00:00,134335225788576606,5832,Env.exe,File_System,IRP_MJ_CLOSE,C:\Lab\sample\VIRUS\libstdc++-6.dll,0x00000000,{}
373559,2026-09-10T14:02:58.858413+00:00,134335225788584139,5832,Env.exe,File_System,CreateFile,C:\Lab\sample\VIRUS\libstdc++-6.dll,0x00000000,"{""Desired Access"": ""Read Data/List Directory, Execute/Traverse, Synchronize"", ""Disposition"": ""Open"", ""Options"": ""Synchronous IO Non-Alert, Non-Directory File"", ""Attributes"": ""n/a"", ""ShareMode"": ""Read, Delete"", ""AllocationSize"": ""n/a"", ""OpenResult"": ""Opened""}"
373563,2026-09-10T14:02:58.858734+00:00,134335225788587347,5832,Env.exe,File_System,CreateFileMapping,C:\Lab\sample\VIRUS\libstdc++-6.dll,0x0000012a,"{""SyncType"": ""SyncTypeCreateSection"", ""PageProtection"": ""PAGE_EXECUTE""}"
373564,2026-09-10T14:02:58.858802+00:00,134335225788588026,5832,Env.exe,File_System,FASTIO_RELEASE_FOR_SECTION_SYNCHRONIZATION,C:\Lab\sample\VIRUS\libstdc++-6.dll,0x00000000,{}
373566,2026-09-10T14:02:58.858863+00:00,134335225788588632,5832,Env.exe,File_System,CreateFileMapping,C:\Lab\sample\VIRUS\libstdc++-6.dll,0x00000000,"{""SyncType"": ""SyncTypeOther""}"
373567,2026-09-10T14:02:58.858908+00:00,134335225788589080,5832,Env.exe,File_System,FASTIO_RELEASE_FOR_SECTION_SYNCHRONIZATION,C:\Lab\sample\VIRUS\libstdc++-6.dll,0x00000000,{}
373569,2026-09-10T14:02:58.859504+00:00,134335225788595042,5832,Env.exe,Process,Load_Image,C:\Lab\sample\VIRUS\libstdc++-6.dll,0x00000000,"{""Image Base"": 1877213184, ""Image Size"": 1564672}"
373571,2026-09-10T14:02:58.860080+00:00,134335225788600806,5832,Env.exe,File_System,CloseFile,C:\Lab\sample\VIRUS\libstdc++-6.dll,0x00000000,{}
373572,2026-09-10T14:02:58.860196+00:00,134335225788601969,5832,Env.exe,File_System,IRP_MJ_CLOSE,C:\Lab\sample\VIRUS\libstdc++-6.dll,0x00000000,{}
373580,2026-09-10T14:02:58.862065+00:00,134335225788620659,5832,Env.exe,File_System,QueryOpen,C:\Lab\sample\VIRUS\DNSAPI.DLL,0xc01c0004,{}
373582,2026-09-10T14:02:58.862731+00:00,134335225788627316,5832,Env.exe,File_System,CreateFile,C:\Lab\sample\VIRUS\DNSAPI.DLL,0xc0000034,"{""Desired Access"": ""Read Attributes"", ""Disposition"": ""Open"", ""Options"": ""Open Reparse Point"", ""Attributes"": ""n/a"", ""ShareMode"": ""Read, Write, Delete"", ""AllocationSize"": ""n/a""}"
373587,2026-09-10T14:02:58.863660+00:00,134335225788636605,5832,Env.exe,File_System,QueryOpen,C:\Windows\SysWOW64\dnsapi.dll,0xc01c0004,{}
373589,2026-09-10T14:02:58.864325+00:00,134335225788643250,5832,Env.exe,File_System,CreateFile,C:\Windows\SysWOW64\dnsapi.dll,0x00000000,"{""Desired Access"": ""Read Attributes"", ""Disposition"": ""Open"", ""Options"": ""Open Reparse Point"", ""Attributes"": ""n/a"", ""ShareMode"": ""Read, Write, Delete"", ""AllocationSize"": ""n/a"", ""OpenResult"": ""Opened""}"
373597,2026-09-10T14:02:58.865640+00:00,134335225788656401,5832,Env.exe,File_System,QueryBasicInformationFile,C:\Windows\SysWOW64\dnsapi.dll,0x00000000,"{""CreationTime"": 132780004942926111, ""LastAccessTime"": 134335047997286330, ""LastWriteTime"": 132780004943082334, ""ChangeTime"": 134335053966832367, ""FileAttributes"": ""A""}"
373598,2026-09-10T14:02:58.865715+00:00,134335225788657154,5832,Env.exe,File_System,CloseFile,C:\Windows\SysWOW64\dnsapi.dll,0x00000000,{}
373599,2026-09-10T14:02:58.865805+00:00,134335225788658051,5832,Env.exe,File_System,IRP_MJ_CLOSE,C:\Windows\SysWOW64\dnsapi.dll,0x00000000,{}
373606,2026-09-10T14:02:58.866566+00:00,134335225788665665,5832,Env.exe,File_System,CreateFile,C:\Windows\SysWOW64\dnsapi.dll,0x00000000,"{""Desired Access"": ""Read Data/List Directory, Execute/Traverse, Synchronize"", ""Disposition"": ""Open"", ""Options"": ""Synchronous IO Non-Alert, Non-Directory File"", ""Attributes"": ""n/a"", ""ShareMode"": ""Read, Delete"", ""AllocationSize"": ""n/a"", ""OpenResult"": ""Opened""}"
373609,2026-09-10T14:02:58.867222+00:00,134335225788672224,5832,Env.exe,File_System,QueryEAFile,C:\Windows\SysWOW64\dnsapi.dll,0x00000000,{}
373610,2026-09-10T14:02:58.867946+00:00,134335225788679461,5832,Env.exe,File_System,CreateFileMapping,C:\Windows\SysWOW64\dnsapi.dll,0x0000012a,"{""SyncType"": ""SyncTypeCreateSection"", ""PageProtection"": ""PAGE_EXECUTE""}"
373612,2026-09-10T14:02:58.868390+00:00,134335225788683902,5832,Env.exe,File_System,FASTIO_RELEASE_FOR_SECTION_SYNCHRONIZATION,C:\Windows\SysWOW64\dnsapi.dll,0x00000000,{}
373613,2026-09-10T14:02:58.869776+00:00,134335225788697760,5832,Env.exe,File_System,CreateFileMapping,C:\Windows\SysWOW64\dnsapi.dll,0x00000000,"{""SyncType"": ""SyncTypeOther""}"
373615,2026-09-10T14:02:58.870260+00:00,134335225788702600,5832,Env.exe,File_System,FASTIO_RELEASE_FOR_SECTION_SYNCHRONIZATION,C:\Windows\SysWOW64\dnsapi.dll,0x00000000,{}
373617,2026-09-10T14:02:58.870899+00:00,134335225788708991,5832,Env.exe,Process,Load_Image,C:\Windows\SysWOW64\dnsapi.dll,0x00000000,"{""Image Base"": 1955069952, ""Image Size"": 593920}"
373619,2026-09-10T14:02:58.871529+00:00,134335225788715297,5832,Env.exe,File_System,CloseFile,C:\Windows\SysWOW64\dnsapi.dll,0x00000000,{}
373620,2026-09-10T14:02:58.871850+00:00,134335225788718509,5832,Env.exe,Process,Load_Image,C:\Windows\SysWOW64\ws2_32.dll,0x00000000,"{""Image Base"": 1974665216, ""Image Size"": 405504}"
373624,2026-09-10T14:02:58.872563+00:00,134335225788725634,5832,Env.exe,File_System,CloseFile,C:\Lab\sample\VIRUS\Qt5Network.dll,0x00000000,{}
373627,2026-09-10T14:02:58.873478+00:00,134335225788734782,5832,Env.exe,File_System,QueryOpen,C:\Lab\sample\VIRUS\libgcc_s_dw2-1.dll,0xc01c0004,{}
373632,2026-09-10T14:02:58.874152+00:00,134335225788741524,5832,Env.exe,File_System,CreateFile,C:\Lab\sample\VIRUS\libgcc_s_dw2-1.dll,0x00000000,"{""Desired Access"": ""Read Attributes"", ""Disposition"": ""Open"", ""Options"": ""Open Reparse Point"", ""Attributes"": ""n/a"", ""ShareMode"": ""Read, Write, Delete"", ""AllocationSize"": ""n/a"", ""OpenResult"": ""Opened""}"
373635,2026-09-10T14:02:58.874366+00:00,134335225788743660,5832,Env.exe,File_System,QueryBasicInformationFile,C:\Lab\sample\VIRUS\libgcc_s_dw2-1.dll,0x00000000,"{""CreationTime"": 134335221257618422, ""LastAccessTime"": 134335225788623960, ""LastWriteTime"": 133049000900000000, ""ChangeTime"": 134335221259791201, ""FileAttributes"": ""A""}"
373636,2026-09-10T14:02:58.874439+00:00,134335225788744392,5832,Env.exe,File_System,CloseFile,C:\Lab\sample\VIRUS\libgcc_s_dw2-1.dll,0x00000000,{}
373637,2026-09-10T14:02:58.874542+00:00,134335225788745426,5832,Env.exe,File_System,IRP_MJ_CLOSE,C:\Lab\sample\VIRUS\libgcc_s_dw2-1.dll,0x00000000,{}
373638,2026-09-10T14:02:58.875413+00:00,134335225788754132,5832,Env.exe,File_System,QueryOpen,C:\Lab\sample\VIRUS\IPHLPAPI.DLL,0xc01c0004,{}
373640,2026-09-10T14:02:58.876087+00:00,134335225788760879,5832,Env.exe,File_System,CreateFile,C:\Lab\sample\VIRUS\IPHLPAPI.DLL,0xc0000034,"{""Desired Access"": ""Read Attributes"", ""Disposition"": ""Open"", ""Options"": ""Open Reparse Point"", ""Attributes"": ""n/a"", ""ShareMode"": ""Read, Write, Delete"", ""AllocationSize"": ""n/a""}"
373645,2026-09-10T14:02:58.877031+00:00,134335225788770315,5832,Env.exe,File_System,QueryOpen,C:\Windows\SysWOW64\IPHLPAPI.DLL,0xc01c0004,{}
373649,2026-09-10T14:02:58.877664+00:00,134335225788776644,5832,Env.exe,File_System,CreateFile,C:\Windows\SysWOW64\IPHLPAPI.DLL,0x00000000,"{""Desired Access"": ""Read Attributes"", ""Disposition"": ""Open"", ""Options"": ""Open Reparse Point"", ""Attributes"": ""n/a"", ""ShareMode"": ""Read, Write, Delete"", ""AllocationSize"": ""n/a"", ""OpenResult"": ""Opened""}"
373654,2026-09-10T14:02:58.878407+00:00,134335225788784076,5832,Env.exe,File_System,QueryBasicInformationFile,C:\Windows\SysWOW64\IPHLPAPI.DLL,0x00000000,"{""CreationTime"": 132780004943082334, ""LastAccessTime"": 134335047994783825, ""LastWriteTime"": 132780004943082334, ""ChangeTime"": 134335054011980052, ""FileAttributes"": ""A""}"
373655,2026-09-10T14:02:58.878477+00:00,134335225788784776,5832,Env.exe,File_System,CloseFile,C:\Windows\SysWOW64\IPHLPAPI.DLL,0x00000000,{}
373656,2026-09-10T14:02:58.878567+00:00,134335225788785672,5832,Env.exe,File_System,IRP_MJ_CLOSE,C:\Windows\SysWOW64\IPHLPAPI.DLL,0x00000000,{}
373658,2026-09-10T14:02:58.879368+00:00,134335225788793689,5832,Env.exe,File_System,CreateFile,C:\Windows\SysWOW64\IPHLPAPI.DLL,0x00000000,"{""Desired Access"": ""Read Data/List Directory, Execute/Traverse, Synchronize"", ""Disposition"": ""Open"", ""Options"": ""Synchronous IO Non-Alert, Non-Directory File"", ""Attributes"": ""n/a"", ""ShareMode"": ""Read, Delete"", ""AllocationSize"": ""n/a"", ""OpenResult"": ""Opened""}"
373659,2026-09-10T14:02:58.880098+00:00,134335225788800986,5832,Env.exe,File_System,QueryEAFile,C:\Windows\SysWOW64\IPHLPAPI.DLL,0x00000000,{}
373664,2026-09-10T14:02:58.880897+00:00,134335225788808976,5832,Env.exe,File_System,CreateFileMapping,C:\Windows\SysWOW64\IPHLPAPI.DLL,0x0000012a,"{""SyncType"": ""SyncTypeCreateSection"", ""PageProtection"": ""PAGE_EXECUTE""}"
373666,2026-09-10T14:02:58.881305+00:00,134335225788813052,5832,Env.exe,File_System,FASTIO_RELEASE_FOR_SECTION_SYNCHRONIZATION,C:\Windows\SysWOW64\IPHLPAPI.DLL,0x00000000,{}
373671,2026-09-10T14:02:58.882039+00:00,134335225788820393,5832,Env.exe,File_System,CreateFileMapping,C:\Windows\SysWOW64\IPHLPAPI.DLL,0x00000000,"{""SyncType"": ""SyncTypeOther""}"
373673,2026-09-10T14:02:58.882104+00:00,134335225788821049,5832,Env.exe,File_System,FASTIO_RELEASE_FOR_SECTION_SYNCHRONIZATION,C:\Windows\SysWOW64\IPHLPAPI.DLL,0x00000000,{}
373676,2026-09-10T14:02:58.882689+00:00,134335225788826895,5832,Env.exe,Process,Load_Image,C:\Windows\SysWOW64\IPHLPAPI.DLL,0x00000000,"{""Image Base"": 1954807808, ""Image Size"": 204800}"
373678,2026-09-10T14:02:58.883271+00:00,134335225788832715,5832,Env.exe,File_System,CloseFile,C:\Windows\SysWOW64\IPHLPAPI.DLL,0x00000000,{}
373681,2026-09-10T14:02:58.884359+00:00,134335225788843597,5832,Env.exe,File_System,QueryOpen,C:\Lab\sample\VIRUS\MPR.DLL,0xc01c0004,{}
373683,2026-09-10T14:02:58.885271+00:00,134335225788852712,5832,Env.exe,File_System,CreateFile,C:\Lab\sample\VIRUS\MPR.DLL,0xc0000034,"{""Desired Access"": ""Read Attributes"", ""Disposition"": ""Open"", ""Options"": ""Open Reparse Point"", ""Attributes"": ""n/a"", ""ShareMode"": ""Read, Write, Delete"", ""AllocationSize"": ""n/a""}"
373686,2026-09-10T14:02:58.886193+00:00,134335225788861939,5832,Env.exe,File_System,QueryOpen,C:\Windows\SysWOW64\mpr.dll,0xc01c0004,{}
373688,2026-09-10T14:02:58.886847+00:00,134335225788868477,5832,Env.exe,File_System,CreateFile,C:\Windows\SysWOW64\mpr.dll,0x00000000,"{""Desired Access"": ""Read Attributes"", ""Disposition"": ""Open"", ""Options"": ""Open Reparse Point"", ""Attributes"": ""n/a"", ""ShareMode"": ""Read, Write, Delete"", ""AllocationSize"": ""n/a"", ""OpenResult"": ""Opened""}"
373689,2026-09-10T14:02:58.887122+00:00,134335225788871226,5832,Env.exe,File_System,QueryBasicInformationFile,C:\Windows\SysWOW64\mpr.dll,0x00000000,"{""CreationTime"": 132780004956832063, ""LastAccessTime"": 134335225654436272, ""LastWriteTime"": 132780004956832063, ""ChangeTime"": 134335054062284273, ""FileAttributes"": ""A""}"
373691,2026-09-10T14:02:58.887191+00:00,134335225788871910,5832,Env.exe,File_System,CloseFile,C:\Windows\SysWOW64\mpr.dll,0x00000000,{}
373692,2026-09-10T14:02:58.887288+00:00,134335225788872889,5832,Env.exe,File_System,IRP_MJ_CLOSE,C:\Windows\SysWOW64\mpr.dll,0x00000000,{}
373693,2026-09-10T14:02:58.888141+00:00,134335225788881412,5832,Env.exe,File_System,CreateFile,C:\Windows\SysWOW64\mpr.dll,0x00000000,"{""Desired Access"": ""Read Data/List Directory, Execute/Traverse, Synchronize"", ""Disposition"": ""Open"", ""Options"": ""Synchronous IO Non-Alert, Non-Directory File"", ""Attributes"": ""n/a"", ""ShareMode"": ""Read, Delete"", ""AllocationSize"": ""n/a"", ""OpenResult"": ""Opened""}"
373695,2026-09-10T14:02:58.888570+00:00,134335225788885709,5832,Env.exe,File_System,CreateFileMapping,C:\Windows\SysWOW64\mpr.dll,0x0000012a,"{""SyncType"": ""SyncTypeCreateSection"", ""PageProtection"": ""PAGE_EXECUTE""}"
373696,2026-09-10T14:02:58.888689+00:00,134335225788886893,5832,Env.exe,File_System,FASTIO_RELEASE_FOR_SECTION_SYNCHRONIZATION,C:\Windows\SysWOW64\mpr.dll,0x00000000,{}
373697,2026-09-10T14:02:58.888760+00:00,134335225788887607,5832,Env.exe,File_System,CreateFileMapping,C:\Windows\SysWOW64\mpr.dll,0x00000000,"{""SyncType"": ""SyncTypeOther""}"
373699,2026-09-10T14:02:58.888809+00:00,134335225788888099,5832,Env.exe,File_System,FASTIO_RELEASE_FOR_SECTION_SYNCHRONIZATION,C:\Windows\SysWOW64\mpr.dll,0x00000000,{}
373702,2026-09-10T14:02:58.889339+00:00,134335225788893396,5832,Env.exe,Process,Load_Image,C:\Windows\SysWOW64\mpr.dll,0x00000000,"{""Image Base"": 1956249600, ""Image Size"": 102400}"
373704,2026-09-10T14:02:58.889873+00:00,134335225788898736,5832,Env.exe,File_System,CloseFile,C:\Windows\SysWOW64\mpr.dll,0x00000000,{}
373705,2026-09-10T14:02:58.889992+00:00,134335225788899927,5832,Env.exe,File_System,IRP_MJ_CLOSE,C:\Windows\SysWOW64\mpr.dll,0x00000000,{}
373711,2026-09-10T14:02:58.891600+00:00,134335225788916008,5832,Env.exe,File_System,QueryOpen,C:\Lab\sample\VIRUS\VERSION.dll,0xc01c0004,{}
373713,2026-09-10T14:02:58.892292+00:00,134335225788922920,5832,Env.exe,File_System,CreateFile,C:\Lab\sample\VIRUS\VERSION.dll,0xc0000034,"{""Desired Access"": ""Read Attributes"", ""Disposition"": ""Open"", ""Options"": ""Open Reparse Point"", ""Attributes"": ""n/a"", ""ShareMode"": ""Read, Write, Delete"", ""AllocationSize"": ""n/a""}"
373720,2026-09-10T14:02:58.893214+00:00,134335225788932144,5832,Env.exe,File_System,QueryOpen,C:\Windows\SysWOW64\version.dll,0xc01c0004,{}
373722,2026-09-10T14:02:58.893862+00:00,134335225788938626,5832,Env.exe,File_System,CreateFile,C:\Windows\SysWOW64\version.dll,0x00000000,"{""Desired Access"": ""Read Attributes"", ""Disposition"": ""Open"", ""Options"": ""Open Reparse Point"", ""Attributes"": ""n/a"", ""ShareMode"": ""Read, Write, Delete"", ""AllocationSize"": ""n/a"", ""OpenResult"": ""Opened""}"
373723,2026-09-10T14:02:58.894196+00:00,134335225788941969,5832,Env.exe,File_System,QueryBasicInformationFile,C:\Windows\SysWOW64\version.dll,0x00000000,"{""CreationTime"": 132780004998579298, ""LastAccessTime"": 134335225653812255, ""LastWriteTime"": 132780004998579298, ""ChangeTime"": 134335054261505107, ""FileAttributes"": ""A""}"
373725,2026-09-10T14:02:58.894264+00:00,134335225788942644,5832,Env.exe,File_System,CloseFile,C:\Windows\SysWOW64\version.dll,0x00000000,{}
373726,2026-09-10T14:02:58.894360+00:00,134335225788943609,5832,Env.exe,File_System,IRP_MJ_CLOSE,C:\Windows\SysWOW64\version.dll,0x00000000,{}
373728,2026-09-10T14:02:58.895128+00:00,134335225788951286,5832,Env.exe,File_System,CreateFile,C:\Windows\SysWOW64\version.dll,0x00000000,"{""Desired Access"": ""Read Data/List Directory, Execute/Traverse, Synchronize"", ""Disposition"": ""Open"", ""Options"": ""Synchronous IO Non-Alert, Non-Directory File"", ""Attributes"": ""n/a"", ""ShareMode"": ""Read, Delete"", ""AllocationSize"": ""n/a"", ""OpenResult"": ""Opened""}"
373734,2026-09-10T14:02:58.896833+00:00,134335225788968331,5832,Env.exe,File_System,CreateFileMapping,C:\Windows\SysWOW64\version.dll,0x0000012a,"{""SyncType"": ""SyncTypeCreateSection"", ""PageProtection"": ""PAGE_EXECUTE""}"
373735,2026-09-10T14:02:58.896954+00:00,134335225788969546,5832,Env.exe,File_System,FASTIO_RELEASE_FOR_SECTION_SYNCHRONIZATION,C:\Windows\SysWOW64\version.dll,0x00000000,{}
373736,2026-09-10T14:02:58.897032+00:00,134335225788970324,5832,Env.exe,File_System,CreateFileMapping,C:\Windows\SysWOW64\version.dll,0x00000000,"{""SyncType"": ""SyncTypeOther""}"
373737,2026-09-10T14:02:58.897087+00:00,134335225788970877,5832,Env.exe,File_System,FASTIO_RELEASE_FOR_SECTION_SYNCHRONIZATION,C:\Windows\SysWOW64\version.dll,0x00000000,{}
373745,2026-09-10T14:02:58.900002+00:00,134335225789000020,5832,Env.exe,Process,Load_Image,C:\Windows\SysWOW64\version.dll,0x00000000,"{""Image Base"": 1960378368, ""Image Size"": 32768}"
373748,2026-09-10T14:02:58.901463+00:00,134335225789014638,5832,Env.exe,File_System,CloseFile,C:\Windows\SysWOW64\version.dll,0x00000000,{}
373749,2026-09-10T14:02:58.901585+00:00,134335225789015854,5832,Env.exe,File_System,IRP_MJ_CLOSE,C:\Windows\SysWOW64\version.dll,0x00000000,{}
373751,2026-09-10T14:02:58.902437+00:00,134335225789024377,5832,Env.exe,File_System,QueryOpen,C:\Lab\sample\VIRUS\WINMM.DLL,0xc01c0004,{}
373756,2026-09-10T14:02:58.903106+00:00,134335225789031067,5832,Env.exe,File_System,CreateFile,C:\Lab\sample\VIRUS\WINMM.DLL,0xc0000034,"{""Desired Access"": ""Read Attributes"", ""Disposition"": ""Open"", ""Options"": ""Open Reparse Point"", ""Attributes"": ""n/a"", ""ShareMode"": ""Read, Write, Delete"", ""AllocationSize"": ""n/a""}"
373757,2026-09-10T14:02:58.904169+00:00,134335225789041691,5832,Env.exe,File_System,QueryOpen,C:\Windows\SysWOW64\winmm.dll,0xc01c0004,{}
373759,2026-09-10T14:02:58.904851+00:00,134335225789048511,5832,Env.exe,File_System,CreateFile,C:\Windows\SysWOW64\winmm.dll,0x00000000,"{""Desired Access"": ""Read Attributes"", ""Disposition"": ""Open"", ""Options"": ""Open Reparse Point"", ""Attributes"": ""n/a"", ""ShareMode"": ""Read, Write, Delete"", ""AllocationSize"": ""n/a"", ""OpenResult"": ""Opened""}"
373763,2026-09-10T14:02:58.905139+00:00,134335225789051395,5832,Env.exe,File_System,QueryBasicInformationFile,C:\Windows\SysWOW64\winmm.dll,0x00000000,"{""CreationTime"": 132780004817588590, ""LastAccessTime"": 134335225654117641, ""LastWriteTime"": 132780004817588590, ""ChangeTime"": 134335054315435746, ""FileAttributes"": ""A""}"
373765,2026-09-10T14:02:58.905201+00:00,134335225789052015,5832,Env.exe,File_System,CloseFile,C:\Windows\SysWOW64\winmm.dll,0x00000000,{}
373766,2026-09-10T14:02:58.905292+00:00,134335225789052924,5832,Env.exe,File_System,IRP_MJ_CLOSE,C:\Windows\SysWOW64\winmm.dll,0x00000000,{}
373769,2026-09-10T14:02:58.906063+00:00,134335225789060633,5832,Env.exe,File_System,CreateFile,C:\Windows\SysWOW64\winmm.dll,0x00000000,"{""Desired Access"": ""Read Data/List Directory, Execute/Traverse, Synchronize"", ""Disposition"": ""Open"", ""Options"": ""Synchronous IO Non-Alert, Non-Directory File"", ""Attributes"": ""n/a"", ""ShareMode"": ""Read, Delete"", ""AllocationSize"": ""n/a"", ""OpenResult"": ""Opened""}"
373770,2026-09-10T14:02:58.906456+00:00,134335225789064563,5832,Env.exe,File_System,CreateFileMapping,C:\Windows\SysWOW64\winmm.dll,0x0000012a,"{""SyncType"": ""SyncTypeCreateSection"", ""PageProtection"": ""PAGE_EXECUTE""}"
373771,2026-09-10T14:02:58.906549+00:00,134335225789065491,5832,Env.exe,File_System,FASTIO_RELEASE_FOR_SECTION_SYNCHRONIZATION,C:\Windows\SysWOW64\winmm.dll,0x00000000,{}
373773,2026-09-10T14:02:58.906612+00:00,134335225789066129,5832,Env.exe,File_System,CreateFileMapping,C:\Windows\SysWOW64\winmm.dll,0x00000000,"{""SyncType"": ""SyncTypeOther""}"
373774,2026-09-10T14:02:58.906657+00:00,134335225789066577,5832,Env.exe,File_System,FASTIO_RELEASE_FOR_SECTION_SYNCHRONIZATION,C:\Windows\SysWOW64\winmm.dll,0x00000000,{}
373779,2026-09-10T14:02:58.907639+00:00,134335225789076392,5832,Env.exe,File_System,QueryOpen,C:\Lab\sample\VIRUS\libgcc_s_dw2-1.dll,0xc01c0004,{}
373780,2026-09-10T14:02:58.908287+00:00,134335225789082873,5832,Env.exe,File_System,CreateFile,C:\Lab\sample\VIRUS\libgcc_s_dw2-1.dll,0x00000000,"{""Desired Access"": ""Read Attributes"", ""Disposition"": ""Open"", ""Options"": ""Open Reparse Point"", ""Attributes"": ""n/a"", ""ShareMode"": ""Read, Write, Delete"", ""AllocationSize"": ""n/a"", ""OpenResult"": ""Opened""}"
373782,2026-09-10T14:02:58.908456+00:00,134335225789084560,5832,Env.exe,File_System,QueryBasicInformationFile,C:\Lab\sample\VIRUS\libgcc_s_dw2-1.dll,0x00000000,"{""CreationTime"": 134335221257618422, ""LastAccessTime"": 134335225788623960, ""LastWriteTime"": 133049000900000000, ""ChangeTime"": 134335221259791201, ""FileAttributes"": ""A""}"
373783,2026-09-10T14:02:58.908561+00:00,134335225789085616,5832,Env.exe,File_System,CloseFile,C:\Lab\sample\VIRUS\libgcc_s_dw2-1.dll,0x00000000,{}
373785,2026-09-10T14:02:58.908653+00:00,134335225789086533,5832,Env.exe,File_System,IRP_MJ_CLOSE,C:\Lab\sample\VIRUS\libgcc_s_dw2-1.dll,0x00000000,{}
373791,2026-09-10T14:02:58.909416+00:00,134335225789094161,5832,Env.exe,File_System,QueryOpen,C:\Lab\sample\VIRUS\libstdc++-6.dll,0xc01c0004,{}
373792,2026-09-10T14:02:58.910045+00:00,134335225789100457,5832,Env.exe,File_System,CreateFile,C:\Lab\sample\VIRUS\libstdc++-6.dll,0x00000000,"{""Desired Access"": ""Read Attributes"", ""Disposition"": ""Open"", ""Options"": ""Open Reparse Point"", ""Attributes"": ""n/a"", ""ShareMode"": ""Read, Write, Delete"", ""AllocationSize"": ""n/a"", ""OpenResult"": ""Opened""}"
373794,2026-09-10T14:02:58.910601+00:00,134335225789106011,5832,Env.exe,File_System,QueryBasicInformationFile,C:\Lab\sample\VIRUS\libstdc++-6.dll,0x00000000,"{""CreationTime"": 134335221260890414, ""LastAccessTime"": 134335225788623960, ""LastWriteTime"": 133049000960000000, ""ChangeTime"": 134335221264182688, ""FileAttributes"": ""A""}"
373795,2026-09-10T14:02:58.910667+00:00,134335225789106670,5832,Env.exe,File_System,CloseFile,C:\Lab\sample\VIRUS\libstdc++-6.dll,0x00000000,{}
373796,2026-09-10T14:02:58.910774+00:00,134335225789107740,5832,Env.exe,File_System,IRP_MJ_CLOSE,C:\Lab\sample\VIRUS\libstdc++-6.dll,0x00000000,{}
373800,2026-09-10T14:02:58.911518+00:00,134335225789115181,5832,Env.exe,File_System,QueryOpen,C:\Lab\sample\VIRUS\libwinpthread-1.dll,0xc01c0004,{}
373802,2026-09-10T14:02:58.912129+00:00,134335225789121294,5832,Env.exe,File_System,CreateFile,C:\Lab\sample\VIRUS\libwinpthread-1.dll,0x00000000,"{""Desired Access"": ""Read Attributes"", ""Disposition"": ""Open"", ""Options"": ""Open Reparse Point"", ""Attributes"": ""n/a"", ""ShareMode"": ""Read, Write, Delete"", ""AllocationSize"": ""n/a"", ""OpenResult"": ""Opened""}"
373804,2026-09-10T14:02:58.912289+00:00,134335225789122899,5832,Env.exe,File_System,QueryBasicInformationFile,C:\Lab\sample\VIRUS\libwinpthread-1.dll,0x00000000,"{""CreationTime"": 134335221265114137, ""LastAccessTime"": 134335225766935151, ""LastWriteTime"": 133049000880000000, ""ChangeTime"": 134335221266376773, ""FileAttributes"": ""A""}"
373805,2026-09-10T14:02:58.912347+00:00,134335225789123478,5832,Env.exe,File_System,CloseFile,C:\Lab\sample\VIRUS\libwinpthread-1.dll,0x00000000,{}
373806,2026-09-10T14:02:58.912434+00:00,134335225789124347,5832,Env.exe,File_System,IRP_MJ_CLOSE,C:\Lab\sample\VIRUS\libwinpthread-1.dll,0x00000000,{}
373813,2026-09-10T14:02:58.913163+00:00,134335225789131637,5832,Env.exe,File_System,CreateFile,C:\Lab\sample\VIRUS\libwinpthread-1.dll,0x00000000,"{""Desired Access"": ""Read Data/List Directory, Execute/Traverse, Synchronize"", ""Disposition"": ""Open"", ""Options"": ""Synchronous IO Non-Alert, Non-Directory File"", ""Attributes"": ""n/a"", ""ShareMode"": ""Read, Delete"", ""AllocationSize"": ""n/a"", ""OpenResult"": ""Opened""}"
373814,2026-09-10T14:02:58.913474+00:00,134335225789134743,5832,Env.exe,File_System,CreateFileMapping,C:\Lab\sample\VIRUS\libwinpthread-1.dll,0x0000012a,"{""SyncType"": ""SyncTypeCreateSection"", ""PageProtection"": ""PAGE_EXECUTE""}"
373815,2026-09-10T14:02:58.913540+00:00,134335225789135405,5832,Env.exe,File_System,FASTIO_RELEASE_FOR_SECTION_SYNCHRONIZATION,C:\Lab\sample\VIRUS\libwinpthread-1.dll,0x00000000,{}
373816,2026-09-10T14:02:58.913599+00:00,134335225789135999,5832,Env.exe,File_System,CreateFileMapping,C:\Lab\sample\VIRUS\libwinpthread-1.dll,0x00000000,"{""SyncType"": ""SyncTypeOther""}"
373817,2026-09-10T14:02:58.913644+00:00,134335225789136444,5832,Env.exe,File_System,FASTIO_RELEASE_FOR_SECTION_SYNCHRONIZATION,C:\Lab\sample\VIRUS\libwinpthread-1.dll,0x00000000,{}
373819,2026-09-10T14:02:58.914269+00:00,134335225789142692,5832,Env.exe,Process,Load_Image,C:\Lab\sample\VIRUS\libwinpthread-1.dll,0x00000000,"{""Image Base"": 1689518080, ""Image Size"": 110592}"
373820,2026-09-10T14:02:58.914651+00:00,134335225789146519,5832,Env.exe,File_System,CloseFile,C:\Lab\sample\VIRUS\libwinpthread-1.dll,0x00000000,{}
373822,2026-09-10T14:02:58.914778+00:00,134335225789147784,5832,Env.exe,File_System,IRP_MJ_CLOSE,C:\Lab\sample\VIRUS\libwinpthread-1.dll,0x00000000,{}
373826,2026-09-10T14:02:58.915528+00:00,134335225789155286,5832,Env.exe,File_System,QueryOpen,C:\Lab\sample\VIRUS\libwinpthread-1.dll,0xc01c0004,{}
373831,2026-09-10T14:02:58.916671+00:00,134335225789166718,5832,Env.exe,File_System,CreateFile,C:\Lab\sample\VIRUS\libwinpthread-1.dll,0x00000000,"{""Desired Access"": ""Read Attributes"", ""Disposition"": ""Open"", ""Options"": ""Open Reparse Point"", ""Attributes"": ""n/a"", ""ShareMode"": ""Read, Write, Delete"", ""AllocationSize"": ""n/a"", ""OpenResult"": ""Opened""}"
373834,2026-09-10T14:02:58.916855+00:00,134335225789168559,5832,Env.exe,File_System,QueryBasicInformationFile,C:\Lab\sample\VIRUS\libwinpthread-1.dll,0x00000000,"{""CreationTime"": 134335221265114137, ""LastAccessTime"": 134335225789118826, ""LastWriteTime"": 133049000880000000, ""ChangeTime"": 134335221266376773, ""FileAttributes"": ""A""}"
373836,2026-09-10T14:02:58.916914+00:00,134335225789169148,5832,Env.exe,File_System,CloseFile,C:\Lab\sample\VIRUS\libwinpthread-1.dll,0x00000000,{}
373837,2026-09-10T14:02:58.917002+00:00,134335225789170025,5832,Env.exe,File_System,IRP_MJ_CLOSE,C:\Lab\sample\VIRUS\libwinpthread-1.dll,0x00000000,{}
373872,2026-09-10T14:02:58.924840+00:00,134335225789248401,5832,Env.exe,Process,Load_Image,C:\Lab\sample\VIRUS\Qt5Widgets.dll,0x00000000,"{""Image Base"": 1643905024, ""Image Size"": 6381568}"
373877,2026-09-10T14:02:58.925886+00:00,134335225789258861,5832,Env.exe,File_System,CloseFile,C:\Lab\sample\VIRUS\Qt5Widgets.dll,0x00000000,{}
373887,2026-09-10T14:02:58.928254+00:00,134335225789282542,5832,Env.exe,File_System,QueryOpen,C:\Lab\sample\VIRUS\dwmapi.dll,0xc01c0004,{}
373890,2026-09-10T14:02:58.928951+00:00,134335225789289516,5832,Env.exe,File_System,CreateFile,C:\Lab\sample\VIRUS\dwmapi.dll,0xc0000034,"{""Desired Access"": ""Read Attributes"", ""Disposition"": ""Open"", ""Options"": ""Open Reparse Point"", ""Attributes"": ""n/a"", ""ShareMode"": ""Read, Write, Delete"", ""AllocationSize"": ""n/a""}"
373897,2026-09-10T14:02:58.930128+00:00,134335225789301284,5832,Env.exe,File_System,QueryOpen,C:\Windows\SysWOW64\dwmapi.dll,0xc01c0004,{}
373899,2026-09-10T14:02:58.931091+00:00,134335225789310912,5832,Env.exe,File_System,CreateFile,C:\Windows\SysWOW64\dwmapi.dll,0x00000000,"{""Desired Access"": ""Read Attributes"", ""Disposition"": ""Open"", ""Options"": ""Open Reparse Point"", ""Attributes"": ""n/a"", ""ShareMode"": ""Read, Write, Delete"", ""AllocationSize"": ""n/a"", ""OpenResult"": ""Opened""}"
373902,2026-09-10T14:02:58.931917+00:00,134335225789319175,5832,Env.exe,File_System,QueryBasicInformationFile,C:\Windows\SysWOW64\dwmapi.dll,0x00000000,"{""CreationTime"": 132780004941519723, ""LastAccessTime"": 134335047709049410, ""LastWriteTime"": 132780004941675984, ""ChangeTime"": 134335053968540445, ""FileAttributes"": ""A""}"
373904,2026-09-10T14:02:58.931988+00:00,134335225789319881,5832,Env.exe,File_System,CloseFile,C:\Windows\SysWOW64\dwmapi.dll,0x00000000,{}
373906,2026-09-10T14:02:58.932081+00:00,134335225789320814,5832,Env.exe,File_System,IRP_MJ_CLOSE,C:\Windows\SysWOW64\dwmapi.dll,0x00000000,{}
373908,2026-09-10T14:02:58.932900+00:00,134335225789329004,5832,Env.exe,File_System,CreateFile,C:\Windows\SysWOW64\dwmapi.dll,0x00000000,"{""Desired Access"": ""Read Data/List Directory, Execute/Traverse, Synchronize"", ""Disposition"": ""Open"", ""Options"": ""Synchronous IO Non-Alert, Non-Directory File"", ""Attributes"": ""n/a"", ""ShareMode"": ""Read, Delete"", ""AllocationSize"": ""n/a"", ""OpenResult"": ""Opened""}"
373913,2026-09-10T14:02:58.933493+00:00,134335225789334937,5832,Env.exe,File_System,QueryEAFile,C:\Windows\SysWOW64\dwmapi.dll,0x00000000,{}
373916,2026-09-10T14:02:58.934180+00:00,134335225789341803,5832,Env.exe,File_System,CreateFileMapping,C:\Windows\SysWOW64\dwmapi.dll,0x0000012a,"{""SyncType"": ""SyncTypeCreateSection"", ""PageProtection"": ""PAGE_EXECUTE""}"
373918,2026-09-10T14:02:58.934543+00:00,134335225789345433,5832,Env.exe,File_System,FASTIO_RELEASE_FOR_SECTION_SYNCHRONIZATION,C:\Windows\SysWOW64\dwmapi.dll,0x00000000,{}
373920,2026-09-10T14:02:58.935222+00:00,134335225789352221,5832,Env.exe,File_System,CreateFileMapping,C:\Windows\SysWOW64\dwmapi.dll,0x00000000,"{""SyncType"": ""SyncTypeOther""}"
373921,2026-09-10T14:02:58.935281+00:00,134335225789352811,5832,Env.exe,File_System,FASTIO_RELEASE_FOR_SECTION_SYNCHRONIZATION,C:\Windows\SysWOW64\dwmapi.dll,0x00000000,{}
373923,2026-09-10T14:02:58.935915+00:00,134335225789359159,5832,Env.exe,Process,Load_Image,C:\Windows\SysWOW64\dwmapi.dll,0x00000000,"{""Image Base"": 1954611200, ""Image Size"": 155648}"
373926,2026-09-10T14:02:58.936259+00:00,134335225789362593,5832,Env.exe,File_System,ReadFile,C:\Windows\SysWOW64\dwmapi.dll,0x00000000,"{""Offset"": 66560, ""Length"": 29696, ""I/O Flags"": ""Non-cached, Paging I/O, Synchronous Paging I/O"", ""Priority"": ""Normal""}"
373935,2026-09-10T14:02:58.938670+00:00,134335225789386709,5832,Env.exe,File_System,ReadFile,C:\Windows\SysWOW64\dwmapi.dll,0x00000000,"{""Offset"": 104448, ""Length"": 512, ""I/O Flags"": ""Non-cached, Paging I/O, Synchronous Paging I/O"", ""Priority"": ""Normal""}"
373936,2026-09-10T14:02:58.939833+00:00,134335225789398336,5832,Env.exe,File_System,ReadFile,C:\Windows\SysWOW64\dwmapi.dll,0x00000000,"{""Offset"": 104960, ""Length"": 16384, ""I/O Flags"": ""Non-cached, Paging I/O, Synchronous Paging I/O"", ""Priority"": ""Normal""}"
373938,2026-09-10T14:02:58.940534+00:00,134335225789405346,5832,Env.exe,File_System,ReadFile,C:\Windows\SysWOW64\dwmapi.dll,0x00000000,"{""Offset"": 97280, ""Length"": 7168, ""I/O Flags"": ""Non-cached, Paging I/O, Synchronous Paging I/O"", ""Priority"": ""Normal""}"
373943,2026-09-10T14:02:58.941392+00:00,134335225789413929,5832,Env.exe,File_System,CloseFile,C:\Windows\SysWOW64\dwmapi.dll,0x00000000,{}
373944,2026-09-10T14:02:58.942569+00:00,134335225789425690,5832,Env.exe,File_System,QueryOpen,C:\Lab\sample\VIRUS\UxTheme.dll,0xc01c0004,{}
373945,2026-09-10T14:02:58.943247+00:00,134335225789432474,5832,Env.exe,File_System,CreateFile,C:\Lab\sample\VIRUS\UxTheme.dll,0xc0000034,"{""Desired Access"": ""Read Attributes"", ""Disposition"": ""Open"", ""Options"": ""Open Reparse Point"", ""Attributes"": ""n/a"", ""ShareMode"": ""Read, Write, Delete"", ""AllocationSize"": ""n/a""}"
373946,2026-09-10T14:02:58.943420+00:00,134335225789434205,5832,Env.exe,Process,Load_Image,C:\Windows\SysWOW64\winmm.dll,0x00000000,"{""Image Base"": 1956380672, ""Image Size"": 163840}"
373950,2026-09-10T14:02:58.945483+00:00,134335225789454832,5832,Env.exe,File_System,QueryOpen,C:\Windows\SysWOW64\uxtheme.dll,0xc01c0004,{}
373957,2026-09-10T14:02:58.946270+00:00,134335225789462703,5832,Env.exe,File_System,CreateFile,C:\Windows\SysWOW64\uxtheme.dll,0x00000000,"{""Desired Access"": ""Read Attributes"", ""Disposition"": ""Open"", ""Options"": ""Open Reparse Point"", ""Attributes"": ""n/a"", ""ShareMode"": ""Read, Write, Delete"", ""AllocationSize"": ""n/a"", ""OpenResult"": ""Opened""}"
373958,2026-09-10T14:02:58.946573+00:00,134335225789465736,5832,Env.exe,File_System,QueryBasicInformationFile,C:\Windows\SysWOW64\uxtheme.dll,0x00000000,"{""CreationTime"": 132780004835869418, ""LastAccessTime"": 134335225738475792, ""LastWriteTime"": 132780004836025651, ""ChangeTime"": 134335054262472879, ""FileAttributes"": ""A""}"
373959,2026-09-10T14:02:58.946642+00:00,134335225789466421,5832,Env.exe,File_System,CloseFile,C:\Windows\SysWOW64\uxtheme.dll,0x00000000,{}
373960,2026-09-10T14:02:58.946753+00:00,134335225789467531,5832,Env.exe,File_System,IRP_MJ_CLOSE,C:\Windows\SysWOW64\uxtheme.dll,0x00000000,{}
373961,2026-09-10T14:02:58.947607+00:00,134335225789476074,5832,Env.exe,File_System,CreateFile,C:\Windows\SysWOW64\uxtheme.dll,0x00000000,"{""Desired Access"": ""Read Data/List Directory, Execute/Traverse, Synchronize"", ""Disposition"": ""Open"", ""Options"": ""Synchronous IO Non-Alert, Non-Directory File"", ""Attributes"": ""n/a"", ""ShareMode"": ""Read, Delete"", ""AllocationSize"": ""n/a"", ""OpenResult"": ""Opened""}"
373962,2026-09-10T14:02:58.948053+00:00,134335225789480534,5832,Env.exe,File_System,CreateFileMapping,C:\Windows\SysWOW64\uxtheme.dll,0x0000012a,"{""SyncType"": ""SyncTypeCreateSection"", ""PageProtection"": ""PAGE_EXECUTE""}"
373963,2026-09-10T14:02:58.948146+00:00,134335225789481465,5832,Env.exe,File_System,FASTIO_RELEASE_FOR_SECTION_SYNCHRONIZATION,C:\Windows\SysWOW64\uxtheme.dll,0x00000000,{}
373964,2026-09-10T14:02:58.948209+00:00,134335225789482098,5832,Env.exe,File_System,CreateFileMapping,C:\Windows\SysWOW64\uxtheme.dll,0x00000000,"{""SyncType"": ""SyncTypeOther""}"
373965,2026-09-10T14:02:58.948254+00:00,134335225789482545,5832,Env.exe,File_System,FASTIO_RELEASE_FOR_SECTION_SYNCHRONIZATION,C:\Windows\SysWOW64\uxtheme.dll,0x00000000,{}
373968,2026-09-10T14:02:58.948832+00:00,134335225789488320,5832,Env.exe,Process,Load_Image,C:\Windows\SysWOW64\uxtheme.dll,0x00000000,"{""Image Base"": 1955725312, ""Image Size"": 475136}"
373974,2026-09-10T14:02:58.949479+00:00,134335225789494794,5832,Env.exe,File_System,CloseFile,C:\Windows\SysWOW64\uxtheme.dll,0x00000000,{}
373976,2026-09-10T14:02:58.949594+00:00,134335225789495946,5832,Env.exe,File_System,IRP_MJ_CLOSE,C:\Windows\SysWOW64\uxtheme.dll,0x00000000,{}
373977,2026-09-10T14:02:58.950442+00:00,134335225789504421,5832,Env.exe,File_System,QueryOpen,C:\Lab\sample\VIRUS\Qt5Gui.dll,0xc01c0004,{}
373981,2026-09-10T14:02:58.951100+00:00,134335225789511000,5832,Env.exe,File_System,CreateFile,C:\Lab\sample\VIRUS\Qt5Gui.dll,0x00000000,"{""Desired Access"": ""Read Attributes"", ""Disposition"": ""Open"", ""Options"": ""Open Reparse Point"", ""Attributes"": ""n/a"", ""ShareMode"": ""Read, Write, Delete"", ""AllocationSize"": ""n/a"", ""OpenResult"": ""Opened""}"
373984,2026-09-10T14:02:58.951277+00:00,134335225789512777,5832,Env.exe,File_System,QueryBasicInformationFile,C:\Lab\sample\VIRUS\Qt5Gui.dll,0x00000000,"{""CreationTime"": 134335221281982034, ""LastAccessTime"": 134335225713483167, ""LastWriteTime"": 133048999740000000, ""ChangeTime"": 134335221303091762, ""FileAttributes"": ""A""}"
373986,2026-09-10T14:02:58.951337+00:00,134335225789513374,5832,Env.exe,File_System,CloseFile,C:\Lab\sample\VIRUS\Qt5Gui.dll,0x00000000,{}
373988,2026-09-10T14:02:58.951427+00:00,134335225789514276,5832,Env.exe,File_System,IRP_MJ_CLOSE,C:\Lab\sample\VIRUS\Qt5Gui.dll,0x00000000,{}
373991,2026-09-10T14:02:58.952169+00:00,134335225789521696,5832,Env.exe,File_System,CreateFile,C:\Lab\sample\VIRUS\Qt5Gui.dll,0x00000000,"{""Desired Access"": ""Read Data/List Directory, Execute/Traverse, Synchronize"", ""Disposition"": ""Open"", ""Options"": ""Synchronous IO Non-Alert, Non-Directory File"", ""Attributes"": ""n/a"", ""ShareMode"": ""Read, Delete"", ""AllocationSize"": ""n/a"", ""OpenResult"": ""Opened""}"
373992,2026-09-10T14:02:58.952489+00:00,134335225789524893,5832,Env.exe,File_System,CreateFileMapping,C:\Lab\sample\VIRUS\Qt5Gui.dll,0x0000012a,"{""SyncType"": ""SyncTypeCreateSection"", ""PageProtection"": ""PAGE_EXECUTE""}"
373993,2026-09-10T14:02:58.952559+00:00,134335225789525597,5832,Env.exe,File_System,QueryStandardInformationFile,C:\Lab\sample\VIRUS\Qt5Gui.dll,0x00000000,"{""AllocationSize"": 6205440, ""EndOfFile"": 6205440, ""NumberOfLinks"": 1, ""DeletePending"": false, ""Directory"": false}"
373995,2026-09-10T14:02:58.952676+00:00,134335225789526765,5832,Env.exe,File_System,FASTIO_ACQUIRE_FOR_CC_FLUSH,C:\Lab\sample\VIRUS\Qt5Gui.dll,0x00000000,{}
373999,2026-09-10T14:02:58.953023+00:00,134335225789530232,5832,Env.exe,File_System,FASTIO_RELEASE_FOR_CC_FLUSH,C:\Lab\sample\VIRUS\Qt5Gui.dll,0x00000000,{}
374000,2026-09-10T14:02:58.953378+00:00,134335225789533781,5832,Env.exe,File_System,FASTIO_RELEASE_FOR_SECTION_SYNCHRONIZATION,C:\Lab\sample\VIRUS\Qt5Gui.dll,0x00000000,{}
374001,2026-09-10T14:02:58.953464+00:00,134335225789534647,5832,Env.exe,File_System,CreateFileMapping,C:\Lab\sample\VIRUS\Qt5Gui.dll,0x00000000,"{""SyncType"": ""SyncTypeOther""}"
374002,2026-09-10T14:02:58.953510+00:00,134335225789535105,5832,Env.exe,File_System,FASTIO_RELEASE_FOR_SECTION_SYNCHRONIZATION,C:\Lab\sample\VIRUS\Qt5Gui.dll,0x00000000,{}
374004,2026-09-10T14:02:58.954017+00:00,134335225789540172,5832,Env.exe,Process,Load_Image,C:\Lab\sample\VIRUS\Qt5Gui.dll,0x00000000,"{""Image Base"": 14352384, ""Image Size"": 6250496}"
374006,2026-09-10T14:02:58.954344+00:00,134335225789543446,5832,Env.exe,File_System,CloseFile,C:\Lab\sample\VIRUS\Qt5Gui.dll,0x00000000,{}
374012,2026-09-10T14:02:58.955379+00:00,134335225789553795,5832,Env.exe,File_System,CloseFile,C:\Windows\SysWOW64\winmm.dll,0x00000000,{}
374013,2026-09-10T14:02:58.955473+00:00,134335225789554736,5832,Env.exe,File_System,IRP_MJ_CLOSE,C:\Windows\SysWOW64\winmm.dll,0x00000000,{}
374015,2026-09-10T14:02:58.956417+00:00,134335225789564172,5832,Env.exe,File_System,QueryOpen,C:\Lab\sample\VIRUS\Qt5Gui.dll,0xc01c0004,{}
374017,2026-09-10T14:02:58.957084+00:00,134335225789570844,5832,Env.exe,File_System,CreateFile,C:\Lab\sample\VIRUS\Qt5Gui.dll,0x00000000,"{""Desired Access"": ""Read Attributes"", ""Disposition"": ""Open"", ""Options"": ""Open Reparse Point"", ""Attributes"": ""n/a"", ""ShareMode"": ""Read, Write, Delete"", ""AllocationSize"": ""n/a"", ""OpenResult"": ""Opened""}"
374020,2026-09-10T14:02:58.957267+00:00,134335225789572670,5832,Env.exe,File_System,QueryBasicInformationFile,C:\Lab\sample\VIRUS\Qt5Gui.dll,0x00000000,"{""CreationTime"": 134335221281982034, ""LastAccessTime"": 134335225789568980, ""LastWriteTime"": 133048999740000000, ""ChangeTime"": 134335221303091762, ""FileAttributes"": ""A""}"
374022,2026-09-10T14:02:58.957327+00:00,134335225789573275,5832,Env.exe,File_System,CloseFile,C:\Lab\sample\VIRUS\Qt5Gui.dll,0x00000000,{}
374023,2026-09-10T14:02:58.957414+00:00,134335225789574144,5832,Env.exe,File_System,IRP_MJ_CLOSE,C:\Lab\sample\VIRUS\Qt5Gui.dll,0x00000000,{}
374025,2026-09-10T14:02:58.958160+00:00,134335225789581605,5832,Env.exe,File_System,CreateFile,C:\Lab\sample\VIRUS\Qt5Gui.dll,0x00000000,"{""Desired Access"": ""Read Data/List Directory, Execute/Traverse, Synchronize"", ""Disposition"": ""Open"", ""Options"": ""Synchronous IO Non-Alert, Non-Directory File"", ""Attributes"": ""n/a"", ""ShareMode"": ""Read, Delete"", ""AllocationSize"": ""n/a"", ""OpenResult"": ""Opened""}"
374028,2026-09-10T14:02:58.958476+00:00,134335225789584766,5832,Env.exe,File_System,CreateFileMapping,C:\Lab\sample\VIRUS\Qt5Gui.dll,0x0000012a,"{""SyncType"": ""SyncTypeCreateSection"", ""PageProtection"": ""PAGE_EXECUTE""}"
374030,2026-09-10T14:02:58.958546+00:00,134335225789585463,5832,Env.exe,File_System,FASTIO_RELEASE_FOR_SECTION_SYNCHRONIZATION,C:\Lab\sample\VIRUS\Qt5Gui.dll,0x00000000,{}
374032,2026-09-10T14:02:58.958665+00:00,134335225789586652,5832,Env.exe,File_System,CreateFileMapping,C:\Lab\sample\VIRUS\Qt5Gui.dll,0x00000000,"{""SyncType"": ""SyncTypeOther""}"
374033,2026-09-10T14:02:58.958717+00:00,134335225789587171,5832,Env.exe,File_System,FASTIO_RELEASE_FOR_SECTION_SYNCHRONIZATION,C:\Lab\sample\VIRUS\Qt5Gui.dll,0x00000000,{}
374036,2026-09-10T14:02:58.959187+00:00,134335225789591874,5832,Env.exe,Process,Load_Image,C:\Lab\sample\VIRUS\Qt5Gui.dll,0x00000000,"{""Image Base"": 14352384, ""Image Size"": 6250496}"
374358,2026-09-10T14:02:59.034016+00:00,134335225790340162,5832,Env.exe,File_System,CloseFile,C:\Lab\sample\VIRUS\Qt5Gui.dll,0x00000000,{}
374361,2026-09-10T14:02:59.034160+00:00,134335225790341609,5832,Env.exe,File_System,IRP_MJ_CLOSE,C:\Lab\sample\VIRUS\Qt5Gui.dll,0x00000000,{}
374387,2026-09-10T14:02:59.039516+00:00,134335225790395162,5832,Env.exe,File_System,CreateFile,C:\Windows\SysWOW64\msvcrt.dll,0x00000000,"{""Desired Access"": ""Read Control"", ""Disposition"": ""Open"", ""Options"": """", ""Attributes"": ""n/a"", ""ShareMode"": ""Read, Delete"", ""AllocationSize"": ""n/a"", ""OpenResult"": ""Opened""}"
374388,2026-09-10T14:02:59.039914+00:00,134335225790399147,5832,Env.exe,File_System,QuerySecurityFile,C:\Windows\SysWOW64\msvcrt.dll,0x80000005,"{""Information"": ""Owner""}"
374389,2026-09-10T14:02:59.040013+00:00,134335225790400131,5832,Env.exe,File_System,QuerySecurityFile,C:\Windows\SysWOW64\msvcrt.dll,0x00000000,"{""Information"": ""Owner""}"
374390,2026-09-10T14:02:59.040099+00:00,134335225790400997,5832,Env.exe,File_System,CloseFile,C:\Windows\SysWOW64\msvcrt.dll,0x00000000,{}
374392,2026-09-10T14:02:59.040202+00:00,134335225790402027,5832,Env.exe,File_System,IRP_MJ_CLOSE,C:\Windows\SysWOW64\msvcrt.dll,0x00000000,{}
374400,2026-09-10T14:02:59.041194+00:00,134335225790411944,5832,Env.exe,File_System,CreateFile,C:\Windows\SysWOW64\rpcrt4.dll,0x00000000,"{""Desired Access"": ""Read Control"", ""Disposition"": ""Open"", ""Options"": """", ""Attributes"": ""n/a"", ""ShareMode"": ""Read, Delete"", ""AllocationSize"": ""n/a"", ""OpenResult"": ""Opened""}"
374403,2026-09-10T14:02:59.041901+00:00,134335225790419011,5832,Env.exe,File_System,QuerySecurityFile,C:\Windows\SysWOW64\rpcrt4.dll,0x80000005,"{""Information"": ""Owner""}"
374404,2026-09-10T14:02:59.041983+00:00,134335225790419836,5832,Env.exe,File_System,QuerySecurityFile,C:\Windows\SysWOW64\rpcrt4.dll,0x00000000,"{""Information"": ""Owner""}"
374405,2026-09-10T14:02:59.042051+00:00,134335225790420516,5832,Env.exe,File_System,CloseFile,C:\Windows\SysWOW64\rpcrt4.dll,0x00000000,{}
374406,2026-09-10T14:02:59.042145+00:00,134335225790421459,5832,Env.exe,File_System,IRP_MJ_CLOSE,C:\Windows\SysWOW64\rpcrt4.dll,0x00000000,{}
374412,2026-09-10T14:02:59.043127+00:00,134335225790431274,5832,Env.exe,File_System,CreateFile,C:\Windows\SysWOW64\sechost.dll,0x00000000,"{""Desired Access"": ""Read Control"", ""Disposition"": ""Open"", ""Options"": """", ""Attributes"": ""n/a"", ""ShareMode"": ""Read, Delete"", ""AllocationSize"": ""n/a"", ""OpenResult"": ""Opened""}"
374413,2026-09-10T14:02:59.043423+00:00,134335225790434234,5832,Env.exe,File_System,QuerySecurityFile,C:\Windows\SysWOW64\sechost.dll,0x80000005,"{""Information"": ""Owner""}"
374414,2026-09-10T14:02:59.043497+00:00,134335225790434974,5832,Env.exe,File_System,QuerySecurityFile,C:\Windows\SysWOW64\sechost.dll,0x00000000,"{""Information"": ""Owner""}"
374415,2026-09-10T14:02:59.043563+00:00,134335225790435638,5832,Env.exe,File_System,CloseFile,C:\Windows\SysWOW64\sechost.dll,0x00000000,{}
374416,2026-09-10T14:02:59.043647+00:00,134335225790436477,5832,Env.exe,File_System,IRP_MJ_CLOSE,C:\Windows\SysWOW64\sechost.dll,0x00000000,{}
374422,2026-09-10T14:02:59.044546+00:00,134335225790445469,5832,Env.exe,File_System,CreateFile,C:\Windows\SysWOW64\advapi32.dll,0x00000000,"{""Desired Access"": ""Read Control"", ""Disposition"": ""Open"", ""Options"": """", ""Attributes"": ""n/a"", ""ShareMode"": ""Read, Delete"", ""AllocationSize"": ""n/a"", ""OpenResult"": ""Opened""}"
374423,2026-09-10T14:02:59.044832+00:00,134335225790448322,5832,Env.exe,File_System,QuerySecurityFile,C:\Windows\SysWOW64\advapi32.dll,0x80000005,"{""Information"": ""Owner""}"
374424,2026-09-10T14:02:59.044902+00:00,134335225790449026,5832,Env.exe,File_System,QuerySecurityFile,C:\Windows\SysWOW64\advapi32.dll,0x00000000,"{""Information"": ""Owner""}"
374425,2026-09-10T14:02:59.044964+00:00,134335225790449648,5832,Env.exe,File_System,CloseFile,C:\Windows\SysWOW64\advapi32.dll,0x00000000,{}
374426,2026-09-10T14:02:59.045048+00:00,134335225790450483,5832,Env.exe,File_System,IRP_MJ_CLOSE,C:\Windows\SysWOW64\advapi32.dll,0x00000000,{}
374430,2026-09-10T14:02:59.045480+00:00,134335225790454804,5832,Env.exe,Registry,RegOpenKey,HKLM\Software\WOW6432Node\Microsoft\Windows NT\CurrentVersion\Image File Execution Options,0x00000104,"{""Desired Access"": ""Query Value, Enumerate Sub Keys""}"
374433,2026-09-10T14:02:59.045786+00:00,134335225790457865,5832,Env.exe,Registry,RegOpenKey,HKLM\SOFTWARE\Microsoft\Windows NT\CurrentVersion\Image File Execution Options,0x00000000,"{""Desired Access"": ""Query Value, Enumerate Sub Keys""}"
374434,2026-09-10T14:02:59.045993+00:00,134335225790459937,5832,Env.exe,Registry,RegSetInfoKey,HKLM\SOFTWARE\Microsoft\Windows NT\CurrentVersion\Image File Execution Options,0x00000000,"{""KeySetInformationClass"": ""KeySetHandleTagsInformation"", ""Length"": 0}"
374435,2026-09-10T14:02:59.046186+00:00,134335225790461868,5832,Env.exe,Registry,RegQueryKey,HKLM\SOFTWARE\Microsoft\Windows NT\CurrentVersion\Image File Execution Options,0x00000000,"{""Query"": ""HandleTags"", ""HandleTags"": 1024}"
374436,2026-09-10T14:02:59.046303+00:00,134335225790463035,5832,Env.exe,Registry,RegOpenKey,HKLM\SOFTWARE\Microsoft\Windows NT\CurrentVersion\Image File Execution Options\DllNXOptions,0xc0000034,"{""Desired Access"": ""Query Value, Enumerate Sub Keys""}"
374442,2026-09-10T14:02:59.047330+00:00,134335225790473308,5832,Env.exe,File_System,CreateFile,C:\Lab\sample\VIRUS\libwinpthread-1.dll,0x00000000,"{""Desired Access"": ""Read Control"", ""Disposition"": ""Open"", ""Options"": """", ""Attributes"": ""n/a"", ""ShareMode"": ""Read, Delete"", ""AllocationSize"": ""n/a"", ""OpenResult"": ""Opened""}"
374443,2026-09-10T14:02:59.047588+00:00,134335225790475882,5832,Env.exe,File_System,QuerySecurityFile,C:\Lab\sample\VIRUS\libwinpthread-1.dll,0x80000005,"{""Information"": ""Owner""}"
374444,2026-09-10T14:02:59.047663+00:00,134335225790476638,5832,Env.exe,File_System,QuerySecurityFile,C:\Lab\sample\VIRUS\libwinpthread-1.dll,0x00000000,"{""Information"": ""Owner""}"
374446,2026-09-10T14:02:59.047743+00:00,134335225790477431,5832,Env.exe,File_System,CloseFile,C:\Lab\sample\VIRUS\libwinpthread-1.dll,0x00000000,{}
374447,2026-09-10T14:02:59.047832+00:00,134335225790478321,5832,Env.exe,File_System,IRP_MJ_CLOSE,C:\Lab\sample\VIRUS\libwinpthread-1.dll,0x00000000,{}
374654,2026-09-10T14:02:59.067881+00:00,134335225790678815,5832,Env.exe,Profiling,Process_Profiling,,0x00000000,"{""User Time"": 0, ""Kernel Time"": 2968750, ""Private Bytes"": 6381568, ""Working Set"": 10760192}"
374762,2026-09-10T14:02:59.089940+00:00,134335225790899409,5832,Env.exe,Registry,RegQueryKey,HKLM\SOFTWARE\Microsoft\Windows NT\CurrentVersion\Image File Execution Options,0x00000000,"{""Query"": ""HandleTags"", ""HandleTags"": 1024}"
374765,2026-09-10T14:02:59.090098+00:00,134335225790900989,5832,Env.exe,Registry,RegOpenKey,HKLM\SOFTWARE\Microsoft\Windows NT\CurrentVersion\Image File Execution Options\DllNXOptions,0xc0000034,"{""Desired Access"": ""Query Value, Enumerate Sub Keys""}"
374770,2026-09-10T14:02:59.091232+00:00,134335225790912324,5832,Env.exe,File_System,CreateFile,C:\Lab\sample\VIRUS\libgcc_s_dw2-1.dll,0x00000000,"{""Desired Access"": ""Read Control"", ""Disposition"": ""Open"", ""Options"": """", ""Attributes"": ""n/a"", ""ShareMode"": ""Read, Delete"", ""AllocationSize"": ""n/a"", ""OpenResult"": ""Opened""}"
374771,2026-09-10T14:02:59.091474+00:00,134335225790914741,5832,Env.exe,File_System,QuerySecurityFile,C:\Lab\sample\VIRUS\libgcc_s_dw2-1.dll,0x80000005,"{""Information"": ""Owner""}"
374772,2026-09-10T14:02:59.091557+00:00,134335225790915576,5832,Env.exe,File_System,QuerySecurityFile,C:\Lab\sample\VIRUS\libgcc_s_dw2-1.dll,0x00000000,"{""Information"": ""Owner""}"
374774,2026-09-10T14:02:59.091626+00:00,134335225790916266,5832,Env.exe,File_System,CloseFile,C:\Lab\sample\VIRUS\libgcc_s_dw2-1.dll,0x00000000,{}
374775,2026-09-10T14:02:59.091724+00:00,134335225790917241,5832,Env.exe,File_System,IRP_MJ_CLOSE,C:\Lab\sample\VIRUS\libgcc_s_dw2-1.dll,0x00000000,{}
374783,2026-09-10T14:02:59.092570+00:00,134335225790925705,5832,Env.exe,File_System,CreateFile,C:\Windows\SysWOW64\mpr.dll,0x00000000,"{""Desired Access"": ""Read Control"", ""Disposition"": ""Open"", ""Options"": """", ""Attributes"": ""n/a"", ""ShareMode"": ""Read, Delete"", ""AllocationSize"": ""n/a"", ""OpenResult"": ""Opened""}"
374784,2026-09-10T14:02:59.092901+00:00,134335225790929016,5832,Env.exe,File_System,QuerySecurityFile,C:\Windows\SysWOW64\mpr.dll,0x80000005,"{""Information"": ""Owner""}"
374785,2026-09-10T14:02:59.092981+00:00,134335225790929819,5832,Env.exe,File_System,QuerySecurityFile,C:\Windows\SysWOW64\mpr.dll,0x00000000,"{""Information"": ""Owner""}"
374786,2026-09-10T14:02:59.093044+00:00,134335225790930446,5832,Env.exe,File_System,CloseFile,C:\Windows\SysWOW64\mpr.dll,0x00000000,{}
374787,2026-09-10T14:02:59.093128+00:00,134335225790931284,5832,Env.exe,File_System,IRP_MJ_CLOSE,C:\Windows\SysWOW64\mpr.dll,0x00000000,{}
374794,2026-09-10T14:02:59.094029+00:00,134335225790940299,5832,Env.exe,File_System,CreateFile,C:\Windows\SysWOW64\ucrtbase.dll,0x00000000,"{""Desired Access"": ""Read Control"", ""Disposition"": ""Open"", ""Options"": """", ""Attributes"": ""n/a"", ""ShareMode"": ""Read, Delete"", ""AllocationSize"": ""n/a"", ""OpenResult"": ""Opened""}"
374797,2026-09-10T14:02:59.094306+00:00,134335225790943069,5832,Env.exe,File_System,QuerySecurityFile,C:\Windows\SysWOW64\ucrtbase.dll,0x80000005,"{""Information"": ""Owner""}"
374798,2026-09-10T14:02:59.094377+00:00,134335225790943779,5832,Env.exe,File_System,QuerySecurityFile,C:\Windows\SysWOW64\ucrtbase.dll,0x00000000,"{""Information"": ""Owner""}"
374799,2026-09-10T14:02:59.094443+00:00,134335225790944437,5832,Env.exe,File_System,CloseFile,C:\Windows\SysWOW64\ucrtbase.dll,0x00000000,{}
374800,2026-09-10T14:02:59.094526+00:00,134335225790945263,5832,Env.exe,File_System,IRP_MJ_CLOSE,C:\Windows\SysWOW64\ucrtbase.dll,0x00000000,{}
374802,2026-09-10T14:02:59.095391+00:00,134335225790953911,5832,Env.exe,File_System,CreateFile,C:\Windows\SysWOW64\combase.dll,0x00000000,"{""Desired Access"": ""Read Control"", ""Disposition"": ""Open"", ""Options"": """", ""Attributes"": ""n/a"", ""ShareMode"": ""Read, Delete"", ""AllocationSize"": ""n/a"", ""OpenResult"": ""Opened""}"
374806,2026-09-10T14:02:59.095666+00:00,134335225790956661,5832,Env.exe,File_System,QuerySecurityFile,C:\Windows\SysWOW64\combase.dll,0x80000005,"{""Information"": ""Owner""}"
374808,2026-09-10T14:02:59.095744+00:00,134335225790957444,5832,Env.exe,File_System,QuerySecurityFile,C:\Windows\SysWOW64\combase.dll,0x00000000,"{""Information"": ""Owner""}"
374810,2026-09-10T14:02:59.095806+00:00,134335225790958062,5832,Env.exe,File_System,CloseFile,C:\Windows\SysWOW64\combase.dll,0x00000000,{}
374812,2026-09-10T14:02:59.095889+00:00,134335225790958890,5832,Env.exe,File_System,IRP_MJ_CLOSE,C:\Windows\SysWOW64\combase.dll,0x00000000,{}
374814,2026-09-10T14:02:59.096836+00:00,134335225790968364,5832,Env.exe,File_System,CreateFile,C:\Windows\SysWOW64\win32u.dll,0x00000000,"{""Desired Access"": ""Read Control"", ""Disposition"": ""Open"", ""Options"": """", ""Attributes"": ""n/a"", ""ShareMode"": ""Read, Delete"", ""AllocationSize"": ""n/a"", ""OpenResult"": ""Opened""}"
374817,2026-09-10T14:02:59.097106+00:00,134335225790971062,5832,Env.exe,File_System,QuerySecurityFile,C:\Windows\SysWOW64\win32u.dll,0x80000005,"{""Information"": ""Owner""}"
374819,2026-09-10T14:02:59.097175+00:00,134335225790971755,5832,Env.exe,File_System,QuerySecurityFile,C:\Windows\SysWOW64\win32u.dll,0x00000000,"{""Information"": ""Owner""}"
374821,2026-09-10T14:02:59.097304+00:00,134335225790973048,5832,Env.exe,File_System,CloseFile,C:\Windows\SysWOW64\win32u.dll,0x00000000,{}
374824,2026-09-10T14:02:59.097517+00:00,134335225790975179,5832,Env.exe,File_System,IRP_MJ_CLOSE,C:\Windows\SysWOW64\win32u.dll,0x00000000,{}
374827,2026-09-10T14:02:59.098382+00:00,134335225790983823,5832,Env.exe,File_System,CreateFile,C:\Windows\SysWOW64\msvcp_win.dll,0x00000000,"{""Desired Access"": ""Read Control"", ""Disposition"": ""Open"", ""Options"": """", ""Attributes"": ""n/a"", ""ShareMode"": ""Read, Delete"", ""AllocationSize"": ""n/a"", ""OpenResult"": ""Opened""}"
374829,2026-09-10T14:02:59.098579+00:00,134335225790985797,5832,Env.exe,File_System,QuerySecurityFile,C:\Windows\SysWOW64\msvcp_win.dll,0x80000005,"{""Information"": ""Owner""}"
374831,2026-09-10T14:02:59.098648+00:00,134335225790986481,5832,Env.exe,File_System,QuerySecurityFile,C:\Windows\SysWOW64\msvcp_win.dll,0x00000000,"{""Information"": ""Owner""}"
374833,2026-09-10T14:02:59.098722+00:00,134335225790987224,5832,Env.exe,File_System,CloseFile,C:\Windows\SysWOW64\msvcp_win.dll,0x00000000,{}
374835,2026-09-10T14:02:59.098808+00:00,134335225790988080,5832,Env.exe,File_System,IRP_MJ_CLOSE,C:\Windows\SysWOW64\msvcp_win.dll,0x00000000,{}
374840,2026-09-10T14:02:59.099653+00:00,134335225790996539,5832,Env.exe,File_System,CreateFile,C:\Windows\SysWOW64\user32.dll,0x00000000,"{""Desired Access"": ""Read Control"", ""Disposition"": ""Open"", ""Options"": """", ""Attributes"": ""n/a"", ""ShareMode"": ""Read, Delete"", ""AllocationSize"": ""n/a"", ""OpenResult"": ""Opened""}"
374842,2026-09-10T14:02:59.099927+00:00,134335225790999271,5832,Env.exe,File_System,QuerySecurityFile,C:\Windows\SysWOW64\user32.dll,0x80000005,"{""Information"": ""Owner""}"
374843,2026-09-10T14:02:59.099995+00:00,134335225790999956,5832,Env.exe,File_System,QuerySecurityFile,C:\Windows\SysWOW64\user32.dll,0x00000000,"{""Information"": ""Owner""}"
374845,2026-09-10T14:02:59.100055+00:00,134335225791000555,5832,Env.exe,File_System,CloseFile,C:\Windows\SysWOW64\user32.dll,0x00000000,{}
374847,2026-09-10T14:02:59.100138+00:00,134335225791001385,5832,Env.exe,File_System,IRP_MJ_CLOSE,C:\Windows\SysWOW64\user32.dll,0x00000000,{}
374875,2026-09-10T14:02:59.104992+00:00,134335225791049926,5832,Env.exe,File_System,CreateFile,C:\Windows\SysWOW64\gdi32full.dll,0x00000000,"{""Desired Access"": ""Read Control"", ""Disposition"": ""Open"", ""Options"": """", ""Attributes"": ""n/a"", ""ShareMode"": ""Read, Delete"", ""AllocationSize"": ""n/a"", ""OpenResult"": ""Opened""}"
374876,2026-09-10T14:02:59.105213+00:00,134335225791052139,5832,Env.exe,File_System,QuerySecurityFile,C:\Windows\SysWOW64\gdi32full.dll,0x80000005,"{""Information"": ""Owner""}"
374878,2026-09-10T14:02:59.105341+00:00,134335225791053417,5832,Env.exe,File_System,QuerySecurityFile,C:\Windows\SysWOW64\gdi32full.dll,0x00000000,"{""Information"": ""Owner""}"
374880,2026-09-10T14:02:59.105539+00:00,134335225791055394,5832,Env.exe,File_System,CloseFile,C:\Windows\SysWOW64\gdi32full.dll,0x00000000,{}
374882,2026-09-10T14:02:59.105675+00:00,134335225791056757,5832,Env.exe,File_System,IRP_MJ_CLOSE,C:\Windows\SysWOW64\gdi32full.dll,0x00000000,{}
374884,2026-09-10T14:02:59.106825+00:00,134335225791068259,5832,Env.exe,File_System,CreateFile,C:\Windows\SysWOW64\gdi32.dll,0x00000000,"{""Desired Access"": ""Read Control"", ""Disposition"": ""Open"", ""Options"": """", ""Attributes"": ""n/a"", ""ShareMode"": ""Read, Delete"", ""AllocationSize"": ""n/a"", ""OpenResult"": ""Opened""}"
374886,2026-09-10T14:02:59.107284+00:00,134335225791072842,5832,Env.exe,File_System,QuerySecurityFile,C:\Windows\SysWOW64\gdi32.dll,0x80000005,"{""Information"": ""Owner""}"
374887,2026-09-10T14:02:59.107370+00:00,134335225791073703,5832,Env.exe,File_System,QuerySecurityFile,C:\Windows\SysWOW64\gdi32.dll,0x00000000,"{""Information"": ""Owner""}"
374888,2026-09-10T14:02:59.107440+00:00,134335225791074408,5832,Env.exe,File_System,CloseFile,C:\Windows\SysWOW64\gdi32.dll,0x00000000,{}
374889,2026-09-10T14:02:59.107536+00:00,134335225791075364,5832,Env.exe,File_System,IRP_MJ_CLOSE,C:\Windows\SysWOW64\gdi32.dll,0x00000000,{}
374891,2026-09-10T14:02:59.108509+00:00,134335225791085099,5832,Env.exe,File_System,CreateFile,C:\Windows\SysWOW64\ole32.dll,0x00000000,"{""Desired Access"": ""Read Control"", ""Disposition"": ""Open"", ""Options"": """", ""Attributes"": ""n/a"", ""ShareMode"": ""Read, Delete"", ""AllocationSize"": ""n/a"", ""OpenResult"": ""Opened""}"
374892,2026-09-10T14:02:59.108823+00:00,134335225791088234,5832,Env.exe,File_System,QuerySecurityFile,C:\Windows\SysWOW64\ole32.dll,0x80000005,"{""Information"": ""Owner""}"
374893,2026-09-10T14:02:59.108896+00:00,134335225791088968,5832,Env.exe,File_System,QuerySecurityFile,C:\Windows\SysWOW64\ole32.dll,0x00000000,"{""Information"": ""Owner""}"
374894,2026-09-10T14:02:59.108961+00:00,134335225791089612,5832,Env.exe,File_System,CloseFile,C:\Windows\SysWOW64\ole32.dll,0x00000000,{}
374895,2026-09-10T14:02:59.109049+00:00,134335225791090494,5832,Env.exe,File_System,IRP_MJ_CLOSE,C:\Windows\SysWOW64\ole32.dll,0x00000000,{}
374897,2026-09-10T14:02:59.110204+00:00,134335225791102045,5832,Env.exe,File_System,CreateFile,C:\Windows\SysWOW64\shell32.dll,0x00000000,"{""Desired Access"": ""Read Control"", ""Disposition"": ""Open"", ""Options"": """", ""Attributes"": ""n/a"", ""ShareMode"": ""Read, Delete"", ""AllocationSize"": ""n/a"", ""OpenResult"": ""Opened""}"
374898,2026-09-10T14:02:59.110487+00:00,134335225791104875,5832,Env.exe,File_System,QuerySecurityFile,C:\Windows\SysWOW64\shell32.dll,0x80000005,"{""Information"": ""Owner""}"
374899,2026-09-10T14:02:59.110559+00:00,134335225791105599,5832,Env.exe,File_System,QuerySecurityFile,C:\Windows\SysWOW64\shell32.dll,0x00000000,"{""Information"": ""Owner""}"
374901,2026-09-10T14:02:59.110650+00:00,134335225791106500,5832,Env.exe,File_System,CloseFile,C:\Windows\SysWOW64\shell32.dll,0x00000000,{}
374902,2026-09-10T14:02:59.110747+00:00,134335225791107476,5832,Env.exe,File_System,IRP_MJ_CLOSE,C:\Windows\SysWOW64\shell32.dll,0x00000000,{}
374904,2026-09-10T14:02:59.111945+00:00,134335225791119453,5832,Env.exe,File_System,CreateFile,C:\Windows\SysWOW64\version.dll,0x00000000,"{""Desired Access"": ""Read Control"", ""Disposition"": ""Open"", ""Options"": """", ""Attributes"": ""n/a"", ""ShareMode"": ""Read, Delete"", ""AllocationSize"": ""n/a"", ""OpenResult"": ""Opened""}"
374905,2026-09-10T14:02:59.112223+00:00,134335225791122236,5832,Env.exe,File_System,QuerySecurityFile,C:\Windows\SysWOW64\version.dll,0x80000005,"{""Information"": ""Owner""}"
374906,2026-09-10T14:02:59.112295+00:00,134335225791122954,5832,Env.exe,File_System,QuerySecurityFile,C:\Windows\SysWOW64\version.dll,0x00000000,"{""Information"": ""Owner""}"
374907,2026-09-10T14:02:59.112362+00:00,134335225791123624,5832,Env.exe,File_System,CloseFile,C:\Windows\SysWOW64\version.dll,0x00000000,{}
374908,2026-09-10T14:02:59.112447+00:00,134335225791124478,5832,Env.exe,File_System,IRP_MJ_CLOSE,C:\Windows\SysWOW64\version.dll,0x00000000,{}
374910,2026-09-10T14:02:59.113284+00:00,134335225791132844,5832,Env.exe,File_System,CreateFile,C:\Windows\SysWOW64\winmm.dll,0x00000000,"{""Desired Access"": ""Read Control"", ""Disposition"": ""Open"", ""Options"": """", ""Attributes"": ""n/a"", ""ShareMode"": ""Read, Delete"", ""AllocationSize"": ""n/a"", ""OpenResult"": ""Opened""}"
374911,2026-09-10T14:02:59.113567+00:00,134335225791135674,5832,Env.exe,File_System,QuerySecurityFile,C:\Windows\SysWOW64\winmm.dll,0x80000005,"{""Information"": ""Owner""}"
374912,2026-09-10T14:02:59.113638+00:00,134335225791136384,5832,Env.exe,File_System,QuerySecurityFile,C:\Windows\SysWOW64\winmm.dll,0x00000000,"{""Information"": ""Owner""}"
374914,2026-09-10T14:02:59.113708+00:00,134335225791137088,5832,Env.exe,File_System,CloseFile,C:\Windows\SysWOW64\winmm.dll,0x00000000,{}
374915,2026-09-10T14:02:59.113794+00:00,134335225791137940,5832,Env.exe,File_System,IRP_MJ_CLOSE,C:\Windows\SysWOW64\winmm.dll,0x00000000,{}
374916,2026-09-10T14:02:59.114641+00:00,134335225791146413,5832,Env.exe,File_System,CreateFile,C:\Windows\SysWOW64\ws2_32.dll,0x00000000,"{""Desired Access"": ""Read Control"", ""Disposition"": ""Open"", ""Options"": """", ""Attributes"": ""n/a"", ""ShareMode"": ""Read, Delete"", ""AllocationSize"": ""n/a"", ""OpenResult"": ""Opened""}"
374918,2026-09-10T14:02:59.114929+00:00,134335225791149290,5832,Env.exe,File_System,QuerySecurityFile,C:\Windows\SysWOW64\ws2_32.dll,0x80000005,"{""Information"": ""Owner""}"
374919,2026-09-10T14:02:59.114997+00:00,134335225791149976,5832,Env.exe,File_System,QuerySecurityFile,C:\Windows\SysWOW64\ws2_32.dll,0x00000000,"{""Information"": ""Owner""}"
374920,2026-09-10T14:02:59.115060+00:00,134335225791150608,5832,Env.exe,File_System,CloseFile,C:\Windows\SysWOW64\ws2_32.dll,0x00000000,{}
374921,2026-09-10T14:02:59.115143+00:00,134335225791151432,5832,Env.exe,File_System,IRP_MJ_CLOSE,C:\Windows\SysWOW64\ws2_32.dll,0x00000000,{}
374922,2026-09-10T14:02:59.115448+00:00,134335225791154486,5832,Env.exe,Registry,RegQueryKey,HKLM\SOFTWARE\Microsoft\Windows NT\CurrentVersion\Image File Execution Options,0x00000000,"{""Query"": ""HandleTags"", ""HandleTags"": 1024}"
374923,2026-09-10T14:02:59.115565+00:00,134335225791155656,5832,Env.exe,Registry,RegOpenKey,HKLM\SOFTWARE\Microsoft\Windows NT\CurrentVersion\Image File Execution Options\DllNXOptions,0xc0000034,"{""Desired Access"": ""Query Value, Enumerate Sub Keys""}"
374925,2026-09-10T14:02:59.116579+00:00,134335225791165791,5832,Env.exe,File_System,CreateFile,C:\Lab\sample\VIRUS\libstdc++-6.dll,0x00000000,"{""Desired Access"": ""Read Control"", ""Disposition"": ""Open"", ""Options"": """", ""Attributes"": ""n/a"", ""ShareMode"": ""Read, Delete"", ""AllocationSize"": ""n/a"", ""OpenResult"": ""Opened""}"
374926,2026-09-10T14:02:59.116780+00:00,134335225791167801,5832,Env.exe,File_System,QuerySecurityFile,C:\Lab\sample\VIRUS\libstdc++-6.dll,0x80000005,"{""Information"": ""Owner""}"
374927,2026-09-10T14:02:59.116853+00:00,134335225791168530,5832,Env.exe,File_System,QuerySecurityFile,C:\Lab\sample\VIRUS\libstdc++-6.dll,0x00000000,"{""Information"": ""Owner""}"
374928,2026-09-10T14:02:59.116934+00:00,134335225791169346,5832,Env.exe,File_System,CloseFile,C:\Lab\sample\VIRUS\libstdc++-6.dll,0x00000000,{}
374930,2026-09-10T14:02:59.117020+00:00,134335225791170206,5832,Env.exe,File_System,IRP_MJ_CLOSE,C:\Lab\sample\VIRUS\libstdc++-6.dll,0x00000000,{}
374931,2026-09-10T14:02:59.117276+00:00,134335225791172766,5832,Env.exe,Registry,RegQueryKey,HKLM\SOFTWARE\Microsoft\Windows NT\CurrentVersion\Image File Execution Options,0x00000000,"{""Query"": ""HandleTags"", ""HandleTags"": 1024}"
374932,2026-09-10T14:02:59.117383+00:00,134335225791173834,5832,Env.exe,Registry,RegOpenKey,HKLM\SOFTWARE\Microsoft\Windows NT\CurrentVersion\Image File Execution Options\DllNXOptions,0xc0000034,"{""Desired Access"": ""Query Value, Enumerate Sub Keys""}"
374934,2026-09-10T14:02:59.118379+00:00,134335225791183797,5832,Env.exe,File_System,CreateFile,C:\Lab\sample\VIRUS\Qt5Core.dll,0x00000000,"{""Desired Access"": ""Read Control"", ""Disposition"": ""Open"", ""Options"": """", ""Attributes"": ""n/a"", ""ShareMode"": ""Read, Delete"", ""AllocationSize"": ""n/a"", ""OpenResult"": ""Opened""}"
374937,2026-09-10T14:02:59.118574+00:00,134335225791185748,5832,Env.exe,File_System,QuerySecurityFile,C:\Lab\sample\VIRUS\Qt5Core.dll,0x80000005,"{""Information"": ""Owner""}"
374938,2026-09-10T14:02:59.118649+00:00,134335225791186490,5832,Env.exe,File_System,QuerySecurityFile,C:\Lab\sample\VIRUS\Qt5Core.dll,0x00000000,"{""Information"": ""Owner""}"
374939,2026-09-10T14:02:59.118741+00:00,134335225791187415,5832,Env.exe,File_System,CloseFile,C:\Lab\sample\VIRUS\Qt5Core.dll,0x00000000,{}
374940,2026-09-10T14:02:59.118850+00:00,134335225791188501,5832,Env.exe,File_System,IRP_MJ_CLOSE,C:\Lab\sample\VIRUS\Qt5Core.dll,0x00000000,{}
374945,2026-09-10T14:02:59.119854+00:00,134335225791198546,5832,Env.exe,File_System,CreateFile,C:\Windows\SysWOW64\crypt32.dll,0x00000000,"{""Desired Access"": ""Read Control"", ""Disposition"": ""Open"", ""Options"": """", ""Attributes"": ""n/a"", ""ShareMode"": ""Read, Delete"", ""AllocationSize"": ""n/a"", ""OpenResult"": ""Opened""}"
374946,2026-09-10T14:02:59.120525+00:00,134335225791205250,5832,Env.exe,File_System,QuerySecurityFile,C:\Windows\SysWOW64\crypt32.dll,0x80000005,"{""Information"": ""Owner""}"
374947,2026-09-10T14:02:59.120597+00:00,134335225791205978,5832,Env.exe,File_System,QuerySecurityFile,C:\Windows\SysWOW64\crypt32.dll,0x00000000,"{""Information"": ""Owner""}"
374948,2026-09-10T14:02:59.120660+00:00,134335225791206606,5832,Env.exe,File_System,CloseFile,C:\Windows\SysWOW64\crypt32.dll,0x00000000,{}
374949,2026-09-10T14:02:59.120757+00:00,134335225791207579,5832,Env.exe,File_System,IRP_MJ_CLOSE,C:\Windows\SysWOW64\crypt32.dll,0x00000000,{}
374950,2026-09-10T14:02:59.121604+00:00,134335225791216044,5832,Env.exe,File_System,CreateFile,C:\Windows\SysWOW64\dnsapi.dll,0x00000000,"{""Desired Access"": ""Read Control"", ""Disposition"": ""Open"", ""Options"": """", ""Attributes"": ""n/a"", ""ShareMode"": ""Read, Delete"", ""AllocationSize"": ""n/a"", ""OpenResult"": ""Opened""}"
374951,2026-09-10T14:02:59.121882+00:00,134335225791218826,5832,Env.exe,File_System,QuerySecurityFile,C:\Windows\SysWOW64\dnsapi.dll,0x80000005,"{""Information"": ""Owner""}"
374952,2026-09-10T14:02:59.121953+00:00,134335225791219530,5832,Env.exe,File_System,QuerySecurityFile,C:\Windows\SysWOW64\dnsapi.dll,0x00000000,"{""Information"": ""Owner""}"
374953,2026-09-10T14:02:59.122015+00:00,134335225791220153,5832,Env.exe,File_System,CloseFile,C:\Windows\SysWOW64\dnsapi.dll,0x00000000,{}
374954,2026-09-10T14:02:59.122099+00:00,134335225791220991,5832,Env.exe,File_System,IRP_MJ_CLOSE,C:\Windows\SysWOW64\dnsapi.dll,0x00000000,{}
374958,2026-09-10T14:02:59.123015+00:00,134335225791230151,5832,Env.exe,File_System,CreateFile,C:\Windows\SysWOW64\IPHLPAPI.DLL,0x00000000,"{""Desired Access"": ""Read Control"", ""Disposition"": ""Open"", ""Options"": """", ""Attributes"": ""n/a"", ""ShareMode"": ""Read, Delete"", ""AllocationSize"": ""n/a"", ""OpenResult"": ""Opened""}"
374959,2026-09-10T14:02:59.123300+00:00,134335225791233007,5832,Env.exe,File_System,QuerySecurityFile,C:\Windows\SysWOW64\IPHLPAPI.DLL,0x80000005,"{""Information"": ""Owner""}"
374960,2026-09-10T14:02:59.123371+00:00,134335225791233711,5832,Env.exe,File_System,QuerySecurityFile,C:\Windows\SysWOW64\IPHLPAPI.DLL,0x00000000,"{""Information"": ""Owner""}"
374962,2026-09-10T14:02:59.123433+00:00,134335225791234333,5832,Env.exe,File_System,CloseFile,C:\Windows\SysWOW64\IPHLPAPI.DLL,0x00000000,{}
374963,2026-09-10T14:02:59.123516+00:00,134335225791235168,5832,Env.exe,File_System,IRP_MJ_CLOSE,C:\Windows\SysWOW64\IPHLPAPI.DLL,0x00000000,{}
374964,2026-09-10T14:02:59.123784+00:00,134335225791237844,5832,Env.exe,Registry,RegQueryKey,HKLM\SOFTWARE\Microsoft\Windows NT\CurrentVersion\Image File Execution Options,0x00000000,"{""Query"": ""HandleTags"", ""HandleTags"": 1024}"
374965,2026-09-10T14:02:59.123896+00:00,134335225791238962,5832,Env.exe,Registry,RegOpenKey,HKLM\SOFTWARE\Microsoft\Windows NT\CurrentVersion\Image File Execution Options\DllNXOptions,0xc0000034,"{""Desired Access"": ""Query Value, Enumerate Sub Keys""}"
374970,2026-09-10T14:02:59.124850+00:00,134335225791248501,5832,Env.exe,File_System,CreateFile,C:\Lab\sample\VIRUS\Qt5Network.dll,0x00000000,"{""Desired Access"": ""Read Control"", ""Disposition"": ""Open"", ""Options"": """", ""Attributes"": ""n/a"", ""ShareMode"": ""Read, Delete"", ""AllocationSize"": ""n/a"", ""OpenResult"": ""Opened""}"
374971,2026-09-10T14:02:59.125045+00:00,134335225791250456,5832,Env.exe,File_System,QuerySecurityFile,C:\Lab\sample\VIRUS\Qt5Network.dll,0x80000005,"{""Information"": ""Owner""}"
374972,2026-09-10T14:02:59.125115+00:00,134335225791251154,5832,Env.exe,File_System,QuerySecurityFile,C:\Lab\sample\VIRUS\Qt5Network.dll,0x00000000,"{""Information"": ""Owner""}"
374973,2026-09-10T14:02:59.125177+00:00,134335225791251778,5832,Env.exe,File_System,CloseFile,C:\Lab\sample\VIRUS\Qt5Network.dll,0x00000000,{}
374975,2026-09-10T14:02:59.125370+00:00,134335225791253705,5832,Env.exe,File_System,IRP_MJ_CLOSE,C:\Lab\sample\VIRUS\Qt5Network.dll,0x00000000,{}
375012,2026-09-10T14:02:59.134631+00:00,134335225791346314,5832,Env.exe,File_System,CreateFile,C:\Windows\SysWOW64\dwmapi.dll,0x00000000,"{""Desired Access"": ""Read Control"", ""Disposition"": ""Open"", ""Options"": """", ""Attributes"": ""n/a"", ""ShareMode"": ""Read, Delete"", ""AllocationSize"": ""n/a"", ""OpenResult"": ""Opened""}"
375016,2026-09-10T14:02:59.135458+00:00,134335225791354586,5832,Env.exe,File_System,QuerySecurityFile,C:\Windows\SysWOW64\dwmapi.dll,0x80000005,"{""Information"": ""Owner""}"
375017,2026-09-10T14:02:59.135540+00:00,134335225791355408,5832,Env.exe,File_System,QuerySecurityFile,C:\Windows\SysWOW64\dwmapi.dll,0x00000000,"{""Information"": ""Owner""}"
375018,2026-09-10T14:02:59.135611+00:00,134335225791356117,5832,Env.exe,File_System,CloseFile,C:\Windows\SysWOW64\dwmapi.dll,0x00000000,{}
375020,2026-09-10T14:02:59.135720+00:00,134335225791357203,5832,Env.exe,File_System,IRP_MJ_CLOSE,C:\Windows\SysWOW64\dwmapi.dll,0x00000000,{}
375024,2026-09-10T14:02:59.136751+00:00,134335225791367516,5832,Env.exe,File_System,CreateFile,C:\Windows\SysWOW64\uxtheme.dll,0x00000000,"{""Desired Access"": ""Read Control"", ""Disposition"": ""Open"", ""Options"": """", ""Attributes"": ""n/a"", ""ShareMode"": ""Read, Delete"", ""AllocationSize"": ""n/a"", ""OpenResult"": ""Opened""}"
375025,2026-09-10T14:02:59.137131+00:00,134335225791371311,5832,Env.exe,File_System,QuerySecurityFile,C:\Windows\SysWOW64\uxtheme.dll,0x80000005,"{""Information"": ""Owner""}"
375026,2026-09-10T14:02:59.137204+00:00,134335225791372041,5832,Env.exe,File_System,QuerySecurityFile,C:\Windows\SysWOW64\uxtheme.dll,0x00000000,"{""Information"": ""Owner""}"
375027,2026-09-10T14:02:59.137267+00:00,134335225791372677,5832,Env.exe,File_System,CloseFile,C:\Windows\SysWOW64\uxtheme.dll,0x00000000,{}
375028,2026-09-10T14:02:59.137356+00:00,134335225791373568,5832,Env.exe,File_System,IRP_MJ_CLOSE,C:\Windows\SysWOW64\uxtheme.dll,0x00000000,{}
375030,2026-09-10T14:02:59.137779+00:00,134335225791377798,5832,Env.exe,Registry,RegQueryKey,HKLM\SOFTWARE\Microsoft\Windows NT\CurrentVersion\Image File Execution Options,0x00000000,"{""Query"": ""HandleTags"", ""HandleTags"": 1024}"
375031,2026-09-10T14:02:59.137894+00:00,134335225791378948,5832,Env.exe,Registry,RegOpenKey,HKLM\SOFTWARE\Microsoft\Windows NT\CurrentVersion\Image File Execution Options\DllNXOptions,0xc0000034,"{""Desired Access"": ""Query Value, Enumerate Sub Keys""}"
375036,2026-09-10T14:02:59.138917+00:00,134335225791389173,5832,Env.exe,File_System,CreateFile,C:\Lab\sample\VIRUS\Qt5Gui.dll,0x00000000,"{""Desired Access"": ""Read Control"", ""Disposition"": ""Open"", ""Options"": """", ""Attributes"": ""n/a"", ""ShareMode"": ""Read, Delete"", ""AllocationSize"": ""n/a"", ""OpenResult"": ""Opened""}"
375037,2026-09-10T14:02:59.139122+00:00,134335225791391225,5832,Env.exe,File_System,QuerySecurityFile,C:\Lab\sample\VIRUS\Qt5Gui.dll,0x80000005,"{""Information"": ""Owner""}"
375038,2026-09-10T14:02:59.139198+00:00,134335225791391981,5832,Env.exe,File_System,QuerySecurityFile,C:\Lab\sample\VIRUS\Qt5Gui.dll,0x00000000,"{""Information"": ""Owner""}"
375039,2026-09-10T14:02:59.139262+00:00,134335225791392625,5832,Env.exe,File_System,CloseFile,C:\Lab\sample\VIRUS\Qt5Gui.dll,0x00000000,{}
375040,2026-09-10T14:02:59.139349+00:00,134335225791393491,5832,Env.exe,File_System,IRP_MJ_CLOSE,C:\Lab\sample\VIRUS\Qt5Gui.dll,0x00000000,{}
375044,2026-09-10T14:02:59.139899+00:00,134335225791398992,5832,Env.exe,Registry,RegQueryKey,HKLM\SOFTWARE\Microsoft\Windows NT\CurrentVersion\Image File Execution Options,0x00000000,"{""Query"": ""HandleTags"", ""HandleTags"": 1024}"
375047,2026-09-10T14:02:59.140007+00:00,134335225791400078,5832,Env.exe,Registry,RegOpenKey,HKLM\SOFTWARE\Microsoft\Windows NT\CurrentVersion\Image File Execution Options\DllNXOptions,0xc0000034,"{""Desired Access"": ""Query Value, Enumerate Sub Keys""}"
375052,2026-09-10T14:02:59.141766+00:00,134335225791417666,5832,Env.exe,File_System,CreateFile,C:\Lab\sample\VIRUS\Qt5Widgets.dll,0x00000000,"{""Desired Access"": ""Read Control"", ""Disposition"": ""Open"", ""Options"": """", ""Attributes"": ""n/a"", ""ShareMode"": ""Read, Delete"", ""AllocationSize"": ""n/a"", ""OpenResult"": ""Opened""}"
375054,2026-09-10T14:02:59.141976+00:00,134335225791419764,5832,Env.exe,File_System,QuerySecurityFile,C:\Lab\sample\VIRUS\Qt5Widgets.dll,0x80000005,"{""Information"": ""Owner""}"
375055,2026-09-10T14:02:59.142051+00:00,134335225791420514,5832,Env.exe,File_System,QuerySecurityFile,C:\Lab\sample\VIRUS\Qt5Widgets.dll,0x00000000,"{""Information"": ""Owner""}"
375056,2026-09-10T14:02:59.142118+00:00,134335225791421186,5832,Env.exe,File_System,CloseFile,C:\Lab\sample\VIRUS\Qt5Widgets.dll,0x00000000,{}
375057,2026-09-10T14:02:59.142205+00:00,134335225791422053,5832,Env.exe,File_System,IRP_MJ_CLOSE,C:\Lab\sample\VIRUS\Qt5Widgets.dll,0x00000000,{}
375060,2026-09-10T14:02:59.143202+00:00,134335225791432023,5832,Env.exe,Registry,RegQueryKey,HKLM\SOFTWARE\Microsoft\Windows NT\CurrentVersion\Image File Execution Options,0x00000000,"{""Query"": ""HandleTags"", ""HandleTags"": 1024}"
375061,2026-09-10T14:02:59.143314+00:00,134335225791433146,5832,Env.exe,Registry,RegOpenKey,HKLM\SOFTWARE\Microsoft\Windows NT\CurrentVersion\Image File Execution Options\DllNXOptions,0xc0000034,"{""Desired Access"": ""Query Value, Enumerate Sub Keys""}"
375064,2026-09-10T14:02:59.144642+00:00,134335225791446423,5832,Env.exe,Registry,RegOpenKey,HKLM\System\CurrentControlSet\Control\Nls\Sorting\Versions,0x00000104,"{""Desired Access"": ""Read""}"
375065,2026-09-10T14:02:59.144795+00:00,134335225791447956,5832,Env.exe,Registry,RegOpenKey,HKLM\System\CurrentControlSet\Control\Nls\Sorting\Versions,0x00000000,"{""Desired Access"": ""Read""}"
375067,2026-09-10T14:02:59.144953+00:00,134335225791449538,5832,Env.exe,Registry,RegSetInfoKey,HKLM\System\CurrentControlSet\Control\Nls\Sorting\Versions,0x00000000,"{""KeySetInformationClass"": ""KeySetHandleTagsInformation"", ""Length"": 0}"
375068,2026-09-10T14:02:59.145060+00:00,134335225791450606,5832,Env.exe,Registry,RegQueryValue,HKLM\System\CurrentControlSet\Control\Nls\Sorting\Versions\(Default),0x00000000,"{""Name"": """", ""Type"": ""REG_SZ"", ""Length"": 18, ""Data"": ""00060305""}"
375069,2026-09-10T14:02:59.145240+00:00,134335225791452407,5832,Env.exe,Registry,RegQueryValue,HKLM\System\CurrentControlSet\Control\Nls\Sorting\Versions\000603xx,0x00000000,"{""Name"": ""000603xx"", ""Type"": ""REG_SZ"", ""Length"": 26, ""Data"": ""kernel32.dll""}"
375071,2026-09-10T14:02:59.146082+00:00,134335225791460829,5832,Env.exe,Registry,RegQueryValue,HKLM\System\CurrentControlSet\Control\WMI\Security\ca967c75-04bf-40b5-9a16-98b5f9332a92,0xc0000034,"{""Length"": 528}"
375073,2026-09-10T14:02:59.146346+00:00,134335225791463469,5832,Env.exe,File_System,QueryNameInformationFile,C:\Windows\SysWOW64\sechost.dll,0x00000000,"{""Name"": ""\\Windows\\SysWOW64\\sechost.dll""}"
375077,2026-09-10T14:02:59.146995+00:00,134335225791469957,5832,Env.exe,Registry,RegQueryValue,HKLM\System\CurrentControlSet\Control\WMI\Security\b6fd710b-f783-4b1c-ab9c-c68099dcc0c7,0xc0000034,"{""Length"": 528}"
375078,2026-09-10T14:02:59.147210+00:00,134335225791472103,5832,Env.exe,File_System,QueryNameInformationFile,C:\Windows\SysWOW64\sechost.dll,0x00000000,"{""Name"": ""\\Windows\\SysWOW64\\sechost.dll""}"
375080,2026-09-10T14:02:59.147848+00:00,134335225791478488,5832,Env.exe,Registry,RegQueryValue,HKLM\System\CurrentControlSet\Control\WMI\Security\bf30465b-e93c-46fd-9cdf-f41c8904a01f,0xc0000034,"{""Length"": 528}"
375081,2026-09-10T14:02:59.148064+00:00,134335225791480642,5832,Env.exe,File_System,QueryNameInformationFile,C:\Windows\SysWOW64\advapi32.dll,0x00000000,"{""Name"": ""\\Windows\\SysWOW64\\advapi32.dll""}"
375083,2026-09-10T14:02:59.148428+00:00,134335225791484280,5832,Env.exe,Registry,RegQueryValue,HKLM\System\CurrentControlSet\Control\WMI\Security\c1376338-0984-48b8-b933-9c7d779fd84d,0xc0000034,"{""Length"": 528}"
375086,2026-09-10T14:02:59.148652+00:00,134335225791486526,5832,Env.exe,File_System,QueryNameInformationFile,C:\Windows\SysWOW64\advapi32.dll,0x00000000,"{""Name"": ""\\Windows\\SysWOW64\\advapi32.dll""}"
375089,2026-09-10T14:02:59.149628+00:00,134335225791496281,5832,Env.exe,Registry,RegOpenKey,HKLM,0x00000000,"{""Desired Access"": ""Maximum Allowed"", ""Granted Access"": ""Read""}"
375091,2026-09-10T14:02:59.149862+00:00,134335225791498621,5832,Env.exe,Registry,RegQueryKey,HKLM,0x00000000,"{""Query"": ""HandleTags"", ""HandleTags"": 0}"
375093,2026-09-10T14:02:59.149951+00:00,134335225791499516,5832,Env.exe,Registry,RegQueryKey,HKLM,0x00000000,"{""Query"": ""Name"", ""Name"": ""\\REGISTRY\\MACHINE""}"
375096,2026-09-10T14:02:59.150114+00:00,134335225791501146,5832,Env.exe,Registry,RegOpenKey,HKLM\system\CurrentControlSet\control\NetworkProvider\HwOrder,0x00000104,"{""Desired Access"": ""Read""}"
375098,2026-09-10T14:02:59.150238+00:00,134335225791502389,5832,Env.exe,Registry,RegOpenKey,HKLM\System\CurrentControlSet\control\NetworkProvider\HwOrder,0x00000000,"{""Desired Access"": ""Read""}"
375191,2026-09-10T14:02:59.169020+00:00,134335225791690203,5832,Env.exe,Registry,RegSetInfoKey,HKLM\System\CurrentControlSet\Control\NetworkProvider\HwOrder,0x00000000,"{""KeySetInformationClass"": ""KeySetHandleTagsInformation"", ""Length"": 0}"
375262,2026-09-10T14:02:59.181553+00:00,134335225791815534,5832,Env.exe,Registry,RegQueryKey,HKLM,0x00000000,"{""Query"": ""HandleTags"", ""HandleTags"": 0}"
375263,2026-09-10T14:02:59.181671+00:00,134335225791816718,5832,Env.exe,Registry,RegQueryKey,HKLM,0x00000000,"{""Query"": ""Name"", ""Name"": ""\\REGISTRY\\MACHINE""}"
375265,2026-09-10T14:02:59.181864+00:00,134335225791818647,5832,Env.exe,Registry,RegOpenKey,HKLM\system\CurrentControlSet\control\NetworkProvider\ProviderOrder,0x00000104,"{""Desired Access"": ""Read""}"
375266,2026-09-10T14:02:59.181983+00:00,134335225791819833,5832,Env.exe,Registry,RegOpenKey,HKLM\System\CurrentControlSet\control\NetworkProvider\ProviderOrder,0x00000000,"{""Desired Access"": ""Read""}"
375267,2026-09-10T14:02:59.182113+00:00,134335225791821134,5832,Env.exe,Registry,RegSetInfoKey,HKLM\System\CurrentControlSet\Control\NetworkProvider\ProviderOrder,0x00000000,"{""KeySetInformationClass"": ""KeySetHandleTagsInformation"", ""Length"": 0}"
375271,2026-09-10T14:02:59.182598+00:00,134335225791825981,5832,Env.exe,Registry,RegQueryValue,HKLM\System\CurrentControlSet\Control\WMI\Security\5eb60b36-6206-5538-e60a-0a7af8a1e59d,0xc0000034,"{""Length"": 528}"
375273,2026-09-10T14:02:59.182827+00:00,134335225791828276,5832,Env.exe,File_System,QueryNameInformationFile,C:\Windows\SysWOW64\mpr.dll,0x00000000,"{""Name"": ""\\Windows\\SysWOW64\\mpr.dll""}"
375279,2026-09-10T14:02:59.184487+00:00,134335225791844874,5832,Env.exe,Registry,RegQueryKey,HKLM,0x00000000,"{""Query"": ""HandleTags"", ""HandleTags"": 0}"
375280,2026-09-10T14:02:59.184578+00:00,134335225791845785,5832,Env.exe,Registry,RegQueryKey,HKLM,0x00000000,"{""Query"": ""Name"", ""Name"": ""\\REGISTRY\\MACHINE""}"
375281,2026-09-10T14:02:59.184764+00:00,134335225791847640,5832,Env.exe,Registry,RegOpenKey,HKLM\SOFTWARE\WOW6432Node\Microsoft\OLE,0x00000104,"{""Desired Access"": ""Read""}"
375282,2026-09-10T14:02:59.185012+00:00,134335225791850121,5832,Env.exe,Registry,RegOpenKey,HKLM\SOFTWARE\Microsoft\Ole,0x00000000,"{""Desired Access"": ""Read""}"
375283,2026-09-10T14:02:59.185212+00:00,134335225791852129,5832,Env.exe,Registry,RegSetInfoKey,HKLM\SOFTWARE\Microsoft\Ole,0x00000000,"{""KeySetInformationClass"": ""KeySetHandleTagsInformation"", ""Length"": 0}"
375284,2026-09-10T14:02:59.185316+00:00,134335225791853164,5832,Env.exe,Registry,RegQueryValue,HKLM\SOFTWARE\Microsoft\Ole\PageAllocatorUseSystemHeap,0xc0000034,"{""Length"": 20}"
375285,2026-09-10T14:02:59.185500+00:00,134335225791855004,5832,Env.exe,Registry,RegCloseKey,HKLM\SOFTWARE\Microsoft\Ole,0x00000000,{}
375286,2026-09-10T14:02:59.185650+00:00,134335225791856508,5832,Env.exe,Registry,RegQueryKey,HKLM,0x00000000,"{""Query"": ""HandleTags"", ""HandleTags"": 0}"
375287,2026-09-10T14:02:59.185741+00:00,134335225791857416,5832,Env.exe,Registry,RegQueryKey,HKLM,0x00000000,"{""Query"": ""Name"", ""Name"": ""\\REGISTRY\\MACHINE""}"
375289,2026-09-10T14:02:59.185904+00:00,134335225791859046,5832,Env.exe,Registry,RegOpenKey,HKLM\SOFTWARE\WOW6432Node\Microsoft\OLE,0x00000104,"{""Desired Access"": ""Read""}"
375291,2026-09-10T14:02:59.186092+00:00,134335225791860920,5832,Env.exe,Registry,RegOpenKey,HKLM\SOFTWARE\Microsoft\Ole,0x00000000,"{""Desired Access"": ""Read""}"
375294,2026-09-10T14:02:59.186278+00:00,134335225791862780,5832,Env.exe,Registry,RegSetInfoKey,HKLM\SOFTWARE\Microsoft\Ole,0x00000000,"{""KeySetInformationClass"": ""KeySetHandleTagsInformation"", ""Length"": 0}"
375295,2026-09-10T14:02:59.186374+00:00,134335225791863746,5832,Env.exe,Registry,RegQueryValue,HKLM\SOFTWARE\Microsoft\Ole\PageAllocatorSystemHeapIsPrivate,0xc0000034,"{""Length"": 20}"
375297,2026-09-10T14:02:59.186507+00:00,134335225791865078,5832,Env.exe,Registry,RegCloseKey,HKLM\SOFTWARE\Microsoft\Ole,0x00000000,{}
375299,2026-09-10T14:02:59.186654+00:00,134335225791866540,5832,Env.exe,Registry,RegQueryKey,HKLM,0x00000000,"{""Query"": ""HandleTags"", ""HandleTags"": 0}"
375300,2026-09-10T14:02:59.186745+00:00,134335225791867452,5832,Env.exe,Registry,RegQueryKey,HKLM,0x00000000,"{""Query"": ""Name"", ""Name"": ""\\REGISTRY\\MACHINE""}"
375303,2026-09-10T14:02:59.186950+00:00,134335225791869503,5832,Env.exe,Registry,RegOpenKey,HKLM\SOFTWARE\WOW6432Node\Microsoft\OLE,0x00000104,"{""Desired Access"": ""Read""}"
375305,2026-09-10T14:02:59.187144+00:00,134335225791871443,5832,Env.exe,Registry,RegOpenKey,HKLM\SOFTWARE\Microsoft\Ole,0x00000000,"{""Desired Access"": ""Read""}"
375307,2026-09-10T14:02:59.187326+00:00,134335225791873269,5832,Env.exe,Registry,RegSetInfoKey,HKLM\SOFTWARE\Microsoft\Ole,0x00000000,"{""KeySetInformationClass"": ""KeySetHandleTagsInformation"", ""Length"": 0}"
375309,2026-09-10T14:02:59.187417+00:00,134335225791874171,5832,Env.exe,Registry,RegQueryValue,HKLM\SOFTWARE\Microsoft\Ole\AggressiveMTATesting,0xc0000034,"{""Length"": 16}"
375310,2026-09-10T14:02:59.187543+00:00,134335225791875434,5832,Env.exe,Registry,RegCloseKey,HKLM\SOFTWARE\Microsoft\Ole,0x00000000,{}
375317,2026-09-10T14:02:59.188444+00:00,134335225791884449,5832,Env.exe,Registry,RegQueryKey,HKLM,0x00000000,"{""Query"": ""HandleTags"", ""HandleTags"": 0}"
375319,2026-09-10T14:02:59.188547+00:00,134335225791885471,5832,Env.exe,Registry,RegOpenKey,HKLM,0x00000000,"{""Desired Access"": ""Read""}"
375321,2026-09-10T14:02:59.188659+00:00,134335225791886594,5832,Env.exe,Registry,RegSetInfoKey,HKLM,0x00000000,"{""KeySetInformationClass"": ""KeySetHandleTagsInformation"", ""Length"": 0}"
375323,2026-09-10T14:02:59.188831+00:00,134335225791888311,5832,Env.exe,Registry,RegQueryKey,HKLM,0x00000000,"{""Query"": ""HandleTags"", ""HandleTags"": 256}"
375325,2026-09-10T14:02:59.188938+00:00,134335225791889389,5832,Env.exe,Registry,RegOpenKey,HKLM\Software\Microsoft\Ole\FeatureDevelopmentProperties,0xc0000034,"{""Desired Access"": ""Read""}"
375331,2026-09-10T14:02:59.191060+00:00,134335225791910606,5832,Env.exe,Registry,RegOpenKey,HKLM\SOFTWARE\Microsoft\AppModel\Lookaside\Packages,0xc0000034,"{""Desired Access"": ""Read""}"
375333,2026-09-10T14:02:59.191348+00:00,134335225791913483,5832,Env.exe,Registry,RegQueryKey,HKLM,0x00000000,"{""Query"": ""HandleTags"", ""HandleTags"": 256}"
375335,2026-09-10T14:02:59.191443+00:00,134335225791914436,5832,Env.exe,Registry,RegOpenKey,HKLM\Software\Microsoft\Ole\FeatureDevelopmentProperties,0xc0000034,"{""Desired Access"": ""Read""}"
375339,2026-09-10T14:02:59.191700+00:00,134335225791917001,5832,Env.exe,Registry,RegQueryKey,HKLM,0x00000000,"{""Query"": ""HandleTags"", ""HandleTags"": 256}"
375340,2026-09-10T14:02:59.191794+00:00,134335225791917940,5832,Env.exe,Registry,RegOpenKey,HKLM\Software\Microsoft\Ole,0x00000000,"{""Desired Access"": ""Read""}"
375341,2026-09-10T14:02:59.192178+00:00,134335225791921781,5832,Env.exe,Registry,RegOpenKey,HKCU,0x00000000,"{""Desired Access"": ""Read""}"
375342,2026-09-10T14:02:59.192292+00:00,134335225791922920,5832,Env.exe,Registry,RegSetInfoKey,HKCU,0x00000000,"{""KeySetInformationClass"": ""KeySetHandleTagsInformation"", ""Length"": 0}"
375344,2026-09-10T14:02:59.192459+00:00,134335225791924594,5832,Env.exe,Registry,RegQueryKey,HKCU,0x00000000,"{""Query"": ""HandleTags"", ""HandleTags"": 256}"
375345,2026-09-10T14:02:59.192552+00:00,134335225791925520,5832,Env.exe,Registry,RegOpenKey,HKCU\Software\Classes\Local Settings,0x00000104,"{""Desired Access"": ""Read""}"
375347,2026-09-10T14:02:59.192660+00:00,134335225791926606,5832,Env.exe,Registry,RegOpenKey,HKCU\Software\Classes\Local Settings,0x00000000,"{""Desired Access"": ""Read""}"
375348,2026-09-10T14:02:59.192806+00:00,134335225791928060,5832,Env.exe,Registry,RegCloseKey,HKCU,0x00000000,{}
375349,2026-09-10T14:02:59.192956+00:00,134335225791929560,5832,Env.exe,Registry,RegQueryKey,HKCU\Software\Classes\Local Settings,0x00000000,"{""Query"": ""HandleTags"", ""HandleTags"": 0}"
375350,2026-09-10T14:02:59.193037+00:00,134335225791930374,5832,Env.exe,Registry,RegQueryKey,HKCU\Software\Classes\Local Settings,0x00000000,"{""Query"": ""Name"", ""Name"": ""\\REGISTRY\\USER\\S-1-5-21-2765232598-2703495502-1861550627-1001_Classes\\Local Settings""}"
375351,2026-09-10T14:02:59.193201+00:00,134335225791932019,5832,Env.exe,Registry,RegOpenKey,HKCU\Software\Classes\Local Settings\Software\Microsoft\Ole\FeatureDevelopmentProperties,0xc0000034,"{""Desired Access"": ""Read""}"
375352,2026-09-10T14:02:59.193381+00:00,134335225791933816,5832,Env.exe,Registry,RegQueryKey,HKCU\Software\Classes\Local Settings,0x00000000,"{""Query"": ""HandleTags"", ""HandleTags"": 0}"
375353,2026-09-10T14:02:59.193465+00:00,134335225791934654,5832,Env.exe,Registry,RegQueryKey,HKCU\Software\Classes\Local Settings,0x00000000,"{""Query"": ""Name"", ""Name"": ""\\REGISTRY\\USER\\S-1-5-21-2765232598-2703495502-1861550627-1001_Classes\\Local Settings""}"
375354,2026-09-10T14:02:59.193625+00:00,134335225791936251,5832,Env.exe,Registry,RegOpenKey,HKCU\Software\Classes\Local Settings\Software\Microsoft\Ole\FeatureDevelopmentProperties,0xc0000034,"{""Desired Access"": ""Read""}"
375356,2026-09-10T14:02:59.193833+00:00,134335225791938330,5832,Env.exe,Registry,RegQueryKey,HKCU\Software\Classes\Local Settings,0x00000000,"{""Query"": ""HandleTags"", ""HandleTags"": 0}"
375358,2026-09-10T14:02:59.193913+00:00,134335225791939136,5832,Env.exe,Registry,RegQueryKey,HKCU\Software\Classes\Local Settings,0x00000000,"{""Query"": ""Name"", ""Name"": ""\\REGISTRY\\USER\\S-1-5-21-2765232598-2703495502-1861550627-1001_Classes\\Local Settings""}"
375360,2026-09-10T14:02:59.194062+00:00,134335225791940623,5832,Env.exe,Registry,RegOpenKey,HKCU\Software\Classes\Local Settings\Software\Microsoft\Ole,0xc0000034,"{""Desired Access"": ""Read""}"
375362,2026-09-10T14:02:59.194238+00:00,134335225791942389,5832,Env.exe,Registry,RegQueryKey,HKCU\Software\Classes\Local Settings,0x00000000,"{""Query"": ""HandleTags"", ""HandleTags"": 0}"
375363,2026-09-10T14:02:59.194319+00:00,134335225791943199,5832,Env.exe,Registry,RegQueryKey,HKCU\Software\Classes\Local Settings,0x00000000,"{""Query"": ""Name"", ""Name"": ""\\REGISTRY\\USER\\S-1-5-21-2765232598-2703495502-1861550627-1001_Classes\\Local Settings""}"
375365,2026-09-10T14:02:59.194478+00:00,134335225791944780,5832,Env.exe,Registry,RegOpenKey,HKCU\Software\Classes\Local Settings\Software\Microsoft,0x00000000,"{""Desired Access"": ""Read""}"
375367,2026-09-10T14:02:59.194656+00:00,134335225791946569,5832,Env.exe,Registry,RegSetInfoKey,HKCU\Software\Classes\Local Settings\Software\Microsoft,0x00000000,"{""KeySetInformationClass"": ""KeySetHandleTagsInformation"", ""Length"": 0}"
375368,2026-09-10T14:02:59.195017+00:00,134335225791950170,5832,Env.exe,Registry,RegQueryKey,HKLM,0x00000000,"{""Query"": ""HandleTags"", ""HandleTags"": 0}"
375369,2026-09-10T14:02:59.195103+00:00,134335225791951031,5832,Env.exe,Registry,RegQueryKey,HKLM,0x00000000,"{""Query"": ""Name"", ""Name"": ""\\REGISTRY\\MACHINE""}"
375371,2026-09-10T14:02:59.195292+00:00,134335225791952923,5832,Env.exe,Registry,RegOpenKey,HKLM\Software\WOW6432Node\Microsoft\OLE\Tracing,0x00000104,"{""Desired Access"": ""Read""}"
375373,2026-09-10T14:02:59.195492+00:00,134335225791954924,5832,Env.exe,Registry,RegOpenKey,HKLM\SOFTWARE\Microsoft\Ole\Tracing,0xc0000034,"{""Desired Access"": ""Read""}"
375374,2026-09-10T14:02:59.195989+00:00,134335225791959894,5832,Env.exe,Registry,RegQueryValue,HKLM\System\CurrentControlSet\Control\WMI\Security\1aff6089-e863-4d36-bdfd-3581f07440be,0xc0000034,"{""Length"": 528}"
375375,2026-09-10T14:02:59.196205+00:00,134335225791962059,5832,Env.exe,File_System,QueryNameInformationFile,C:\Windows\SysWOW64\combase.dll,0x00000000,"{""Name"": ""\\Windows\\SysWOW64\\combase.dll""}"
375376,2026-09-10T14:02:59.196530+00:00,134335225791965300,5832,Env.exe,Registry,RegQueryValue,HKLM\System\CurrentControlSet\Control\WMI\Security\f0558438-f56a-5987-47da-040ca75aef05,0xc0000034,"{""Length"": 528}"
375379,2026-09-10T14:02:59.196744+00:00,134335225791967447,5832,Env.exe,File_System,QueryNameInformationFile,C:\Windows\SysWOW64\combase.dll,0x00000000,"{""Name"": ""\\Windows\\SysWOW64\\combase.dll""}"
375382,2026-09-10T14:02:59.197581+00:00,134335225791975813,5832,Env.exe,Registry,RegQueryValue,HKLM\System\CurrentControlSet\Control\WMI\Security\c7e09e2a-c663-5399-af79-2fccd321d19a,0xc0000034,"{""Length"": 528}"
375385,2026-09-10T14:02:59.197811+00:00,134335225791978110,5832,Env.exe,File_System,QueryNameInformationFile,C:\Windows\SysWOW64\combase.dll,0x00000000,"{""Name"": ""\\Windows\\SysWOW64\\combase.dll""}"
375386,2026-09-10T14:02:59.198111+00:00,134335225791981111,5832,Env.exe,Registry,RegQueryValue,HKLM\System\CurrentControlSet\Control\WMI\Security\703fcc13-b66f-5868-ddd9-e2db7f381ffb,0xc0000034,"{""Length"": 528}"
375388,2026-09-10T14:02:59.198402+00:00,134335225791984025,5832,Env.exe,File_System,QueryNameInformationFile,C:\Windows\SysWOW64\combase.dll,0x00000000,"{""Name"": ""\\Windows\\SysWOW64\\combase.dll""}"
375393,2026-09-10T14:02:59.201307+00:00,134335225792013072,5832,Env.exe,File_System,QueryOpen,C:\Windows\SysWOW64\imm32.dll,0xc01c0004,{}
375395,2026-09-10T14:02:59.202016+00:00,134335225792020169,5832,Env.exe,File_System,CreateFile,C:\Windows\SysWOW64\imm32.dll,0x00000000,"{""Desired Access"": ""Read Attributes"", ""Disposition"": ""Open"", ""Options"": ""Open Reparse Point"", ""Attributes"": ""n/a"", ""ShareMode"": ""Read, Write, Delete"", ""AllocationSize"": ""n/a"", ""OpenResult"": ""Opened""}"
375398,2026-09-10T14:02:59.202331+00:00,134335225792023314,5832,Env.exe,File_System,QueryBasicInformationFile,C:\Windows\SysWOW64\imm32.dll,0x00000000,"{""CreationTime"": 132780004957457023, ""LastAccessTime"": 134335225654568114, ""LastWriteTime"": 132780004957613002, ""ChangeTime"": 134335022123951063, ""FileAttributes"": ""A""}"
375399,2026-09-10T14:02:59.202400+00:00,134335225792024000,5832,Env.exe,File_System,CloseFile,C:\Windows\SysWOW64\imm32.dll,0x00000000,{}
375401,2026-09-10T14:02:59.202495+00:00,134335225792024955,5832,Env.exe,File_System,IRP_MJ_CLOSE,C:\Windows\SysWOW64\imm32.dll,0x00000000,{}
375402,2026-09-10T14:02:59.203258+00:00,134335225792032584,5832,Env.exe,File_System,CreateFile,C:\Windows\SysWOW64\imm32.dll,0x00000000,"{""Desired Access"": ""Read Data/List Directory, Synchronize"", ""Disposition"": ""Open"", ""Options"": ""Synchronous IO Non-Alert, Non-Directory File"", ""Attributes"": ""n/a"", ""ShareMode"": ""Read, Delete"", ""AllocationSize"": ""n/a"", ""OpenResult"": ""Opened""}"
375434,2026-09-10T14:02:59.210970+00:00,134335225792109701,5832,Env.exe,File_System,CreateFileMapping,C:\Windows\SysWOW64\imm32.dll,0x0000012a,"{""SyncType"": ""SyncTypeCreateSection"", ""PageProtection"": ""PAGE_READONLY""}"
375436,2026-09-10T14:02:59.211046+00:00,134335225792110465,5832,Env.exe,File_System,QueryStandardInformationFile,C:\Windows\SysWOW64\imm32.dll,0x00000000,"{""AllocationSize"": 143360, ""EndOfFile"": 143056, ""NumberOfLinks"": 2, ""DeletePending"": false, ""Directory"": false}"
375437,2026-09-10T14:02:59.211111+00:00,134335225792111114,5832,Env.exe,File_System,FASTIO_RELEASE_FOR_SECTION_SYNCHRONIZATION,C:\Windows\SysWOW64\imm32.dll,0x00000000,{}
375438,2026-09-10T14:02:59.211165+00:00,134335225792111658,5832,Env.exe,File_System,CreateFileMapping,C:\Windows\SysWOW64\imm32.dll,0x00000000,"{""SyncType"": ""SyncTypeOther""}"
375439,2026-09-10T14:02:59.211212+00:00,134335225792112123,5832,Env.exe,File_System,FASTIO_RELEASE_FOR_SECTION_SYNCHRONIZATION,C:\Windows\SysWOW64\imm32.dll,0x00000000,{}
375445,2026-09-10T14:02:59.211706+00:00,134335225792117060,5832,Env.exe,File_System,CloseFile,C:\Windows\SysWOW64\imm32.dll,0x00000000,{}
375446,2026-09-10T14:02:59.211819+00:00,134335225792118191,5832,Env.exe,File_System,IRP_MJ_CLOSE,C:\Windows\SysWOW64\imm32.dll,0x00000000,{}
375449,2026-09-10T14:02:59.212882+00:00,134335225792128821,5832,Env.exe,Process,Load_Image,C:\Windows\SysWOW64\imm32.dll,0x00000000,"{""Image Base"": 1994719232, ""Image Size"": 151552}"
375457,2026-09-10T14:02:59.214708+00:00,134335225792147080,5832,Env.exe,File_System,CreateFile,C:\Windows\SysWOW64\imm32.dll,0x00000000,"{""Desired Access"": ""Read Control"", ""Disposition"": ""Open"", ""Options"": """", ""Attributes"": ""n/a"", ""ShareMode"": ""Read, Delete"", ""AllocationSize"": ""n/a"", ""OpenResult"": ""Opened""}"
375458,2026-09-10T14:02:59.215019+00:00,134335225792150194,5832,Env.exe,File_System,QuerySecurityFile,C:\Windows\SysWOW64\imm32.dll,0x80000005,"{""Information"": ""Owner""}"
375460,2026-09-10T14:02:59.215107+00:00,134335225792151074,5832,Env.exe,File_System,QuerySecurityFile,C:\Windows\SysWOW64\imm32.dll,0x00000000,"{""Information"": ""Owner""}"
375461,2026-09-10T14:02:59.215183+00:00,134335225792151838,5832,Env.exe,File_System,CloseFile,C:\Windows\SysWOW64\imm32.dll,0x00000000,{}
375462,2026-09-10T14:02:59.215270+00:00,134335225792152709,5832,Env.exe,File_System,IRP_MJ_CLOSE,C:\Windows\SysWOW64\imm32.dll,0x00000000,{}
375468,2026-09-10T14:02:59.215938+00:00,134335225792159380,5832,Env.exe,Registry,RegOpenKey,HKLM\System\CurrentControlSet\Control\Error Message Instrument\,0x00000104,"{""Desired Access"": ""Read""}"
375470,2026-09-10T14:02:59.216082+00:00,134335225792160827,5832,Env.exe,Registry,RegOpenKey,HKLM\System\CurrentControlSet\Control\Error Message Instrument,0xc0000034,"{""Desired Access"": ""Read""}"
375472,2026-09-10T14:02:59.216502+00:00,134335225792165028,5832,Env.exe,Registry,RegQueryValue,HKLM\System\CurrentControlSet\Control\WMI\Security\f25bcd2e-2690-55dc-3bc4-07b65b1b41c9,0xc0000034,"{""Length"": 528}"
375473,2026-09-10T14:02:59.216768+00:00,134335225792167683,5832,Env.exe,File_System,QueryNameInformationFile,C:\Windows\SysWOW64\user32.dll,0x00000000,"{""Name"": ""\\Windows\\SysWOW64\\user32.dll""}"
375475,2026-09-10T14:02:59.217219+00:00,134335225792172197,5832,Env.exe,Registry,RegQueryKey,HKLM\SOFTWARE\Microsoft\Windows NT\CurrentVersion\Image File Execution Options,0x00000000,"{""Query"": ""HandleTags"", ""HandleTags"": 1024}"
375476,2026-09-10T14:02:59.217330+00:00,134335225792173306,5832,Env.exe,Registry,RegOpenKey,HKLM\SOFTWARE\Microsoft\Windows NT\CurrentVersion\Image File Execution Options\Env.exe,0xc0000034,"{""Desired Access"": ""Query Value, Enumerate Sub Keys""}"
375481,2026-09-10T14:02:59.217632+00:00,134335225792176321,5832,Env.exe,Registry,RegOpenKey,HKLM\Software\WOW6432Node\Policies\Microsoft\Windows\Display,0x00000104,"{""Desired Access"": ""Read""}"
375483,2026-09-10T14:02:59.217846+00:00,134335225792178468,5832,Env.exe,Registry,RegOpenKey,HKLM\SOFTWARE\Policies\Microsoft\Windows\Display,0xc0000034,"{""Desired Access"": ""Read""}"
375486,2026-09-10T14:02:59.218188+00:00,134335225792181887,5832,Env.exe,Registry,RegOpenKey,HKLM\Software\WOW6432Node\Policies\Microsoft\Windows\Display,0x00000104,"{""Desired Access"": ""Read""}"
375487,2026-09-10T14:02:59.218367+00:00,134335225792183679,5832,Env.exe,Registry,RegOpenKey,HKLM\SOFTWARE\Policies\Microsoft\Windows\Display,0xc0000034,"{""Desired Access"": ""Read""}"
375488,2026-09-10T14:02:59.218605+00:00,134335225792186053,5832,Env.exe,Registry,RegQueryKey,HKLM\SOFTWARE\Microsoft\Windows NT\CurrentVersion\Image File Execution Options,0x00000000,"{""Query"": ""HandleTags"", ""HandleTags"": 1024}"
375489,2026-09-10T14:02:59.218712+00:00,134335225792187120,5832,Env.exe,Registry,RegOpenKey,HKLM\SOFTWARE\Microsoft\Windows NT\CurrentVersion\Image File Execution Options\Env.exe,0xc0000034,"{""Desired Access"": ""Query Value, Enumerate Sub Keys""}"
375490,2026-09-10T14:02:59.218926+00:00,134335225792189261,5832,Env.exe,Registry,RegOpenKey,HKLM\Software\WOW6432Node\Policies\Microsoft\Windows\Display,0x00000104,"{""Desired Access"": ""Read""}"
375491,2026-09-10T14:02:59.219098+00:00,134335225792190980,5832,Env.exe,Registry,RegOpenKey,HKLM\SOFTWARE\Policies\Microsoft\Windows\Display,0xc0000034,"{""Desired Access"": ""Read""}"
375493,2026-09-10T14:02:59.219310+00:00,134335225792193103,5832,Env.exe,Registry,RegOpenKey,HKLM\Software\WOW6432Node\Policies\Microsoft\Windows\Display,0x00000104,"{""Desired Access"": ""Read""}"
375494,2026-09-10T14:02:59.219474+00:00,134335225792194749,5832,Env.exe,Registry,RegOpenKey,HKLM\SOFTWARE\Policies\Microsoft\Windows\Display,0xc0000034,"{""Desired Access"": ""Read""}"
375495,2026-09-10T14:02:59.219736+00:00,134335225792197366,5832,Env.exe,Registry,RegOpenKey,HKLM\Software\WOW6432Node\Microsoft\Windows NT\CurrentVersion\GRE_Initialize,0x00000104,"{""Desired Access"": ""Read""}"
375497,2026-09-10T14:02:59.219889+00:00,134335225792198897,5832,Env.exe,Registry,RegOpenKey,HKLM\SOFTWARE\Microsoft\Windows NT\CurrentVersion\GRE_Initialize,0x00000000,"{""Desired Access"": ""Read""}"
375499,2026-09-10T14:02:59.220087+00:00,134335225792200875,5832,Env.exe,Registry,RegSetInfoKey,HKLM\SOFTWARE\Microsoft\Windows NT\CurrentVersion\GRE_Initialize,0x00000000,"{""KeySetInformationClass"": ""KeySetHandleTagsInformation"", ""Length"": 0}"
375501,2026-09-10T14:02:59.220208+00:00,134335225792202089,5832,Env.exe,Registry,RegQueryValue,HKLM\SOFTWARE\Microsoft\Windows NT\CurrentVersion\GRE_Initialize\DisableMetaFiles,0xc0000034,"{""Length"": 20}"
375503,2026-09-10T14:02:59.220350+00:00,134335225792203503,5832,Env.exe,Registry,RegCloseKey,HKLM\SOFTWARE\Microsoft\Windows NT\CurrentVersion\GRE_Initialize,0x00000000,{}
375504,2026-09-10T14:02:59.220488+00:00,134335225792204881,5832,Env.exe,Registry,RegOpenKey,HKLM\Software\WOW6432Node\Microsoft\Windows NT\CurrentVersion\GRE_Initialize,0x00000104,"{""Desired Access"": ""Read""}"
375505,2026-09-10T14:02:59.220630+00:00,134335225792206303,5832,Env.exe,Registry,RegOpenKey,HKLM\SOFTWARE\Microsoft\Windows NT\CurrentVersion\GRE_Initialize,0x00000000,"{""Desired Access"": ""Read""}"
375506,2026-09-10T14:02:59.220803+00:00,134335225792208034,5832,Env.exe,Registry,RegSetInfoKey,HKLM\SOFTWARE\Microsoft\Windows NT\CurrentVersion\GRE_Initialize,0x00000000,"{""KeySetInformationClass"": ""KeySetHandleTagsInformation"", ""Length"": 0}"
375507,2026-09-10T14:02:59.220895+00:00,134335225792208953,5832,Env.exe,Registry,RegQueryValue,HKLM\SOFTWARE\Microsoft\Windows NT\CurrentVersion\GRE_Initialize\DisableUmpdBufferSizeCheck,0xc0000034,"{""Length"": 20}"
375508,2026-09-10T14:02:59.221031+00:00,134335225792210316,5832,Env.exe,Registry,RegCloseKey,HKLM\SOFTWARE\Microsoft\Windows NT\CurrentVersion\GRE_Initialize,0x00000000,{}
375510,2026-09-10T14:02:59.221321+00:00,134335225792213219,5832,Env.exe,Registry,RegOpenKey,HKLM\Software\Microsoft\Windows NT\CurrentVersion\Image File Execution Options\Env.exe,0xc0000034,"{""Desired Access"": ""Read""}"
375511,2026-09-10T14:02:59.221556+00:00,134335225792215569,5832,Env.exe,Registry,RegOpenKey,HKLM\Software\Policies\Microsoft\Windows\Control Panel\Desktop,0xc0000034,"{""Desired Access"": ""Read""}"
375513,2026-09-10T14:02:59.221737+00:00,134335225792217372,5832,Env.exe,Registry,RegOpenKey,HKCU\Software\Policies\Microsoft\Windows\Control Panel\Desktop,0xc0000034,"{""Desired Access"": ""Read""}"
375514,2026-09-10T14:02:59.221897+00:00,134335225792218979,5832,Env.exe,Registry,RegOpenKey,HKCU\Control Panel\Desktop,0x00000000,"{""Desired Access"": ""Read""}"
375517,2026-09-10T14:02:59.222039+00:00,134335225792220398,5832,Env.exe,Registry,RegQueryValue,HKCU\Control Panel\Desktop\EnablePerProcessSystemDPI,0xc0000034,"{""Length"": 20}"
375519,2026-09-10T14:02:59.222199+00:00,134335225792221999,5832,Env.exe,Registry,RegCloseKey,HKCU\Control Panel\Desktop,0x00000000,{}
375520,2026-09-10T14:02:59.223154+00:00,134335225792231544,5832,Env.exe,Registry,RegOpenKey,HKLM\Software\Wow6432Node\Microsoft\Windows NT\CurrentVersion\Compatibility32,0x00000000,"{""Desired Access"": ""Read""}"
375521,2026-09-10T14:02:59.223327+00:00,134335225792233271,5832,Env.exe,Registry,RegQueryValue,HKLM\SOFTWARE\WOW6432Node\Microsoft\Windows NT\CurrentVersion\Compatibility32\Env,0xc0000034,"{""Length"": 172}"
375522,2026-09-10T14:02:59.223506+00:00,134335225792235066,5832,Env.exe,Registry,RegCloseKey,HKLM\SOFTWARE\WOW6432Node\Microsoft\Windows NT\CurrentVersion\Compatibility32,0x00000000,{}
375524,2026-09-10T14:02:59.223661+00:00,134335225792236614,5832,Env.exe,Registry,RegOpenKey,HKLM\Software\Wow6432Node\Microsoft\Windows NT\CurrentVersion\IME Compatibility,0xc0000034,"{""Desired Access"": ""Read""}"
375536,2026-09-10T14:02:59.226742+00:00,134335225792267426,5832,Env.exe,Registry,RegQueryKey,HKLM,0x00000000,"{""Query"": ""HandleTags"", ""HandleTags"": 0}"
375537,2026-09-10T14:02:59.226868+00:00,134335225792268682,5832,Env.exe,Registry,RegQueryKey,HKLM,0x00000000,"{""Query"": ""Name"", ""Name"": ""\\REGISTRY\\MACHINE""}"
375538,2026-09-10T14:02:59.227119+00:00,134335225792271198,5832,Env.exe,Registry,RegOpenKey,HKLM\Software\WOW6432Node\Microsoft\Windows NT\CurrentVersion\Windows,0x00000000,"{""Desired Access"": ""Read""}"
375539,2026-09-10T14:02:59.227353+00:00,134335225792273530,5832,Env.exe,Registry,RegSetInfoKey,HKLM\SOFTWARE\WOW6432Node\Microsoft\Windows NT\CurrentVersion\Windows,0x00000000,"{""KeySetInformationClass"": ""KeySetHandleTagsInformation"", ""Length"": 0}"
375541,2026-09-10T14:02:59.227497+00:00,134335225792274978,5832,Env.exe,Registry,RegQueryValue,HKLM\SOFTWARE\WOW6432Node\Microsoft\Windows NT\CurrentVersion\Windows\LoadAppInit_DLLs,0x00000000,"{""Type"": ""REG_DWORD"", ""Length"": 4, ""Data"": 0}"
375542,2026-09-10T14:02:59.227688+00:00,134335225792276886,5832,Env.exe,Registry,RegCloseKey,HKLM\SOFTWARE\WOW6432Node\Microsoft\Windows NT\CurrentVersion\Windows,0x00000000,{}
375562,2026-09-10T14:02:59.234150+00:00,134335225792341506,5832,Env.exe,Registry,RegQueryKey,HKLM\SOFTWARE\Microsoft\Windows NT\CurrentVersion\Image File Execution Options,0x00000000,"{""Query"": ""HandleTags"", ""HandleTags"": 1024}"
375563,2026-09-10T14:02:59.234343+00:00,134335225792343436,5832,Env.exe,Registry,RegOpenKey,HKLM\SOFTWARE\Microsoft\Windows NT\CurrentVersion\Image File Execution Options\Env.exe,0xc0000034,"{""Desired Access"": ""Query Value, Enumerate Sub Keys""}"
375570,2026-09-10T14:02:59.235619+00:00,134335225792356191,5832,Env.exe,Registry,RegQueryKey,HKLM,0x00000000,"{""Query"": ""HandleTags"", ""HandleTags"": 0}"
375571,2026-09-10T14:02:59.235756+00:00,134335225792357566,5832,Env.exe,Registry,RegQueryKey,HKLM,0x00000000,"{""Query"": ""Name"", ""Name"": ""\\REGISTRY\\MACHINE""}"
375573,2026-09-10T14:02:59.236000+00:00,134335225792360009,5832,Env.exe,Registry,RegOpenKey,HKLM\Software\WOW6432Node\Microsoft\OLE\Tracing,0x00000104,"{""Desired Access"": ""Read""}"
375574,2026-09-10T14:02:59.236316+00:00,134335225792363164,5832,Env.exe,Registry,RegOpenKey,HKLM\SOFTWARE\Microsoft\Ole\Tracing,0xc0000034,"{""Desired Access"": ""Read""}"
375575,2026-09-10T14:02:59.237002+00:00,134335225792370022,5832,Env.exe,Registry,RegQueryValue,HKLM\System\CurrentControlSet\Control\WMI\Security\1aff6089-e863-4d36-bdfd-3581f07440be,0xc0000034,"{""Length"": 528}"
375577,2026-09-10T14:02:59.237303+00:00,134335225792373035,5832,Env.exe,File_System,QueryNameInformationFile,C:\Windows\SysWOW64\ole32.dll,0x00000000,"{""Name"": ""\\Windows\\SysWOW64\\ole32.dll""}"
375579,2026-09-10T14:02:59.237907+00:00,134335225792379074,5832,Env.exe,Registry,RegQueryValue,HKLM\System\CurrentControlSet\Control\WMI\Security\f0558438-f56a-5987-47da-040ca75aef05,0xc0000034,"{""Length"": 528}"
375580,2026-09-10T14:02:59.238174+00:00,134335225792381741,5832,Env.exe,File_System,QueryNameInformationFile,C:\Windows\SysWOW64\ole32.dll,0x00000000,"{""Name"": ""\\Windows\\SysWOW64\\ole32.dll""}"
375583,2026-09-10T14:02:59.239474+00:00,134335225792394742,5832,Env.exe,File_System,QueryOpen,C:\Windows\SysWOW64\oleaut32.dll,0xc01c0004,{}
375586,2026-09-10T14:02:59.240274+00:00,134335225792402747,5832,Env.exe,File_System,CreateFile,C:\Windows\SysWOW64\oleaut32.dll,0x00000000,"{""Desired Access"": ""Read Attributes"", ""Disposition"": ""Open"", ""Options"": ""Open Reparse Point"", ""Attributes"": ""n/a"", ""ShareMode"": ""Read, Write, Delete"", ""AllocationSize"": ""n/a"", ""OpenResult"": ""Opened""}"
375587,2026-09-10T14:02:59.240672+00:00,134335225792406728,5832,Env.exe,File_System,QueryBasicInformationFile,C:\Windows\SysWOW64\oleaut32.dll,0x00000000,"{""CreationTime"": 132780004954020187, ""LastAccessTime"": 134335225652537092, ""LastWriteTime"": 132780004954020187, ""ChangeTime"": 134335022118632972, ""FileAttributes"": ""A""}"
375588,2026-09-10T14:02:59.240768+00:00,134335225792407684,5832,Env.exe,File_System,CloseFile,C:\Windows\SysWOW64\oleaut32.dll,0x00000000,{}
375590,2026-09-10T14:02:59.240886+00:00,134335225792408862,5832,Env.exe,File_System,IRP_MJ_CLOSE,C:\Windows\SysWOW64\oleaut32.dll,0x00000000,{}
375595,2026-09-10T14:02:59.243389+00:00,134335225792433895,5832,Env.exe,File_System,CreateFile,C:\Windows\SysWOW64\oleaut32.dll,0x00000000,"{""Desired Access"": ""Read Data/List Directory, Synchronize"", ""Disposition"": ""Open"", ""Options"": ""Synchronous IO Non-Alert, Non-Directory File"", ""Attributes"": ""n/a"", ""ShareMode"": ""Read, Delete"", ""AllocationSize"": ""n/a"", ""OpenResult"": ""Opened""}"
375599,2026-09-10T14:02:59.244562+00:00,134335225792445624,5832,Env.exe,File_System,CreateFileMapping,C:\Windows\SysWOW64\oleaut32.dll,0x0000012a,"{""SyncType"": ""SyncTypeCreateSection"", ""PageProtection"": ""PAGE_READONLY""}"
375600,2026-09-10T14:02:59.244666+00:00,134335225792446665,5832,Env.exe,File_System,QueryStandardInformationFile,C:\Windows\SysWOW64\oleaut32.dll,0x00000000,"{""AllocationSize"": 610304, ""EndOfFile"": 606888, ""NumberOfLinks"": 2, ""DeletePending"": false, ""Directory"": false}"
375601,2026-09-10T14:02:59.244752+00:00,134335225792447524,5832,Env.exe,File_System,FASTIO_RELEASE_FOR_SECTION_SYNCHRONIZATION,C:\Windows\SysWOW64\oleaut32.dll,0x00000000,{}
375602,2026-09-10T14:02:59.244831+00:00,134335225792448318,5832,Env.exe,File_System,CreateFileMapping,C:\Windows\SysWOW64\oleaut32.dll,0x00000000,"{""SyncType"": ""SyncTypeOther""}"
375603,2026-09-10T14:02:59.244887+00:00,134335225792448875,5832,Env.exe,File_System,FASTIO_RELEASE_FOR_SECTION_SYNCHRONIZATION,C:\Windows\SysWOW64\oleaut32.dll,0x00000000,{}
375605,2026-09-10T14:02:59.245474+00:00,134335225792454743,5832,Env.exe,File_System,CloseFile,C:\Windows\SysWOW64\oleaut32.dll,0x00000000,{}
375606,2026-09-10T14:02:59.245598+00:00,134335225792455981,5832,Env.exe,File_System,IRP_MJ_CLOSE,C:\Windows\SysWOW64\oleaut32.dll,0x00000000,{}
375616,2026-09-10T14:02:59.247952+00:00,134335225792479527,5832,Env.exe,Registry,RegQueryValue,HKLM\System\CurrentControlSet\Control\WMI\Security\30336ed4-e327-447c-9de0-51b652c86108,0xc0000034,"{""Length"": 528}"
375617,2026-09-10T14:02:59.248297+00:00,134335225792482972,5832,Env.exe,File_System,QueryNameInformationFile,C:\Windows\SysWOW64\shell32.dll,0x00000000,"{""Name"": ""\\Windows\\SysWOW64\\shell32.dll""}"
375620,2026-09-10T14:02:59.248864+00:00,134335225792488645,5832,Env.exe,Registry,RegQueryValue,HKLM\System\CurrentControlSet\Control\WMI\Security\32980f26-c8f5-5767-6b26-635b3fa83c61,0xc0000034,"{""Length"": 528}"
375622,2026-09-10T14:02:59.249089+00:00,134335225792490895,5832,Env.exe,File_System,QueryNameInformationFile,C:\Windows\SysWOW64\shell32.dll,0x00000000,"{""Name"": ""\\Windows\\SysWOW64\\shell32.dll""}"
375623,2026-09-10T14:02:59.249432+00:00,134335225792494320,5832,Env.exe,Registry,RegQueryValue,HKLM\System\CurrentControlSet\Control\WMI\Security\703fcc13-b66f-5868-ddd9-e2db7f381ffb,0xc0000034,"{""Length"": 528}"
375624,2026-09-10T14:02:59.249638+00:00,134335225792496387,5832,Env.exe,File_System,QueryNameInformationFile,C:\Windows\SysWOW64\shell32.dll,0x00000000,"{""Name"": ""\\Windows\\SysWOW64\\shell32.dll""}"
375626,2026-09-10T14:02:59.250308+00:00,134335225792503086,5832,Env.exe,Registry,RegQueryValue,HKLM\System\CurrentControlSet\Control\WMI\Security\d0f1a5c6-fc43-48ae-99bf-efb1c38be9d1,0xc0000034,"{""Length"": 528}"
375628,2026-09-10T14:02:59.250541+00:00,134335225792505410,5832,Env.exe,File_System,QueryNameInformationFile,C:\Windows\SysWOW64\ws2_32.dll,0x00000000,"{""Name"": ""\\Windows\\SysWOW64\\ws2_32.dll""}"
375646,2026-09-10T14:02:59.262691+00:00,134335225792626917,5832,Env.exe,Registry,RegQueryValue,HKLM\System\CurrentControlSet\Control\WMI\Security\9ca335ed-c0a6-4b4d-b084-9c9b5143aff0,0xc0000034,"{""Length"": 528}"
375648,2026-09-10T14:02:59.262997+00:00,134335225792629971,5832,Env.exe,File_System,QueryNameInformationFile,C:\Windows\SysWOW64\dnsapi.dll,0x00000000,"{""Name"": ""\\Windows\\SysWOW64\\dnsapi.dll""}"
375653,2026-09-10T14:02:59.263699+00:00,134335225792636991,5832,Env.exe,Registry,RegQueryValue,HKLM\System\CurrentControlSet\Control\WMI\Security\703fcc13-b66f-5868-ddd9-e2db7f381ffb,0xc0000034,"{""Length"": 528}"
375655,2026-09-10T14:02:59.263936+00:00,134335225792639360,5832,Env.exe,File_System,QueryNameInformationFile,C:\Windows\SysWOW64\dnsapi.dll,0x00000000,"{""Name"": ""\\Windows\\SysWOW64\\dnsapi.dll""}"
375919,2026-09-10T14:02:59.312745+00:00,134335225793127459,5832,Env.exe,Process,Load_Image,C:\Windows\SysWOW64\nsi.dll,0x00000000,"{""Image Base"": 1998520320, ""Image Size"": 28672}"
375929,2026-09-10T14:02:59.314580+00:00,134335225793145805,5832,Env.exe,File_System,CreateFile,C:\Windows\SysWOW64\nsi.dll,0x00000000,"{""Desired Access"": ""Read Control"", ""Disposition"": ""Open"", ""Options"": """", ""Attributes"": ""n/a"", ""ShareMode"": ""Read, Delete"", ""AllocationSize"": ""n/a"", ""OpenResult"": ""Opened""}"
375932,2026-09-10T14:02:59.315377+00:00,134335225793153778,5832,Env.exe,File_System,QuerySecurityFile,C:\Windows\SysWOW64\nsi.dll,0x80000005,"{""Information"": ""Owner""}"
375933,2026-09-10T14:02:59.315487+00:00,134335225793154876,5832,Env.exe,File_System,QuerySecurityFile,C:\Windows\SysWOW64\nsi.dll,0x00000000,"{""Information"": ""Owner""}"
375934,2026-09-10T14:02:59.315566+00:00,134335225793155665,5832,Env.exe,File_System,CloseFile,C:\Windows\SysWOW64\nsi.dll,0x00000000,{}
375935,2026-09-10T14:02:59.315658+00:00,134335225793156584,5832,Env.exe,File_System,IRP_MJ_CLOSE,C:\Windows\SysWOW64\nsi.dll,0x00000000,{}
375941,2026-09-10T14:02:59.317262+00:00,134335225793172629,5832,Env.exe,Registry,RegOpenKey,HKLM\System\CurrentControlSet\Control\StateSeparation\RedirectionMap\Keys,0x00000104,"{""Desired Access"": ""Read""}"
375942,2026-09-10T14:02:59.317515+00:00,134335225793175156,5832,Env.exe,Registry,RegOpenKey,HKLM\System\CurrentControlSet\Control\StateSeparation\RedirectionMap\Keys,0xc0000034,"{""Desired Access"": ""Read""}"
375943,2026-09-10T14:02:59.317863+00:00,134335225793178638,5832,Env.exe,Registry,RegQueryKey,HKLM,0x00000000,"{""Query"": ""HandleTags"", ""HandleTags"": 0}"
375944,2026-09-10T14:02:59.317976+00:00,134335225793179765,5832,Env.exe,Registry,RegQueryKey,HKLM,0x00000000,"{""Query"": ""Name"", ""Name"": ""\\REGISTRY\\MACHINE""}"
375946,2026-09-10T14:02:59.318165+00:00,134335225793181658,5832,Env.exe,Registry,RegOpenKey,HKLM\System\CurrentControlSet\Services\Tcpip\Parameters\Interfaces,0x00000104,"{""Desired Access"": ""Read""}"
375947,2026-09-10T14:02:59.318335+00:00,134335225793183355,5832,Env.exe,Registry,RegOpenKey,HKLM\System\CurrentControlSet\Services\Tcpip\Parameters\Interfaces,0x00000000,"{""Desired Access"": ""Read""}"
375948,2026-09-10T14:02:59.318553+00:00,134335225793185536,5832,Env.exe,Registry,RegSetInfoKey,HKLM\System\CurrentControlSet\Services\Tcpip\Parameters\Interfaces,0x00000000,"{""KeySetInformationClass"": ""KeySetHandleTagsInformation"", ""Length"": 0}"
375950,2026-09-10T14:02:59.318913+00:00,134335225793189134,5832,Env.exe,Registry,RegQueryKey,HKLM,0x00000000,"{""Query"": ""HandleTags"", ""HandleTags"": 0}"
375951,2026-09-10T14:02:59.319157+00:00,134335225793191577,5832,Env.exe,Registry,RegQueryKey,HKLM,0x00000000,"{""Query"": ""Name"", ""Name"": ""\\REGISTRY\\MACHINE""}"
375952,2026-09-10T14:02:59.319405+00:00,134335225793194059,5832,Env.exe,Registry,RegOpenKey,HKLM\System\CurrentControlSet\Services\Tcpip6\Parameters\Interfaces,0x00000104,"{""Desired Access"": ""Read""}"
375955,2026-09-10T14:02:59.319532+00:00,134335225793195329,5832,Env.exe,Registry,RegOpenKey,HKLM\System\CurrentControlSet\Services\Tcpip6\Parameters\Interfaces,0x00000000,"{""Desired Access"": ""Read""}"
375958,2026-09-10T14:02:59.319675+00:00,134335225793196757,5832,Env.exe,Registry,RegSetInfoKey,HKLM\System\CurrentControlSet\Services\Tcpip6\Parameters\Interfaces,0x00000000,"{""KeySetInformationClass"": ""KeySetHandleTagsInformation"", ""Length"": 0}"
375965,2026-09-10T14:02:59.324403+00:00,134335225793244034,5832,Env.exe,File_System,ReadFile,C:\Windows\SysWOW64\dwmapi.dll,0x00000000,"{""Offset"": 33792, ""Length"": 32768, ""I/O Flags"": ""Non-cached, Paging I/O, Synchronous Paging I/O"", ""Priority"": ""Normal""}"
375998,2026-09-10T14:02:59.338618+00:00,134335225793386180,5832,Env.exe,File_System,QueryNameInformationFile,C:\Lab\sample\VIRUS\Env.exe,0x00000000,"{""Name"": ""\\Lab\\sample\\VIRUS\\Env.exe""}"
376002,2026-09-10T14:02:59.340686+00:00,134335225793406868,5832,Env.exe,Process,Load_Image,C:\Windows\SysWOW64\SHCore.dll,0x00000000,"{""Image Base"": 1988558848, ""Image Size"": 552960}"
376008,2026-09-10T14:02:59.342558+00:00,134335225793425585,5832,Env.exe,File_System,CreateFile,C:\Windows\SysWOW64\SHCore.dll,0x00000000,"{""Desired Access"": ""Read Control"", ""Disposition"": ""Open"", ""Options"": """", ""Attributes"": ""n/a"", ""ShareMode"": ""Read, Delete"", ""AllocationSize"": ""n/a"", ""OpenResult"": ""Opened""}"
376009,2026-09-10T14:02:59.342932+00:00,134335225793429321,5832,Env.exe,File_System,QuerySecurityFile,C:\Windows\SysWOW64\SHCore.dll,0x80000005,"{""Information"": ""Owner""}"
376010,2026-09-10T14:02:59.343019+00:00,134335225793430196,5832,Env.exe,File_System,QuerySecurityFile,C:\Windows\SysWOW64\SHCore.dll,0x00000000,"{""Information"": ""Owner""}"
376011,2026-09-10T14:02:59.343089+00:00,134335225793430895,5832,Env.exe,File_System,CloseFile,C:\Windows\SysWOW64\SHCore.dll,0x00000000,{}
376012,2026-09-10T14:02:59.343184+00:00,134335225793431842,5832,Env.exe,File_System,IRP_MJ_CLOSE,C:\Windows\SysWOW64\SHCore.dll,0x00000000,{}
376021,2026-09-10T14:02:59.346818+00:00,134335225793468186,5832,Env.exe,File_System,QueryOpen,C:\Lab\sample\VIRUS\Env.exe,0xc01c0004,{}
376023,2026-09-10T14:02:59.347498+00:00,134335225793474982,5832,Env.exe,File_System,CreateFile,C:\Lab\sample\VIRUS\Env.exe,0x00000000,"{""Desired Access"": ""Read Attributes"", ""Disposition"": ""Open"", ""Options"": ""Open Reparse Point"", ""Attributes"": ""n/a"", ""ShareMode"": ""Read, Write, Delete"", ""AllocationSize"": ""n/a"", ""OpenResult"": ""Opened""}"
376024,2026-09-10T14:02:59.347728+00:00,134335225793477286,5832,Env.exe,File_System,QueryBasicInformationFile,C:\Lab\sample\VIRUS\Env.exe,0x00000000,"{""CreationTime"": 134335221249467777, ""LastAccessTime"": 134335225786935428, ""LastWriteTime"": 133048999140000000, ""ChangeTime"": 134335221256516738, ""FileAttributes"": ""A""}"
376025,2026-09-10T14:02:59.347841+00:00,134335225793478416,5832,Env.exe,File_System,CloseFile,C:\Lab\sample\VIRUS\Env.exe,0x00000000,{}
376026,2026-09-10T14:02:59.347940+00:00,134335225793479405,5832,Env.exe,File_System,IRP_MJ_CLOSE,C:\Lab\sample\VIRUS\Env.exe,0x00000000,{}
376028,2026-09-10T14:02:59.348815+00:00,134335225793488154,5832,Env.exe,Registry,RegOpenKey,HKLM\System\CurrentControlSet\Control\Nls\CustomLocale,0x00000104,"{""Desired Access"": ""Read""}"
376030,2026-09-10T14:02:59.348995+00:00,134335225793489954,5832,Env.exe,Registry,RegOpenKey,HKLM\System\CurrentControlSet\Control\Nls\CustomLocale,0x00000000,"{""Desired Access"": ""Read""}"
376033,2026-09-10T14:02:59.349168+00:00,134335225793491686,5832,Env.exe,Registry,RegSetInfoKey,HKLM\System\CurrentControlSet\Control\Nls\CustomLocale,0x00000000,"{""KeySetInformationClass"": ""KeySetHandleTagsInformation"", ""Length"": 0}"
376035,2026-09-10T14:02:59.349289+00:00,134335225793492892,5832,Env.exe,Registry,RegQueryValue,HKLM\System\CurrentControlSet\Control\Nls\CustomLocale\fr-FR,0xc0000034,"{""Length"": 532}"
376063,2026-09-10T14:02:59.353820+00:00,134335225793538201,5832,Env.exe,Registry,RegCloseKey,HKLM\System\CurrentControlSet\Control\Nls\CustomLocale,0x00000000,{}
376065,2026-09-10T14:02:59.353992+00:00,134335225793539926,5832,Env.exe,Registry,RegOpenKey,HKLM\System\CurrentControlSet\Control\Nls\ExtendedLocale,0x00000104,"{""Desired Access"": ""Read""}"
376066,2026-09-10T14:02:59.354116+00:00,134335225793541168,5832,Env.exe,Registry,RegOpenKey,HKLM\System\CurrentControlSet\Control\Nls\ExtendedLocale,0x00000000,"{""Desired Access"": ""Read""}"
376067,2026-09-10T14:02:59.354261+00:00,134335225793542619,5832,Env.exe,Registry,RegSetInfoKey,HKLM\System\CurrentControlSet\Control\Nls\ExtendedLocale,0x00000000,"{""KeySetInformationClass"": ""KeySetHandleTagsInformation"", ""Length"": 0}"
376068,2026-09-10T14:02:59.354364+00:00,134335225793543644,5832,Env.exe,Registry,RegQueryValue,HKLM\System\CurrentControlSet\Control\Nls\ExtendedLocale\fr-FR,0xc0000034,"{""Length"": 532}"
376069,2026-09-10T14:02:59.354488+00:00,134335225793544882,5832,Env.exe,Registry,RegCloseKey,HKLM\System\CurrentControlSet\Control\Nls\ExtendedLocale,0x00000000,{}
376073,2026-09-10T14:02:59.356575+00:00,134335225793565751,5832,Env.exe,File_System,QueryOpen,C:\Lab\sample\VIRUS\qt.conf,0xc01c0004,{}
376075,2026-09-10T14:02:59.357238+00:00,134335225793572382,5832,Env.exe,File_System,CreateFile,C:\Lab\sample\VIRUS\qt.conf,0xc0000034,"{""Desired Access"": ""Read Attributes"", ""Disposition"": ""Open"", ""Options"": ""Open Reparse Point"", ""Attributes"": ""n/a"", ""ShareMode"": ""Read, Write, Delete"", ""AllocationSize"": ""n/a""}"
376080,2026-09-10T14:02:59.358109+00:00,134335225793581096,5832,Env.exe,Registry,RegOpenKey,HKLM\SYSTEM\CurrentControlSet\Control\Session Manager,0x00000104,"{""Desired Access"": ""Query Value, Enumerate Sub Keys""}"
376081,2026-09-10T14:02:59.358240+00:00,134335225793582404,5832,Env.exe,Registry,RegOpenKey,HKLM\System\CurrentControlSet\Control\Session Manager,0x00000000,"{""Desired Access"": ""Query Value, Enumerate Sub Keys""}"
376082,2026-09-10T14:02:59.358380+00:00,134335225793583803,5832,Env.exe,Registry,RegSetInfoKey,HKLM\System\CurrentControlSet\Control\Session Manager,0x00000000,"{""KeySetInformationClass"": ""KeySetHandleTagsInformation"", ""Length"": 0}"
376083,2026-09-10T14:02:59.358473+00:00,134335225793584736,5832,Env.exe,Registry,RegQueryValue,HKLM\System\CurrentControlSet\Control\Session Manager\ResourcePolicies,0xc0000034,"{""Length"": 24}"
376084,2026-09-10T14:02:59.358610+00:00,134335225793586108,5832,Env.exe,Registry,RegCloseKey,HKLM\System\CurrentControlSet\Control\Session Manager,0x00000000,{}
376086,2026-09-10T14:02:59.359620+00:00,134335225793596206,5832,Env.exe,Registry,RegOpenKey,HKLM\Software\WOW6432Node\Microsoft\LanguageOverlay\OverlayPackages\fr-FR,0x00000104,"{""Desired Access"": ""Read""}"
376088,2026-09-10T14:02:59.359907+00:00,134335225793599079,5832,Env.exe,Registry,RegOpenKey,HKLM\SOFTWARE\Microsoft\LanguageOverlay\OverlayPackages\fr-FR,0xc0000034,"{""Desired Access"": ""Read""}"
376092,2026-09-10T14:02:59.360846+00:00,134335225793608468,5832,Env.exe,File_System,CreateFile,C:\Windows\SysWOW64\fr-FR\KERNELBASE.dll.mui,0xc0000034,"{""Desired Access"": ""Read Data/List Directory, Synchronize"", ""Disposition"": ""Open"", ""Options"": ""Synchronous IO Non-Alert, Non-Directory File"", ""Attributes"": ""n/a"", ""ShareMode"": ""Read, Delete"", ""AllocationSize"": ""n/a""}"
376098,2026-09-10T14:02:59.361803+00:00,134335225793618032,5832,Env.exe,File_System,CreateFile,C:\Windows\System32\fr-FR\KernelBase.dll.mui,0x00000000,"{""Desired Access"": ""Read Data/List Directory, Synchronize"", ""Disposition"": ""Open"", ""Options"": ""Synchronous IO Non-Alert, Non-Directory File"", ""Attributes"": ""n/a"", ""ShareMode"": ""Read, Delete"", ""AllocationSize"": ""n/a"", ""OpenResult"": ""Opened""}"
376101,2026-09-10T14:02:59.362186+00:00,134335225793621869,5832,Env.exe,File_System,CreateFileMapping,C:\Windows\System32\fr-FR\KernelBase.dll.mui,0x0000012a,"{""SyncType"": ""SyncTypeCreateSection"", ""PageProtection"": ""PAGE_READONLY""}"
376102,2026-09-10T14:02:59.362259+00:00,134335225793622597,5832,Env.exe,File_System,QueryStandardInformationFile,C:\Windows\System32\fr-FR\KernelBase.dll.mui,0x00000000,"{""AllocationSize"": 1490944, ""EndOfFile"": 1488896, ""NumberOfLinks"": 2, ""DeletePending"": false, ""Directory"": false}"
376104,2026-09-10T14:02:59.362324+00:00,134335225793623249,5832,Env.exe,File_System,FASTIO_RELEASE_FOR_SECTION_SYNCHRONIZATION,C:\Windows\System32\fr-FR\KernelBase.dll.mui,0x00000000,{}
376105,2026-09-10T14:02:59.362388+00:00,134335225793623889,5832,Env.exe,File_System,CreateFileMapping,C:\Windows\System32\fr-FR\KernelBase.dll.mui,0x00000000,"{""SyncType"": ""SyncTypeOther""}"
376106,2026-09-10T14:02:59.362446+00:00,134335225793624462,5832,Env.exe,File_System,FASTIO_RELEASE_FOR_SECTION_SYNCHRONIZATION,C:\Windows\System32\fr-FR\KernelBase.dll.mui,0x00000000,{}
376176,2026-09-10T14:02:59.381866+00:00,134335225793818666,5832,Env.exe,File_System,QueryOpen,C:\Windows\SysWOW64\windows.storage.dll,0xc01c0004,{}
376178,2026-09-10T14:02:59.383474+00:00,134335225793834748,5832,Env.exe,File_System,CreateFile,C:\Windows\SysWOW64\windows.storage.dll,0x00000000,"{""Desired Access"": ""Read Attributes"", ""Disposition"": ""Open"", ""Options"": ""Open Reparse Point"", ""Attributes"": ""n/a"", ""ShareMode"": ""Read, Write, Delete"", ""AllocationSize"": ""n/a"", ""OpenResult"": ""Opened""}"
376180,2026-09-10T14:02:59.383988+00:00,134335225793839881,5832,Env.exe,File_System,QueryBasicInformationFile,C:\Windows\SysWOW64\windows.storage.dll,0x00000000,"{""CreationTime"": 132780004906362924, ""LastAccessTime"": 134335225655068470, ""LastWriteTime"": 132780004907768555, ""ChangeTime"": 134335054329946895, ""FileAttributes"": ""A""}"
376183,2026-09-10T14:02:59.384391+00:00,134335225793843912,5832,Env.exe,File_System,CloseFile,C:\Windows\SysWOW64\windows.storage.dll,0x00000000,{}
376184,2026-09-10T14:02:59.384529+00:00,134335225793845298,5832,Env.exe,File_System,IRP_MJ_CLOSE,C:\Windows\SysWOW64\windows.storage.dll,0x00000000,{}
376185,2026-09-10T14:02:59.385686+00:00,134335225793856866,5832,Env.exe,File_System,CreateFile,C:\Windows\SysWOW64\windows.storage.dll,0x00000000,"{""Desired Access"": ""Read Data/List Directory, Execute/Traverse, Synchronize"", ""Disposition"": ""Open"", ""Options"": ""Synchronous IO Non-Alert, Non-Directory File"", ""Attributes"": ""n/a"", ""ShareMode"": ""Read, Delete"", ""AllocationSize"": ""n/a"", ""OpenResult"": ""Opened""}"
376187,2026-09-10T14:02:59.386174+00:00,134335225793861745,5832,Env.exe,File_System,CreateFileMapping,C:\Windows\SysWOW64\windows.storage.dll,0x0000012a,"{""SyncType"": ""SyncTypeCreateSection"", ""PageProtection"": ""PAGE_EXECUTE""}"
376188,2026-09-10T14:02:59.386271+00:00,134335225793862710,5832,Env.exe,File_System,FASTIO_RELEASE_FOR_SECTION_SYNCHRONIZATION,C:\Windows\SysWOW64\windows.storage.dll,0x00000000,{}
376189,2026-09-10T14:02:59.386371+00:00,134335225793863712,5832,Env.exe,File_System,CreateFileMapping,C:\Windows\SysWOW64\windows.storage.dll,0x00000000,"{""SyncType"": ""SyncTypeOther""}"
376190,2026-09-10T14:02:59.386433+00:00,134335225793864337,5832,Env.exe,File_System,FASTIO_RELEASE_FOR_SECTION_SYNCHRONIZATION,C:\Windows\SysWOW64\windows.storage.dll,0x00000000,{}
376195,2026-09-10T14:02:59.387483+00:00,134335225793874833,5832,Env.exe,Process,Load_Image,C:\Windows\SysWOW64\windows.storage.dll,0x00000000,"{""Image Base"": 1963327488, ""Image Size"": 6324224}"
376202,2026-09-10T14:02:59.388698+00:00,134335225793886988,5832,Env.exe,File_System,CloseFile,C:\Windows\SysWOW64\windows.storage.dll,0x00000000,{}
376204,2026-09-10T14:02:59.388829+00:00,134335225793888297,5832,Env.exe,File_System,IRP_MJ_CLOSE,C:\Windows\SysWOW64\windows.storage.dll,0x00000000,{}
376206,2026-09-10T14:02:59.389789+00:00,134335225793897890,5832,Env.exe,File_System,QueryOpen,C:\Lab\sample\VIRUS\Wldp.dll,0xc01c0004,{}
376208,2026-09-10T14:02:59.390525+00:00,134335225793905258,5832,Env.exe,File_System,CreateFile,C:\Lab\sample\VIRUS\Wldp.dll,0xc0000034,"{""Desired Access"": ""Read Attributes"", ""Disposition"": ""Open"", ""Options"": ""Open Reparse Point"", ""Attributes"": ""n/a"", ""ShareMode"": ""Read, Write, Delete"", ""AllocationSize"": ""n/a""}"
376211,2026-09-10T14:02:59.391513+00:00,134335225793915131,5832,Env.exe,File_System,QueryOpen,C:\Windows\SysWOW64\wldp.dll,0xc01c0004,{}
376213,2026-09-10T14:02:59.392221+00:00,134335225793922217,5832,Env.exe,File_System,CreateFile,C:\Windows\SysWOW64\wldp.dll,0x00000000,"{""Desired Access"": ""Read Attributes"", ""Disposition"": ""Open"", ""Options"": ""Open Reparse Point"", ""Attributes"": ""n/a"", ""ShareMode"": ""Read, Write, Delete"", ""AllocationSize"": ""n/a"", ""OpenResult"": ""Opened""}"
376214,2026-09-10T14:02:59.392517+00:00,134335225793925178,5832,Env.exe,File_System,QueryBasicInformationFile,C:\Windows\SysWOW64\wldp.dll,0x00000000,"{""CreationTime"": 132780004943550312, ""LastAccessTime"": 134335225655530713, ""LastWriteTime"": 132780004943550312, ""ChangeTime"": 134335054323252372, ""FileAttributes"": ""A""}"
376215,2026-09-10T14:02:59.392595+00:00,134335225793925957,5832,Env.exe,File_System,CloseFile,C:\Windows\SysWOW64\wldp.dll,0x00000000,{}
376217,2026-09-10T14:02:59.392707+00:00,134335225793927076,5832,Env.exe,File_System,IRP_MJ_CLOSE,C:\Windows\SysWOW64\wldp.dll,0x00000000,{}
376219,2026-09-10T14:02:59.393531+00:00,134335225793935316,5832,Env.exe,File_System,CreateFile,C:\Windows\SysWOW64\wldp.dll,0x00000000,"{""Desired Access"": ""Read Data/List Directory, Execute/Traverse, Synchronize"", ""Disposition"": ""Open"", ""Options"": ""Synchronous IO Non-Alert, Non-Directory File"", ""Attributes"": ""n/a"", ""ShareMode"": ""Read, Delete"", ""AllocationSize"": ""n/a"", ""OpenResult"": ""Opened""}"
376221,2026-09-10T14:02:59.393987+00:00,134335225793939879,5832,Env.exe,File_System,CreateFileMapping,C:\Windows\SysWOW64\wldp.dll,0x0000012a,"{""SyncType"": ""SyncTypeCreateSection"", ""PageProtection"": ""PAGE_EXECUTE""}"
376222,2026-09-10T14:02:59.394189+00:00,134335225793941898,5832,Env.exe,File_System,FASTIO_RELEASE_FOR_SECTION_SYNCHRONIZATION,C:\Windows\SysWOW64\wldp.dll,0x00000000,{}
376223,2026-09-10T14:02:59.394291+00:00,134335225793942917,5832,Env.exe,File_System,CreateFileMapping,C:\Windows\SysWOW64\wldp.dll,0x00000000,"{""SyncType"": ""SyncTypeOther""}"
376224,2026-09-10T14:02:59.394352+00:00,134335225793943526,5832,Env.exe,File_System,FASTIO_RELEASE_FOR_SECTION_SYNCHRONIZATION,C:\Windows\SysWOW64\wldp.dll,0x00000000,{}
376226,2026-09-10T14:02:59.395286+00:00,134335225793952867,5832,Env.exe,Process,Load_Image,C:\Windows\SysWOW64\wldp.dll,0x00000000,"{""Image Base"": 1963130880, ""Image Size"": 147456}"
376230,2026-09-10T14:02:59.396092+00:00,134335225793960925,5832,Env.exe,File_System,CloseFile,C:\Windows\SysWOW64\wldp.dll,0x00000000,{}
376232,2026-09-10T14:02:59.396230+00:00,134335225793962303,5832,Env.exe,File_System,IRP_MJ_CLOSE,C:\Windows\SysWOW64\wldp.dll,0x00000000,{}
376241,2026-09-10T14:02:59.398896+00:00,134335225793988966,5832,Env.exe,File_System,CreateFile,C:\Windows\SysWOW64\wldp.dll,0x00000000,"{""Desired Access"": ""Read Control"", ""Disposition"": ""Open"", ""Options"": """", ""Attributes"": ""n/a"", ""ShareMode"": ""Read, Delete"", ""AllocationSize"": ""n/a"", ""OpenResult"": ""Opened""}"
376242,2026-09-10T14:02:59.399244+00:00,134335225793992447,5832,Env.exe,File_System,QuerySecurityFile,C:\Windows\SysWOW64\wldp.dll,0x80000005,"{""Information"": ""Owner""}"
376243,2026-09-10T14:02:59.399345+00:00,134335225793993451,5832,Env.exe,File_System,QuerySecurityFile,C:\Windows\SysWOW64\wldp.dll,0x00000000,"{""Information"": ""Owner""}"
376245,2026-09-10T14:02:59.399423+00:00,134335225793994234,5832,Env.exe,File_System,CloseFile,C:\Windows\SysWOW64\wldp.dll,0x00000000,{}
376246,2026-09-10T14:02:59.399533+00:00,134335225793995335,5832,Env.exe,File_System,IRP_MJ_CLOSE,C:\Windows\SysWOW64\wldp.dll,0x00000000,{}
376247,2026-09-10T14:02:59.400661+00:00,134335225794006617,5832,Env.exe,File_System,CreateFile,C:\Windows\SysWOW64\windows.storage.dll,0x00000000,"{""Desired Access"": ""Read Control"", ""Disposition"": ""Open"", ""Options"": """", ""Attributes"": ""n/a"", ""ShareMode"": ""Read, Delete"", ""AllocationSize"": ""n/a"", ""OpenResult"": ""Opened""}"
376249,2026-09-10T14:02:59.400901+00:00,134335225794009014,5832,Env.exe,File_System,QuerySecurityFile,C:\Windows\SysWOW64\windows.storage.dll,0x80000005,"{""Information"": ""Owner""}"
376250,2026-09-10T14:02:59.401020+00:00,134335225794010206,5832,Env.exe,File_System,QuerySecurityFile,C:\Windows\SysWOW64\windows.storage.dll,0x00000000,"{""Information"": ""Owner""}"
376251,2026-09-10T14:02:59.401093+00:00,134335225794010936,5832,Env.exe,File_System,CloseFile,C:\Windows\SysWOW64\windows.storage.dll,0x00000000,{}
376252,2026-09-10T14:02:59.401185+00:00,134335225794011851,5832,Env.exe,File_System,IRP_MJ_CLOSE,C:\Windows\SysWOW64\windows.storage.dll,0x00000000,{}
376253,2026-09-10T14:02:59.402080+00:00,134335225794020801,5832,Env.exe,Registry,RegQueryValue,HKLM\System\CurrentControlSet\Control\WMI\Security\9a2edb8f-5883-499f-aced-6e4b69d43ddf,0xc0000034,"{""Length"": 528}"
376255,2026-09-10T14:02:59.402371+00:00,134335225794023714,5832,Env.exe,File_System,QueryNameInformationFile,C:\Windows\SysWOW64\wldp.dll,0x00000000,"{""Name"": ""\\Windows\\SysWOW64\\wldp.dll""}"
376260,2026-09-10T14:02:59.404213+00:00,134335225794042134,5832,Env.exe,Registry,RegQueryValue,HKLM\System\CurrentControlSet\Control\WMI\Security\30336ed4-e327-447c-9de0-51b652c86108,0xc0000034,"{""Length"": 528}"
376262,2026-09-10T14:02:59.404594+00:00,134335225794045947,5832,Env.exe,File_System,QueryNameInformationFile,C:\Windows\SysWOW64\windows.storage.dll,0x00000000,"{""Name"": ""\\Windows\\SysWOW64\\windows.storage.dll""}"
376267,2026-09-10T14:02:59.405128+00:00,134335225794051283,5832,Env.exe,Registry,RegQueryValue,HKLM\System\CurrentControlSet\Control\WMI\Security\a40b455c-253c-4311-ac6d-6e667edccefc,0xc0000034,"{""Length"": 528}"
376270,2026-09-10T14:02:59.405364+00:00,134335225794053642,5832,Env.exe,File_System,QueryNameInformationFile,C:\Windows\SysWOW64\windows.storage.dll,0x00000000,"{""Name"": ""\\Windows\\SysWOW64\\windows.storage.dll""}"
376272,2026-09-10T14:02:59.406153+00:00,134335225794061537,5832,Env.exe,Registry,RegQueryValue,HKLM\System\CurrentControlSet\Control\WMI\Security\703fcc13-b66f-5868-ddd9-e2db7f381ffb,0xc0000034,"{""Length"": 528}"
376273,2026-09-10T14:02:59.406409+00:00,134335225794064097,5832,Env.exe,File_System,QueryNameInformationFile,C:\Windows\SysWOW64\windows.storage.dll,0x00000000,"{""Name"": ""\\Windows\\SysWOW64\\windows.storage.dll""}"
376274,2026-09-10T14:02:59.406807+00:00,134335225794068072,5832,Env.exe,Registry,RegQueryValue,HKLM\System\CurrentControlSet\Control\WMI\Security\32980f26-c8f5-5767-6b26-635b3fa83c61,0xc0000034,"{""Length"": 528}"
376276,2026-09-10T14:02:59.407013+00:00,134335225794070135,5832,Env.exe,File_System,QueryNameInformationFile,C:\Windows\SysWOW64\windows.storage.dll,0x00000000,"{""Name"": ""\\Windows\\SysWOW64\\windows.storage.dll""}"
376279,2026-09-10T14:02:59.408372+00:00,134335225794083725,5832,Env.exe,Registry,RegQueryKey,HKLM,0x00000000,"{""Query"": ""HandleTags"", ""HandleTags"": 0}"
376281,2026-09-10T14:02:59.408496+00:00,134335225794084964,5832,Env.exe,Registry,RegQueryKey,HKLM,0x00000000,"{""Query"": ""Name"", ""Name"": ""\\REGISTRY\\MACHINE""}"
376282,2026-09-10T14:02:59.408728+00:00,134335225794087288,5832,Env.exe,Registry,RegOpenKey,HKLM\Software\WOW6432Node\Microsoft\Windows\CurrentVersion\Explorer\FolderDescriptions,0x00000000,"{""Desired Access"": ""Read""}"
376283,2026-09-10T14:02:59.408959+00:00,134335225794089599,5832,Env.exe,Registry,RegSetInfoKey,HKLM\SOFTWARE\WOW6432Node\Microsoft\Windows\CurrentVersion\Explorer\FolderDescriptions,0x00000000,"{""KeySetInformationClass"": ""KeySetHandleTagsInformation"", ""Length"": 0}"
376285,2026-09-10T14:02:59.409287+00:00,134335225794092875,5832,Env.exe,Registry,RegQueryKey,HKLM\SOFTWARE\WOW6432Node\Microsoft\Windows\CurrentVersion\Explorer\FolderDescriptions,0x00000000,"{""Query"": ""HandleTags"", ""HandleTags"": 1024}"
376286,2026-09-10T14:02:59.409386+00:00,134335225794093866,5832,Env.exe,Registry,RegOpenKey,HKLM\SOFTWARE\WOW6432Node\Microsoft\Windows\CurrentVersion\Explorer\FolderDescriptions\{F1B32785-6FBA-4FCF-9D55-7B8E7F157091},0x00000000,"{""Desired Access"": ""Read""}"
376288,2026-09-10T14:02:59.409581+00:00,134335225794095819,5832,Env.exe,Registry,RegCloseKey,HKLM\SOFTWARE\WOW6432Node\Microsoft\Windows\CurrentVersion\Explorer\FolderDescriptions,0x00000000,{}
376289,2026-09-10T14:02:59.409749+00:00,134335225794097493,5832,Env.exe,Registry,RegQueryValue,HKLM\SOFTWARE\WOW6432Node\Microsoft\Windows\CurrentVersion\Explorer\FolderDescriptions\{F1B32785-6FBA-4FCF-9D55-7B8E7F157091}\Category,0x00000000,"{""Type"": ""REG_DWORD"", ""Length"": 4, ""Data"": 4}"
376290,2026-09-10T14:02:59.409894+00:00,134335225794098942,5832,Env.exe,Registry,RegQueryValue,HKLM\SOFTWARE\WOW6432Node\Microsoft\Windows\CurrentVersion\Explorer\FolderDescriptions\{F1B32785-6FBA-4FCF-9D55-7B8E7F157091}\Name,0x00000000,"{""Type"": ""REG_SZ"", ""Length"": 28, ""Data"": ""Local AppData""}"
376291,2026-09-10T14:02:59.410031+00:00,134335225794100311,5832,Env.exe,Registry,RegQueryValue,HKLM\SOFTWARE\WOW6432Node\Microsoft\Windows\CurrentVersion\Explorer\FolderDescriptions\{F1B32785-6FBA-4FCF-9D55-7B8E7F157091}\ParentFolder,0xc0000034,"{""Length"": 90}"
376292,2026-09-10T14:02:59.410152+00:00,134335225794101522,5832,Env.exe,Registry,RegQueryValue,HKLM\SOFTWARE\WOW6432Node\Microsoft\Windows\CurrentVersion\Explorer\FolderDescriptions\{F1B32785-6FBA-4FCF-9D55-7B8E7F157091}\Description,0xc0000034,"{""Length"": 144}"
376293,2026-09-10T14:02:59.410262+00:00,134335225794102626,5832,Env.exe,Registry,RegQueryValue,HKLM\SOFTWARE\WOW6432Node\Microsoft\Windows\CurrentVersion\Explorer\FolderDescriptions\{F1B32785-6FBA-4FCF-9D55-7B8E7F157091}\RelativePath,0x00000000,"{""Type"": ""REG_SZ"", ""Length"": 28, ""Data"": ""AppData\\Local""}"
376295,2026-09-10T14:02:59.410386+00:00,134335225794103866,5832,Env.exe,Registry,RegQueryValue,HKLM\SOFTWARE\WOW6432Node\Microsoft\Windows\CurrentVersion\Explorer\FolderDescriptions\{F1B32785-6FBA-4FCF-9D55-7B8E7F157091}\ParsingName,0xc0000034,"{""Length"": 144}"
376296,2026-09-10T14:02:59.410495+00:00,134335225794104951,5832,Env.exe,Registry,RegQueryValue,HKLM\SOFTWARE\WOW6432Node\Microsoft\Windows\CurrentVersion\Explorer\FolderDescriptions\{F1B32785-6FBA-4FCF-9D55-7B8E7F157091}\InfoTip,0xc0000034,"{""Length"": 144}"
376297,2026-09-10T14:02:59.410604+00:00,134335225794106043,5832,Env.exe,Registry,RegQueryValue,HKLM\SOFTWARE\WOW6432Node\Microsoft\Windows\CurrentVersion\Explorer\FolderDescriptions\{F1B32785-6FBA-4FCF-9D55-7B8E7F157091}\LocalizedName,0xc0000034,"{""Length"": 144}"
376298,2026-09-10T14:02:59.410739+00:00,134335225794107391,5832,Env.exe,Registry,RegQueryValue,HKLM\SOFTWARE\WOW6432Node\Microsoft\Windows\CurrentVersion\Explorer\FolderDescriptions\{F1B32785-6FBA-4FCF-9D55-7B8E7F157091}\Icon,0xc0000034,"{""Length"": 144}"
376299,2026-09-10T14:02:59.410901+00:00,134335225794109011,5832,Env.exe,Registry,RegQueryValue,HKLM\SOFTWARE\WOW6432Node\Microsoft\Windows\CurrentVersion\Explorer\FolderDescriptions\{F1B32785-6FBA-4FCF-9D55-7B8E7F157091}\Security,0xc0000034,"{""Length"": 144}"
376300,2026-09-10T14:02:59.411243+00:00,134335225794112436,5832,Env.exe,Registry,RegQueryValue,HKLM\SOFTWARE\WOW6432Node\Microsoft\Windows\CurrentVersion\Explorer\FolderDescriptions\{F1B32785-6FBA-4FCF-9D55-7B8E7F157091}\StreamResource,0xc0000034,"{""Length"": 144}"
376301,2026-09-10T14:02:59.411451+00:00,134335225794114511,5832,Env.exe,Registry,RegQueryValue,HKLM\SOFTWARE\WOW6432Node\Microsoft\Windows\CurrentVersion\Explorer\FolderDescriptions\{F1B32785-6FBA-4FCF-9D55-7B8E7F157091}\StreamResourceType,0xc0000034,"{""Length"": 144}"
376303,2026-09-10T14:02:59.411578+00:00,134335225794115781,5832,Env.exe,Registry,RegQueryValue,HKLM\SOFTWARE\WOW6432Node\Microsoft\Windows\CurrentVersion\Explorer\FolderDescriptions\{F1B32785-6FBA-4FCF-9D55-7B8E7F157091}\LocalRedirectOnly,0x00000000,"{""Type"": ""REG_DWORD"", ""Length"": 4, ""Data"": 1}"
376304,2026-09-10T14:02:59.411719+00:00,134335225794117194,5832,Env.exe,Registry,RegQueryValue,HKLM\SOFTWARE\WOW6432Node\Microsoft\Windows\CurrentVersion\Explorer\FolderDescriptions\{F1B32785-6FBA-4FCF-9D55-7B8E7F157091}\Roamable,0xc0000034,"{""Length"": 16}"
376305,2026-09-10T14:02:59.411834+00:00,134335225794118348,5832,Env.exe,Registry,RegQueryValue,HKLM\SOFTWARE\WOW6432Node\Microsoft\Windows\CurrentVersion\Explorer\FolderDescriptions\{F1B32785-6FBA-4FCF-9D55-7B8E7F157091}\PreCreate,0xc0000034,"{""Length"": 16}"
376306,2026-09-10T14:02:59.411945+00:00,134335225794119456,5832,Env.exe,Registry,RegQueryValue,HKLM\SOFTWARE\WOW6432Node\Microsoft\Windows\CurrentVersion\Explorer\FolderDescriptions\{F1B32785-6FBA-4FCF-9D55-7B8E7F157091}\Stream,0xc0000034,"{""Length"": 16}"
376307,2026-09-10T14:02:59.412055+00:00,134335225794120556,5832,Env.exe,Registry,RegQueryValue,HKLM\SOFTWARE\WOW6432Node\Microsoft\Windows\CurrentVersion\Explorer\FolderDescriptions\{F1B32785-6FBA-4FCF-9D55-7B8E7F157091}\PublishExpandedPath,0x00000000,"{""Type"": ""REG_DWORD"", ""Length"": 4, ""Data"": 1}"
376308,2026-09-10T14:02:59.412174+00:00,134335225794121746,5832,Env.exe,Registry,RegQueryValue,HKLM\SOFTWARE\WOW6432Node\Microsoft\Windows\CurrentVersion\Explorer\FolderDescriptions\{F1B32785-6FBA-4FCF-9D55-7B8E7F157091}\DefinitionFlags,0xc0000034,"{""Length"": 16}"
376310,2026-09-10T14:02:59.412362+00:00,134335225794123627,5832,Env.exe,Registry,RegQueryValue,HKLM\SOFTWARE\WOW6432Node\Microsoft\Windows\CurrentVersion\Explorer\FolderDescriptions\{F1B32785-6FBA-4FCF-9D55-7B8E7F157091}\Attributes,0xc0000034,"{""Length"": 16}"
376311,2026-09-10T14:02:59.412477+00:00,134335225794124777,5832,Env.exe,Registry,RegQueryValue,HKLM\SOFTWARE\WOW6432Node\Microsoft\Windows\CurrentVersion\Explorer\FolderDescriptions\{F1B32785-6FBA-4FCF-9D55-7B8E7F157091}\FolderTypeID,0xc0000034,"{""Length"": 90}"
376312,2026-09-10T14:02:59.412618+00:00,134335225794126181,5832,Env.exe,Registry,RegQueryValue,HKLM\SOFTWARE\WOW6432Node\Microsoft\Windows\CurrentVersion\Explorer\FolderDescriptions\{F1B32785-6FBA-4FCF-9D55-7B8E7F157091}\InitFolderHandler,0xc0000034,"{""Length"": 90}"
376332,2026-09-10T14:02:59.420058+00:00,134335225794200581,5832,Env.exe,Process,Load_Image,C:\Windows\SysWOW64\shlwapi.dll,0x00000000,"{""Image Base"": 1970601984, ""Image Size"": 282624}"
376337,2026-09-10T14:02:59.422106+00:00,134335225794221061,5832,Env.exe,File_System,CreateFile,C:\Windows\SysWOW64\shlwapi.dll,0x00000000,"{""Desired Access"": ""Read Control"", ""Disposition"": ""Open"", ""Options"": """", ""Attributes"": ""n/a"", ""ShareMode"": ""Read, Delete"", ""AllocationSize"": ""n/a"", ""OpenResult"": ""Opened""}"
376339,2026-09-10T14:02:59.422523+00:00,134335225794225234,5832,Env.exe,File_System,QuerySecurityFile,C:\Windows\SysWOW64\shlwapi.dll,0x80000005,"{""Information"": ""Owner""}"
376340,2026-09-10T14:02:59.422628+00:00,134335225794226284,5832,Env.exe,File_System,QuerySecurityFile,C:\Windows\SysWOW64\shlwapi.dll,0x00000000,"{""Information"": ""Owner""}"
376341,2026-09-10T14:02:59.422711+00:00,134335225794227118,5832,Env.exe,File_System,CloseFile,C:\Windows\SysWOW64\shlwapi.dll,0x00000000,{}
376342,2026-09-10T14:02:59.422812+00:00,134335225794228125,5832,Env.exe,File_System,IRP_MJ_CLOSE,C:\Windows\SysWOW64\shlwapi.dll,0x00000000,{}
376344,2026-09-10T14:02:59.423944+00:00,134335225794239447,5832,Env.exe,Registry,RegQueryKey,HKLM\SOFTWARE\WOW6432Node\Microsoft\Windows\CurrentVersion\Explorer\FolderDescriptions\{F1B32785-6FBA-4FCF-9D55-7B8E7F157091},0x00000000,"{""Query"": ""HandleTags"", ""HandleTags"": 1024}"
376346,2026-09-10T14:02:59.424122+00:00,134335225794241222,5832,Env.exe,Registry,RegOpenKey,HKLM\SOFTWARE\WOW6432Node\Microsoft\Windows\CurrentVersion\Explorer\FolderDescriptions\{F1B32785-6FBA-4FCF-9D55-7B8E7F157091}\PropertyBag,0xc0000034,"{""Desired Access"": ""Read""}"
376347,2026-09-10T14:02:59.424464+00:00,134335225794244644,5832,Env.exe,Registry,RegCloseKey,HKLM\SOFTWARE\WOW6432Node\Microsoft\Windows\CurrentVersion\Explorer\FolderDescriptions\{F1B32785-6FBA-4FCF-9D55-7B8E7F157091},0x00000000,{}
376349,2026-09-10T14:02:59.424829+00:00,134335225794248297,5832,Env.exe,Registry,RegOpenKey,HKCU,0x00000000,"{""Desired Access"": ""Maximum Allowed"", ""Granted Access"": ""All Access""}"
376351,2026-09-10T14:02:59.425073+00:00,134335225794250732,5832,Env.exe,Registry,RegQueryKey,HKCU,0x00000000,"{""Query"": ""HandleTags"", ""HandleTags"": 0}"
376353,2026-09-10T14:02:59.425161+00:00,134335225794251613,5832,Env.exe,Registry,RegQueryKey,HKCU,0x00000000,"{""Query"": ""Name"", ""Name"": ""\\REGISTRY\\USER\\S-1-5-21-2765232598-2703495502-1861550627-1001""}"
376355,2026-09-10T14:02:59.425336+00:00,134335225794253363,5832,Env.exe,Registry,RegOpenKey,HKCU\Software\Microsoft\Windows\CurrentVersion\Explorer,0x00000000,"{""Desired Access"": ""Query Value""}"
376356,2026-09-10T14:02:59.425462+00:00,134335225794254622,5832,Env.exe,Registry,RegSetInfoKey,HKCU\SOFTWARE\Microsoft\Windows\CurrentVersion\Explorer,0x00000000,"{""KeySetInformationClass"": ""KeySetHandleTagsInformation"", ""Length"": 0}"
376357,2026-09-10T14:02:59.425611+00:00,134335225794256114,5832,Env.exe,Registry,RegQueryKey,HKCU\SOFTWARE\Microsoft\Windows\CurrentVersion\Explorer,0x00000000,"{""Query"": ""HandleTags"", ""HandleTags"": 1024}"
376358,2026-09-10T14:02:59.425710+00:00,134335225794257102,5832,Env.exe,Registry,RegOpenKey,HKCU\SOFTWARE\Microsoft\Windows\CurrentVersion\Explorer\SessionInfo\1,0x00000000,"{""Desired Access"": ""Query Value""}"
376359,2026-09-10T14:02:59.425901+00:00,134335225794259012,5832,Env.exe,Registry,RegQueryKey,HKCU\SOFTWARE\Microsoft\Windows\CurrentVersion\Explorer\SessionInfo\1,0x00000000,"{""Query"": ""HandleTags"", ""HandleTags"": 1024}"
376360,2026-09-10T14:02:59.426000+00:00,134335225794260001,5832,Env.exe,Registry,RegOpenKey,HKCU\SOFTWARE\Microsoft\Windows\CurrentVersion\Explorer\SessionInfo\1\KnownFolders,0xc0000034,"{""Desired Access"": ""Query Value""}"
376361,2026-09-10T14:02:59.426169+00:00,134335225794261694,5832,Env.exe,Registry,RegCloseKey,HKCU\SOFTWARE\Microsoft\Windows\CurrentVersion\Explorer\SessionInfo\1,0x00000000,{}
376362,2026-09-10T14:02:59.426343+00:00,134335225794263438,5832,Env.exe,Registry,RegOpenKey,HKCU,0x00000000,"{""Desired Access"": ""Read""}"
376363,2026-09-10T14:02:59.426526+00:00,134335225794265263,5832,Env.exe,Registry,RegQueryKey,HKCU,0x00000000,"{""Query"": ""HandleTags"", ""HandleTags"": 0}"
376364,2026-09-10T14:02:59.426607+00:00,134335225794266079,5832,Env.exe,Registry,RegQueryKey,HKCU,0x00000000,"{""Query"": ""Name"", ""Name"": ""\\REGISTRY\\USER\\S-1-5-21-2765232598-2703495502-1861550627-1001""}"
376365,2026-09-10T14:02:59.426772+00:00,134335225794267720,5832,Env.exe,Registry,RegOpenKey,HKCU\Software\Microsoft\Windows\CurrentVersion\Explorer\User Shell Folders,0x00000000,"{""Desired Access"": ""Read""}"
376366,2026-09-10T14:02:59.426892+00:00,134335225794268921,5832,Env.exe,Registry,RegSetInfoKey,HKCU\SOFTWARE\Microsoft\Windows\CurrentVersion\Explorer\User Shell Folders,0x00000000,"{""KeySetInformationClass"": ""KeySetHandleTagsInformation"", ""Length"": 0}"
376367,2026-09-10T14:02:59.426986+00:00,134335225794269861,5832,Env.exe,Registry,RegCloseKey,HKCU,0x00000000,{}
376369,2026-09-10T14:02:59.427125+00:00,134335225794271259,5832,Env.exe,Registry,RegQueryValue,HKCU\SOFTWARE\Microsoft\Windows\CurrentVersion\Explorer\User Shell Folders\Local AppData,0x00000000,"{""Type"": ""REG_EXPAND_SZ"", ""Length"": 56, ""Data"": ""%USERPROFILE%\\AppData\\Local""}"
376370,2026-09-10T14:02:59.427390+00:00,134335225794273905,5832,Env.exe,Registry,RegQueryValue,HKLM\System\CurrentControlSet\Control\Nls\Sorting\Versions\000603xx,0x00000000,"{""Name"": ""000603xx"", ""Type"": ""REG_SZ"", ""Length"": 26, ""Data"": ""kernel32.dll""}"
376375,2026-09-10T14:02:59.428576+00:00,134335225794285761,5832,Env.exe,File_System,CreateFile,C:\Windows\Globalization\Sorting\SortDefault.nls,0x00000000,"{""Desired Access"": ""Generic Read"", ""Disposition"": ""Open"", ""Options"": ""Synchronous IO Non-Alert, Non-Directory File"", ""Attributes"": ""N"", ""ShareMode"": ""Read"", ""AllocationSize"": ""n/a"", ""OpenResult"": ""Opened""}"
376376,2026-09-10T14:02:59.429057+00:00,134335225794290577,5832,Env.exe,File_System,CreateFileMapping,C:\Windows\Globalization\Sorting\SortDefault.nls,0x0000012a,"{""SyncType"": ""SyncTypeCreateSection"", ""PageProtection"": ""PAGE_READONLY""}"
376377,2026-09-10T14:02:59.429145+00:00,134335225794291459,5832,Env.exe,File_System,QueryStandardInformationFile,C:\Windows\Globalization\Sorting\SortDefault.nls,0x00000000,"{""AllocationSize"": 3375104, ""EndOfFile"": 3371404, ""NumberOfLinks"": 2, ""DeletePending"": false, ""Directory"": false}"
376378,2026-09-10T14:02:59.429212+00:00,134335225794292124,5832,Env.exe,File_System,FASTIO_RELEASE_FOR_SECTION_SYNCHRONIZATION,C:\Windows\Globalization\Sorting\SortDefault.nls,0x00000000,{}
376379,2026-09-10T14:02:59.429282+00:00,134335225794292821,5832,Env.exe,File_System,CreateFileMapping,C:\Windows\Globalization\Sorting\SortDefault.nls,0x00000000,"{""SyncType"": ""SyncTypeOther""}"
376380,2026-09-10T14:02:59.429333+00:00,134335225794293334,5832,Env.exe,File_System,FASTIO_RELEASE_FOR_SECTION_SYNCHRONIZATION,C:\Windows\Globalization\Sorting\SortDefault.nls,0x00000000,{}
376382,2026-09-10T14:02:59.429547+00:00,134335225794295475,5832,Env.exe,File_System,CloseFile,C:\Windows\Globalization\Sorting\SortDefault.nls,0x00000000,{}
376383,2026-09-10T14:02:59.429644+00:00,134335225794296449,5832,Env.exe,File_System,IRP_MJ_CLOSE,C:\Windows\Globalization\Sorting\SortDefault.nls,0x00000000,{}
376385,2026-09-10T14:02:59.430288+00:00,134335225794302887,5832,Env.exe,Registry,RegOpenKey,HKLM\System\CurrentControlSet\Control\Nls\Sorting\Ids,0x00000104,"{""Desired Access"": ""Read""}"
376388,2026-09-10T14:02:59.430474+00:00,134335225794304740,5832,Env.exe,Registry,RegOpenKey,HKLM\System\CurrentControlSet\Control\Nls\Sorting\Ids,0x00000000,"{""Desired Access"": ""Read""}"
376390,2026-09-10T14:02:59.430647+00:00,134335225794306470,5832,Env.exe,Registry,RegSetInfoKey,HKLM\System\CurrentControlSet\Control\Nls\Sorting\Ids,0x00000000,"{""KeySetInformationClass"": ""KeySetHandleTagsInformation"", ""Length"": 0}"
376391,2026-09-10T14:02:59.430765+00:00,134335225794307659,5832,Env.exe,Registry,RegQueryValue,HKLM\System\CurrentControlSet\Control\Nls\Sorting\Ids\fr-FR,0xc0000034,"{""Length"": 90}"
376392,2026-09-10T14:02:59.430905+00:00,134335225794309052,5832,Env.exe,Registry,RegQueryValue,HKLM\System\CurrentControlSet\Control\Nls\Sorting\Ids\fr,0x00000000,"{""Type"": ""REG_SZ"", ""Length"": 78, ""Data"": ""{00000003-57EE-1E5C-00B4-D0000BB1E11E}""}"
376393,2026-09-10T14:02:59.431350+00:00,134335225794313506,5832,Env.exe,Registry,RegCloseKey,HKCU\SOFTWARE\Microsoft\Windows\CurrentVersion\Explorer\User Shell Folders,0x00000000,{}
376397,2026-09-10T14:02:59.432359+00:00,134335225794323590,5832,Env.exe,Registry,RegQueryKey,HKLM,0x00000000,"{""Query"": ""HandleTags"", ""HandleTags"": 0}"
376398,2026-09-10T14:02:59.432463+00:00,134335225794324639,5832,Env.exe,Registry,RegQueryKey,HKLM,0x00000000,"{""Query"": ""Name"", ""Name"": ""\\REGISTRY\\MACHINE""}"
376399,2026-09-10T14:02:59.432667+00:00,134335225794326677,5832,Env.exe,Registry,RegOpenKey,HKLM\Software\WOW6432Node\Microsoft\Windows\CurrentVersion\Explorer\FolderDescriptions,0x00000000,"{""Desired Access"": ""Read""}"
376400,2026-09-10T14:02:59.432877+00:00,134335225794328770,5832,Env.exe,Registry,RegSetInfoKey,HKLM\SOFTWARE\WOW6432Node\Microsoft\Windows\CurrentVersion\Explorer\FolderDescriptions,0x00000000,"{""KeySetInformationClass"": ""KeySetHandleTagsInformation"", ""Length"": 0}"
376401,2026-09-10T14:02:59.433031+00:00,134335225794330314,5832,Env.exe,Registry,RegQueryKey,HKLM\SOFTWARE\WOW6432Node\Microsoft\Windows\CurrentVersion\Explorer\FolderDescriptions,0x00000000,"{""Query"": ""HandleTags"", ""HandleTags"": 1024}"
376403,2026-09-10T14:02:59.433130+00:00,134335225794331303,5832,Env.exe,Registry,RegOpenKey,HKLM\SOFTWARE\WOW6432Node\Microsoft\Windows\CurrentVersion\Explorer\FolderDescriptions\{62AB5D82-FDC1-4DC3-A9DD-070D1D495D97},0x00000000,"{""Desired Access"": ""Read""}"
376405,2026-09-10T14:02:59.433304+00:00,134335225794333041,5832,Env.exe,Registry,RegCloseKey,HKLM\SOFTWARE\WOW6432Node\Microsoft\Windows\CurrentVersion\Explorer\FolderDescriptions,0x00000000,{}
376407,2026-09-10T14:02:59.433409+00:00,134335225794334098,5832,Env.exe,Registry,RegQueryValue,HKLM\SOFTWARE\WOW6432Node\Microsoft\Windows\CurrentVersion\Explorer\FolderDescriptions\{62AB5D82-FDC1-4DC3-A9DD-070D1D495D97}\Category,0x00000000,"{""Type"": ""REG_DWORD"", ""Length"": 4, ""Data"": 2}"
376529,2026-09-10T14:02:59.460263+00:00,134335225794602635,5832,Env.exe,Registry,RegQueryValue,HKLM\SOFTWARE\WOW6432Node\Microsoft\Windows\CurrentVersion\Explorer\FolderDescriptions\{62AB5D82-FDC1-4DC3-A9DD-070D1D495D97}\Name,0x00000000,"{""Type"": ""REG_SZ"", ""Length"": 30, ""Data"": ""Common AppData""}"
376530,2026-09-10T14:02:59.460444+00:00,134335225794604441,5832,Env.exe,Registry,RegQueryValue,HKLM\SOFTWARE\WOW6432Node\Microsoft\Windows\CurrentVersion\Explorer\FolderDescriptions\{62AB5D82-FDC1-4DC3-A9DD-070D1D495D97}\ParentFolder,0xc0000034,"{""Length"": 90}"
376531,2026-09-10T14:02:59.460587+00:00,134335225794605871,5832,Env.exe,Registry,RegQueryValue,HKLM\SOFTWARE\WOW6432Node\Microsoft\Windows\CurrentVersion\Explorer\FolderDescriptions\{62AB5D82-FDC1-4DC3-A9DD-070D1D495D97}\Description,0xc0000034,"{""Length"": 144}"
376533,2026-09-10T14:02:59.461178+00:00,134335225794611784,5832,Env.exe,Registry,RegQueryValue,HKLM\SOFTWARE\WOW6432Node\Microsoft\Windows\CurrentVersion\Explorer\FolderDescriptions\{62AB5D82-FDC1-4DC3-A9DD-070D1D495D97}\RelativePath,0xc0000034,"{""Length"": 144}"
376535,2026-09-10T14:02:59.461399+00:00,134335225794613992,5832,Env.exe,Registry,RegQueryValue,HKLM\SOFTWARE\WOW6432Node\Microsoft\Windows\CurrentVersion\Explorer\FolderDescriptions\{62AB5D82-FDC1-4DC3-A9DD-070D1D495D97}\ParsingName,0xc0000034,"{""Length"": 144}"
376537,2026-09-10T14:02:59.461538+00:00,134335225794615385,5832,Env.exe,Registry,RegQueryValue,HKLM\SOFTWARE\WOW6432Node\Microsoft\Windows\CurrentVersion\Explorer\FolderDescriptions\{62AB5D82-FDC1-4DC3-A9DD-070D1D495D97}\InfoTip,0xc0000034,"{""Length"": 144}"
376539,2026-09-10T14:02:59.461658+00:00,134335225794616586,5832,Env.exe,Registry,RegQueryValue,HKLM\SOFTWARE\WOW6432Node\Microsoft\Windows\CurrentVersion\Explorer\FolderDescriptions\{62AB5D82-FDC1-4DC3-A9DD-070D1D495D97}\LocalizedName,0xc0000034,"{""Length"": 144}"
376540,2026-09-10T14:02:59.461798+00:00,134335225794617981,5832,Env.exe,Registry,RegQueryValue,HKLM\SOFTWARE\WOW6432Node\Microsoft\Windows\CurrentVersion\Explorer\FolderDescriptions\{62AB5D82-FDC1-4DC3-A9DD-070D1D495D97}\Icon,0xc0000034,"{""Length"": 144}"
376541,2026-09-10T14:02:59.461916+00:00,134335225794619165,5832,Env.exe,Registry,RegQueryValue,HKLM\SOFTWARE\WOW6432Node\Microsoft\Windows\CurrentVersion\Explorer\FolderDescriptions\{62AB5D82-FDC1-4DC3-A9DD-070D1D495D97}\Security,0xc0000034,"{""Length"": 144}"
376542,2026-09-10T14:02:59.462036+00:00,134335225794620363,5832,Env.exe,Registry,RegQueryValue,HKLM\SOFTWARE\WOW6432Node\Microsoft\Windows\CurrentVersion\Explorer\FolderDescriptions\{62AB5D82-FDC1-4DC3-A9DD-070D1D495D97}\StreamResource,0xc0000034,"{""Length"": 144}"
376543,2026-09-10T14:02:59.462156+00:00,134335225794621561,5832,Env.exe,Registry,RegQueryValue,HKLM\SOFTWARE\WOW6432Node\Microsoft\Windows\CurrentVersion\Explorer\FolderDescriptions\{62AB5D82-FDC1-4DC3-A9DD-070D1D495D97}\StreamResourceType,0xc0000034,"{""Length"": 144}"
376544,2026-09-10T14:02:59.462283+00:00,134335225794622835,5832,Env.exe,Registry,RegQueryValue,HKLM\SOFTWARE\WOW6432Node\Microsoft\Windows\CurrentVersion\Explorer\FolderDescriptions\{62AB5D82-FDC1-4DC3-A9DD-070D1D495D97}\LocalRedirectOnly,0xc0000034,"{""Length"": 16}"
376545,2026-09-10T14:02:59.462395+00:00,134335225794623959,5832,Env.exe,Registry,RegQueryValue,HKLM\SOFTWARE\WOW6432Node\Microsoft\Windows\CurrentVersion\Explorer\FolderDescriptions\{62AB5D82-FDC1-4DC3-A9DD-070D1D495D97}\Roamable,0xc0000034,"{""Length"": 16}"
376547,2026-09-10T14:02:59.462505+00:00,134335225794625055,5832,Env.exe,Registry,RegQueryValue,HKLM\SOFTWARE\WOW6432Node\Microsoft\Windows\CurrentVersion\Explorer\FolderDescriptions\{62AB5D82-FDC1-4DC3-A9DD-070D1D495D97}\PreCreate,0xc0000034,"{""Length"": 16}"
376548,2026-09-10T14:02:59.462612+00:00,134335225794626127,5832,Env.exe,Registry,RegQueryValue,HKLM\SOFTWARE\WOW6432Node\Microsoft\Windows\CurrentVersion\Explorer\FolderDescriptions\{62AB5D82-FDC1-4DC3-A9DD-070D1D495D97}\Stream,0xc0000034,"{""Length"": 16}"
376549,2026-09-10T14:02:59.462740+00:00,134335225794627405,5832,Env.exe,Registry,RegQueryValue,HKLM\SOFTWARE\WOW6432Node\Microsoft\Windows\CurrentVersion\Explorer\FolderDescriptions\{62AB5D82-FDC1-4DC3-A9DD-070D1D495D97}\PublishExpandedPath,0xc0000034,"{""Length"": 16}"
376551,2026-09-10T14:02:59.462879+00:00,134335225794628791,5832,Env.exe,Registry,RegQueryValue,HKLM\SOFTWARE\WOW6432Node\Microsoft\Windows\CurrentVersion\Explorer\FolderDescriptions\{62AB5D82-FDC1-4DC3-A9DD-070D1D495D97}\DefinitionFlags,0xc0000034,"{""Length"": 16}"
376554,2026-09-10T14:02:59.463010+00:00,134335225794630106,5832,Env.exe,Registry,RegQueryValue,HKLM\SOFTWARE\WOW6432Node\Microsoft\Windows\CurrentVersion\Explorer\FolderDescriptions\{62AB5D82-FDC1-4DC3-A9DD-070D1D495D97}\Attributes,0xc0000034,"{""Length"": 16}"
376557,2026-09-10T14:02:59.463418+00:00,134335225794634184,5832,Env.exe,Registry,RegQueryValue,HKLM\SOFTWARE\WOW6432Node\Microsoft\Windows\CurrentVersion\Explorer\FolderDescriptions\{62AB5D82-FDC1-4DC3-A9DD-070D1D495D97}\FolderTypeID,0xc0000034,"{""Length"": 90}"
376559,2026-09-10T14:02:59.463541+00:00,134335225794635412,5832,Env.exe,Registry,RegQueryValue,HKLM\SOFTWARE\WOW6432Node\Microsoft\Windows\CurrentVersion\Explorer\FolderDescriptions\{62AB5D82-FDC1-4DC3-A9DD-070D1D495D97}\InitFolderHandler,0xc0000034,"{""Length"": 90}"
376560,2026-09-10T14:02:59.463803+00:00,134335225794638037,5832,Env.exe,Registry,RegQueryKey,HKLM\SOFTWARE\WOW6432Node\Microsoft\Windows\CurrentVersion\Explorer\FolderDescriptions\{62AB5D82-FDC1-4DC3-A9DD-070D1D495D97},0x00000000,"{""Query"": ""HandleTags"", ""HandleTags"": 1024}"
376561,2026-09-10T14:02:59.463926+00:00,134335225794639265,5832,Env.exe,Registry,RegOpenKey,HKLM\SOFTWARE\WOW6432Node\Microsoft\Windows\CurrentVersion\Explorer\FolderDescriptions\{62AB5D82-FDC1-4DC3-A9DD-070D1D495D97}\PropertyBag,0xc0000034,"{""Desired Access"": ""Read""}"
376562,2026-09-10T14:02:59.464256+00:00,134335225794642568,5832,Env.exe,Registry,RegCloseKey,HKLM\SOFTWARE\WOW6432Node\Microsoft\Windows\CurrentVersion\Explorer\FolderDescriptions\{62AB5D82-FDC1-4DC3-A9DD-070D1D495D97},0x00000000,{}
376569,2026-09-10T14:02:59.465485+00:00,134335225794654854,5832,Env.exe,File_System,QueryOpen,C:\Lab\sample\VIRUS\profapi.dll,0xc01c0004,{}
376572,2026-09-10T14:02:59.466641+00:00,134335225794666415,5832,Env.exe,File_System,CreateFile,C:\Lab\sample\VIRUS\profapi.dll,0xc0000034,"{""Desired Access"": ""Read Attributes"", ""Disposition"": ""Open"", ""Options"": ""Open Reparse Point"", ""Attributes"": ""n/a"", ""ShareMode"": ""Read, Write, Delete"", ""AllocationSize"": ""n/a""}"
376578,2026-09-10T14:02:59.468629+00:00,134335225794686294,5832,Env.exe,File_System,QueryOpen,C:\Windows\SysWOW64\profapi.dll,0xc01c0004,{}
376580,2026-09-10T14:02:59.469769+00:00,134335225794697698,5832,Env.exe,File_System,CreateFile,C:\Windows\SysWOW64\profapi.dll,0x00000000,"{""Desired Access"": ""Read Attributes"", ""Disposition"": ""Open"", ""Options"": ""Open Reparse Point"", ""Attributes"": ""n/a"", ""ShareMode"": ""Read, Write, Delete"", ""AllocationSize"": ""n/a"", ""OpenResult"": ""Opened""}"
376587,2026-09-10T14:02:59.470354+00:00,134335225794703544,5832,Env.exe,File_System,QueryBasicInformationFile,C:\Windows\SysWOW64\profapi.dll,0x00000000,"{""CreationTime"": 132780004819462828, ""LastAccessTime"": 134335225656624974, ""LastWriteTime"": 132780004819462828, ""ChangeTime"": 134335054188390041, ""FileAttributes"": ""A""}"
376588,2026-09-10T14:02:59.470443+00:00,134335225794704430,5832,Env.exe,File_System,CloseFile,C:\Windows\SysWOW64\profapi.dll,0x00000000,{}
376589,2026-09-10T14:02:59.470582+00:00,134335225794705821,5832,Env.exe,File_System,IRP_MJ_CLOSE,C:\Windows\SysWOW64\profapi.dll,0x00000000,{}
376592,2026-09-10T14:02:59.471905+00:00,134335225794719053,5832,Env.exe,File_System,CreateFile,C:\Windows\SysWOW64\profapi.dll,0x00000000,"{""Desired Access"": ""Read Data/List Directory, Execute/Traverse, Synchronize"", ""Disposition"": ""Open"", ""Options"": ""Synchronous IO Non-Alert, Non-Directory File"", ""Attributes"": ""n/a"", ""ShareMode"": ""Read, Delete"", ""AllocationSize"": ""n/a"", ""OpenResult"": ""Opened""}"
376593,2026-09-10T14:02:59.472668+00:00,134335225794726681,5832,Env.exe,File_System,CreateFileMapping,C:\Windows\SysWOW64\profapi.dll,0x0000012a,"{""SyncType"": ""SyncTypeCreateSection"", ""PageProtection"": ""PAGE_EXECUTE""}"
376595,2026-09-10T14:02:59.472818+00:00,134335225794728182,5832,Env.exe,File_System,FASTIO_RELEASE_FOR_SECTION_SYNCHRONIZATION,C:\Windows\SysWOW64\profapi.dll,0x00000000,{}
376596,2026-09-10T14:02:59.472916+00:00,134335225794729161,5832,Env.exe,File_System,CreateFileMapping,C:\Windows\SysWOW64\profapi.dll,0x00000000,"{""SyncType"": ""SyncTypeOther""}"
376597,2026-09-10T14:02:59.472984+00:00,134335225794729845,5832,Env.exe,File_System,FASTIO_RELEASE_FOR_SECTION_SYNCHRONIZATION,C:\Windows\SysWOW64\profapi.dll,0x00000000,{}
376600,2026-09-10T14:02:59.474157+00:00,134335225794741570,5832,Env.exe,Process,Load_Image,C:\Windows\SysWOW64\profapi.dll,0x00000000,"{""Image Base"": 1958346752, ""Image Size"": 98304}"
376603,2026-09-10T14:02:59.475181+00:00,134335225794751819,5832,Env.exe,File_System,CloseFile,C:\Windows\SysWOW64\profapi.dll,0x00000000,{}
376605,2026-09-10T14:02:59.475356+00:00,134335225794753564,5832,Env.exe,File_System,IRP_MJ_CLOSE,C:\Windows\SysWOW64\profapi.dll,0x00000000,{}
376619,2026-09-10T14:02:59.484979+00:00,134335225794849793,5832,Env.exe,File_System,CreateFile,C:\Windows\SysWOW64\profapi.dll,0x00000000,"{""Desired Access"": ""Read Control"", ""Disposition"": ""Open"", ""Options"": """", ""Attributes"": ""n/a"", ""ShareMode"": ""Read, Delete"", ""AllocationSize"": ""n/a"", ""OpenResult"": ""Opened""}"
376621,2026-09-10T14:02:59.485491+00:00,134335225794854911,5832,Env.exe,File_System,QuerySecurityFile,C:\Windows\SysWOW64\profapi.dll,0x80000005,"{""Information"": ""Owner""}"
376622,2026-09-10T14:02:59.485625+00:00,134335225794856255,5832,Env.exe,File_System,QuerySecurityFile,C:\Windows\SysWOW64\profapi.dll,0x00000000,"{""Information"": ""Owner""}"
376624,2026-09-10T14:02:59.485739+00:00,134335225794857396,5832,Env.exe,File_System,CloseFile,C:\Windows\SysWOW64\profapi.dll,0x00000000,{}
376627,2026-09-10T14:02:59.485867+00:00,134335225794858671,5832,Env.exe,File_System,IRP_MJ_CLOSE,C:\Windows\SysWOW64\profapi.dll,0x00000000,{}
376632,2026-09-10T14:02:59.486829+00:00,134335225794868298,5832,Env.exe,Registry,RegQueryKey,HKLM,0x00000000,"{""Query"": ""HandleTags"", ""HandleTags"": 0}"
376633,2026-09-10T14:02:59.486986+00:00,134335225794869864,5832,Env.exe,Registry,RegQueryKey,HKLM,0x00000000,"{""Query"": ""Name"", ""Name"": ""\\REGISTRY\\MACHINE""}"
376634,2026-09-10T14:02:59.487296+00:00,134335225794872961,5832,Env.exe,Registry,RegOpenKey,HKLM\Software\WOW6432Node\Microsoft\Windows NT\CurrentVersion\ProfileList,0x00000104,"{""Desired Access"": ""Read""}"
376636,2026-09-10T14:02:59.487614+00:00,134335225794876142,5832,Env.exe,Registry,RegOpenKey,HKLM\SOFTWARE\Microsoft\Windows NT\CurrentVersion\ProfileList,0x00000000,"{""Desired Access"": ""Read""}"
376637,2026-09-10T14:02:59.488067+00:00,134335225794880677,5832,Env.exe,Registry,RegSetInfoKey,HKLM\SOFTWARE\Microsoft\Windows NT\CurrentVersion\ProfileList,0x00000000,"{""KeySetInformationClass"": ""KeySetHandleTagsInformation"", ""Length"": 0}"
376671,2026-09-10T14:02:59.499181+00:00,134335225794991818,5832,Env.exe,Registry,RegQueryValue,HKLM\SOFTWARE\Microsoft\Windows NT\CurrentVersion\ProfileList\ProgramData,0x80000005,"{""Length"": 12}"
376672,2026-09-10T14:02:59.499378+00:00,134335225794993785,5832,Env.exe,Registry,RegQueryValue,HKLM\SOFTWARE\Microsoft\Windows NT\CurrentVersion\ProfileList\ProgramData,0x00000000,"{""Type"": ""REG_EXPAND_SZ"", ""Length"": 52, ""Data"": ""%SystemDrive%\\ProgramData""}"
376673,2026-09-10T14:02:59.499575+00:00,134335225794995751,5832,Env.exe,Registry,RegCloseKey,HKLM\SOFTWARE\Microsoft\Windows NT\CurrentVersion\ProfileList,0x00000000,{}
376675,2026-09-10T14:02:59.501148+00:00,134335225795011482,5832,Env.exe,File_System,QueryOpen,C:\Users\Analyste\AppData\Local\QtProject\qtlogging.ini,0xc01c0004,{}
376676,2026-09-10T14:02:59.501494+00:00,134335225795014941,5832,Env.exe,File_System,CreateFile,C:\Users\Analyste\AppData\Local\QtProject\qtlogging.ini,0xc000003a,"{""Desired Access"": ""Read Attributes"", ""Disposition"": ""Open"", ""Options"": ""Open Reparse Point"", ""Attributes"": ""n/a"", ""ShareMode"": ""Read, Write, Delete"", ""AllocationSize"": ""n/a""}"
376677,2026-09-10T14:02:59.502130+00:00,134335225795021300,5832,Env.exe,File_System,QueryOpen,C:\ProgramData\QtProject\qtlogging.ini,0xc01c0004,{}
376678,2026-09-10T14:02:59.502366+00:00,134335225795023664,5832,Env.exe,File_System,CreateFile,C:\ProgramData\QtProject\qtlogging.ini,0xc000003a,"{""Desired Access"": ""Read Attributes"", ""Disposition"": ""Open"", ""Options"": ""Open Reparse Point"", ""Attributes"": ""n/a"", ""ShareMode"": ""Read, Write, Delete"", ""AllocationSize"": ""n/a""}"
376690,2026-09-10T14:02:59.507264+00:00,134335225795072649,5832,Env.exe,File_System,QueryOpen,C:\Lab\sample\VIRUS\QtProject\qtlogging.ini,0xc01c0004,{}
376692,2026-09-10T14:02:59.507783+00:00,134335225795077831,5832,Env.exe,File_System,CreateFile,C:\Lab\sample\VIRUS\QtProject\qtlogging.ini,0xc000003a,"{""Desired Access"": ""Read Attributes"", ""Disposition"": ""Open"", ""Options"": ""Open Reparse Point"", ""Attributes"": ""n/a"", ""ShareMode"": ""Read, Write, Delete"", ""AllocationSize"": ""n/a""}"
376694,2026-09-10T14:02:59.508603+00:00,134335225795086037,5832,Env.exe,File_System,QueryOpen,C:\Lab\sample\VIRUS\data\QtProject\qtlogging.ini,0xc01c0004,{}
376695,2026-09-10T14:02:59.508916+00:00,134335225795089161,5832,Env.exe,File_System,CreateFile,C:\Lab\sample\VIRUS\data\QtProject\qtlogging.ini,0xc000003a,"{""Desired Access"": ""Read Attributes"", ""Disposition"": ""Open"", ""Options"": ""Open Reparse Point"", ""Attributes"": ""n/a"", ""ShareMode"": ""Read, Write, Delete"", ""AllocationSize"": ""n/a""}"
376700,2026-09-10T14:02:59.511737+00:00,134335225795117378,5832,Env.exe,File_System,QueryOpen,C:\Lab\sample\VIRUS\qt.conf,0xc01c0004,{}
376703,2026-09-10T14:02:59.512497+00:00,134335225795124970,5832,Env.exe,File_System,CreateFile,C:\Lab\sample\VIRUS\qt.conf,0xc0000034,"{""Desired Access"": ""Read Attributes"", ""Disposition"": ""Open"", ""Options"": ""Open Reparse Point"", ""Attributes"": ""n/a"", ""ShareMode"": ""Read, Write, Delete"", ""AllocationSize"": ""n/a""}"
376709,2026-09-10T14:02:59.515036+00:00,134335225795150366,5832,Env.exe,File_System,QueryOpen,C:\Lab\sample\VIRUS,0xc01c0004,{}
376711,2026-09-10T14:02:59.515717+00:00,134335225795157171,5832,Env.exe,File_System,CreateFile,C:\Lab\sample\VIRUS,0x00000000,"{""Desired Access"": ""Read Attributes"", ""Disposition"": ""Open"", ""Options"": ""Open Reparse Point"", ""Attributes"": ""n/a"", ""ShareMode"": ""Read, Write, Delete"", ""AllocationSize"": ""n/a"", ""OpenResult"": ""Opened""}"
376712,2026-09-10T14:02:59.515989+00:00,134335225795159890,5832,Env.exe,File_System,QueryNetworkOpenInformationFile,C:\Lab\sample\VIRUS,0x00000000,"{""CreationTime"": 134335221244950773, ""LastAccessTime"": 134335225795202467, ""LastWriteTime"": 134335221317775855, ""ChangeTime"": 134335221317775855, ""AllocationSize"": 4096, ""EndOfFile"": 4096, ""FileAttributes"": ""D""}"
376713,2026-09-10T14:02:59.516077+00:00,134335225795160773,5832,Env.exe,File_System,CloseFile,C:\Lab\sample\VIRUS,0x00000000,{}
376715,2026-09-10T14:02:59.516177+00:00,134335225795161776,5832,Env.exe,File_System,IRP_MJ_CLOSE,C:\Lab\sample\VIRUS,0x00000000,{}
376721,2026-09-10T14:02:59.518262+00:00,134335225795182622,5832,Env.exe,File_System,QueryOpen,C:\Lab,0xc01c0004,{}
376728,2026-09-10T14:02:59.518980+00:00,134335225795189803,5832,Env.exe,File_System,CreateFile,C:\Lab,0x00000000,"{""Desired Access"": ""Read Attributes"", ""Disposition"": ""Open"", ""Options"": ""Open Reparse Point"", ""Attributes"": ""n/a"", ""ShareMode"": ""Read, Write, Delete"", ""AllocationSize"": ""n/a"", ""OpenResult"": ""Opened""}"
376730,2026-09-10T14:02:59.519175+00:00,134335225795191756,5832,Env.exe,File_System,QueryNetworkOpenInformationFile,C:\Lab,0x00000000,"{""CreationTime"": 134335220867124199, ""LastAccessTime"": 134335225782861913, ""LastWriteTime"": 134335225624094632, ""ChangeTime"": 134335225624094632, ""AllocationSize"": 4096, ""EndOfFile"": 4096, ""FileAttributes"": ""D""}"
376731,2026-09-10T14:02:59.519245+00:00,134335225795192457,5832,Env.exe,File_System,CloseFile,C:\Lab,0x00000000,{}
376732,2026-09-10T14:02:59.519353+00:00,134335225795193536,5832,Env.exe,File_System,IRP_MJ_CLOSE,C:\Lab,0x00000000,{}
376735,2026-09-10T14:02:59.520596+00:00,134335225795205968,5832,Env.exe,File_System,QueryOpen,C:\Lab\sample,0xc01c0004,{}
376736,2026-09-10T14:02:59.521296+00:00,134335225795212960,5832,Env.exe,File_System,CreateFile,C:\Lab\sample,0x00000000,"{""Desired Access"": ""Read Attributes"", ""Disposition"": ""Open"", ""Options"": ""Open Reparse Point"", ""Attributes"": ""n/a"", ""ShareMode"": ""Read, Write, Delete"", ""AllocationSize"": ""n/a"", ""OpenResult"": ""Opened""}"
376738,2026-09-10T14:02:59.521534+00:00,134335225795215340,5832,Env.exe,File_System,QueryNetworkOpenInformationFile,C:\Lab\sample,0x00000000,"{""CreationTime"": 134335221211849082, ""LastAccessTime"": 134335225795202467, ""LastWriteTime"": 134335221244950773, ""ChangeTime"": 134335221244950773, ""AllocationSize"": 0, ""EndOfFile"": 0, ""FileAttributes"": ""D""}"
376739,2026-09-10T14:02:59.521604+00:00,134335225795216044,5832,Env.exe,File_System,CloseFile,C:\Lab\sample,0x00000000,{}
376740,2026-09-10T14:02:59.521702+00:00,134335225795217021,5832,Env.exe,File_System,IRP_MJ_CLOSE,C:\Lab\sample,0x00000000,{}
376743,2026-09-10T14:02:59.522871+00:00,134335225795228711,5832,Env.exe,File_System,QueryOpen,C:\Lab\sample\VIRUS,0xc01c0004,{}
376748,2026-09-10T14:02:59.524370+00:00,134335225795243700,5832,Env.exe,File_System,CreateFile,C:\Lab\sample\VIRUS,0x00000000,"{""Desired Access"": ""Read Attributes"", ""Disposition"": ""Open"", ""Options"": ""Open Reparse Point"", ""Attributes"": ""n/a"", ""ShareMode"": ""Read, Write, Delete"", ""AllocationSize"": ""n/a"", ""OpenResult"": ""Opened""}"
376749,2026-09-10T14:02:59.524556+00:00,134335225795245560,5832,Env.exe,File_System,QueryNetworkOpenInformationFile,C:\Lab\sample\VIRUS,0x00000000,"{""CreationTime"": 134335221244950773, ""LastAccessTime"": 134335225795202467, ""LastWriteTime"": 134335221317775855, ""ChangeTime"": 134335221317775855, ""AllocationSize"": 4096, ""EndOfFile"": 4096, ""FileAttributes"": ""D""}"
376750,2026-09-10T14:02:59.524624+00:00,134335225795246240,5832,Env.exe,File_System,CloseFile,C:\Lab\sample\VIRUS,0x00000000,{}
376751,2026-09-10T14:02:59.524723+00:00,134335225795247235,5832,Env.exe,File_System,IRP_MJ_CLOSE,C:\Lab\sample\VIRUS,0x00000000,{}
376755,2026-09-10T14:02:59.526165+00:00,134335225795261656,5832,Env.exe,File_System,QueryOpen,C:\Lab\sample\VIRUS,0xc01c0004,{}
376758,2026-09-10T14:02:59.527993+00:00,134335225795279930,5832,Env.exe,File_System,CreateFile,C:\Lab\sample\VIRUS,0x00000000,"{""Desired Access"": ""Read Attributes"", ""Disposition"": ""Open"", ""Options"": ""Open Reparse Point"", ""Attributes"": ""n/a"", ""ShareMode"": ""Read, Write, Delete"", ""AllocationSize"": ""n/a"", ""OpenResult"": ""Opened""}"
376759,2026-09-10T14:02:59.528208+00:00,134335225795282083,5832,Env.exe,File_System,QueryNetworkOpenInformationFile,C:\Lab\sample\VIRUS,0x00000000,"{""CreationTime"": 134335221244950773, ""LastAccessTime"": 134335225795202467, ""LastWriteTime"": 134335221317775855, ""ChangeTime"": 134335221317775855, ""AllocationSize"": 4096, ""EndOfFile"": 4096, ""FileAttributes"": ""D""}"
376760,2026-09-10T14:02:59.528278+00:00,134335225795282781,5832,Env.exe,File_System,CloseFile,C:\Lab\sample\VIRUS,0x00000000,{}
376761,2026-09-10T14:02:59.528365+00:00,134335225795283658,5832,Env.exe,File_System,IRP_MJ_CLOSE,C:\Lab\sample\VIRUS,0x00000000,{}
376767,2026-09-10T14:02:59.530167+00:00,134335225795301679,5832,Env.exe,File_System,QueryOpen,C:\Lab\sample\VIRUS\platforms,0xc01c0004,{}
376769,2026-09-10T14:02:59.530880+00:00,134335225795308802,5832,Env.exe,File_System,CreateFile,C:\Lab\sample\VIRUS\platforms,0xc0000034,"{""Desired Access"": ""Read Attributes"", ""Disposition"": ""Open"", ""Options"": ""Open Reparse Point"", ""Attributes"": ""n/a"", ""ShareMode"": ""Read, Write, Delete"", ""AllocationSize"": ""n/a""}"
376778,2026-09-10T14:02:59.533065+00:00,134335225795330651,5832,Env.exe,File_System,ReadFile,C:\Windows\SysWOW64\user32.dll,0x00000000,"{""Offset"": 533504, ""Length"": 32768, ""I/O Flags"": ""Non-cached, Paging I/O, Synchronous Paging I/O"", ""Priority"": ""Normal""}"
376782,2026-09-10T14:02:59.535153+00:00,134335225795351532,5832,Env.exe,File_System,ReadFile,C:\Windows\SysWOW64\user32.dll,0x00000000,"{""Offset"": 500736, ""Length"": 32768, ""I/O Flags"": ""Non-cached, Paging I/O, Synchronous Paging I/O"", ""Priority"": ""Normal""}"
376786,2026-09-10T14:02:59.537859+00:00,134335225795378591,5832,Env.exe,File_System,ReadFile,C:\Windows\SysWOW64\user32.dll,0x00000000,"{""Offset"": 422912, ""Length"": 32768, ""I/O Flags"": ""Non-cached, Paging I/O, Synchronous Paging I/O"", ""Priority"": ""Normal""}"
376794,2026-09-10T14:02:59.539558+00:00,134335225795395583,5832,Env.exe,File_System,ReadFile,C:\Windows\SysWOW64\gdi32full.dll,0x00000000,"{""Offset"": 320512, ""Length"": 32768, ""I/O Flags"": ""Non-cached, Paging I/O, Synchronous Paging I/O"", ""Priority"": ""Normal""}"
376795,2026-09-10T14:02:59.540530+00:00,134335225795405306,5832,Env.exe,File_System,ReadFile,C:\Windows\SysWOW64\gdi32full.dll,0x00000000,"{""Offset"": 214016, ""Length"": 32768, ""I/O Flags"": ""Non-cached, Paging I/O, Synchronous Paging I/O"", ""Priority"": ""Normal""}"
376798,2026-09-10T14:02:59.541846+00:00,134335225795418465,5832,Env.exe,File_System,ReadFile,C:\Windows\SysWOW64\gdi32full.dll,0x00000000,"{""Offset"": 373760, ""Length"": 32768, ""I/O Flags"": ""Non-cached, Paging I/O, Synchronous Paging I/O"", ""Priority"": ""Normal""}"
376808,2026-09-10T14:02:59.544199+00:00,134335225795441991,5832,Env.exe,File_System,ReadFile,C:\Windows\SysWOW64\gdi32full.dll,0x00000000,"{""Offset"": 353280, ""Length"": 20480, ""I/O Flags"": ""Non-cached, Paging I/O, Synchronous Paging I/O"", ""Priority"": ""Normal""}"
376817,2026-09-10T14:02:59.549114+00:00,134335225795491142,5832,Env.exe,File_System,ReadFile,C:\Windows\SysWOW64\user32.dll,0x00000000,"{""Offset"": 619520, ""Length"": 32768, ""I/O Flags"": ""Non-cached, Paging I/O, Synchronous Paging I/O"", ""Priority"": ""Normal""}"
376819,2026-09-10T14:02:59.550173+00:00,134335225795501730,5832,Env.exe,File_System,ReadFile,C:\Windows\SysWOW64\user32.dll,0x00000000,"{""Offset"": 295936, ""Length"": 24576, ""I/O Flags"": ""Non-cached, Paging I/O, Synchronous Paging I/O"", ""Priority"": ""Normal""}"
376825,2026-09-10T14:02:59.552389+00:00,134335225795523898,5832,Env.exe,File_System,ReadFile,C:\Windows\SysWOW64\gdi32full.dll,0x00000000,"{""Offset"": 181248, ""Length"": 32768, ""I/O Flags"": ""Non-cached, Paging I/O, Synchronous Paging I/O"", ""Priority"": ""Normal""}"
376826,2026-09-10T14:02:59.553528+00:00,134335225795535288,5832,Env.exe,File_System,ReadFile,C:\Windows\SysWOW64\gdi32full.dll,0x00000000,"{""Offset"": 148480, ""Length"": 32768, ""I/O Flags"": ""Non-cached, Paging I/O, Synchronous Paging I/O"", ""Priority"": ""Normal""}"
376849,2026-09-10T14:02:59.560503+00:00,134335225795605032,5832,Env.exe,File_System,QueryOpen,C:\Lab\sample\VIRUS\TextShaping.dll,0xc01c0004,{}
376854,2026-09-10T14:02:59.561249+00:00,134335225795612499,5832,Env.exe,File_System,CreateFile,C:\Lab\sample\VIRUS\TextShaping.dll,0xc0000034,"{""Desired Access"": ""Read Attributes"", ""Disposition"": ""Open"", ""Options"": ""Open Reparse Point"", ""Attributes"": ""n/a"", ""ShareMode"": ""Read, Write, Delete"", ""AllocationSize"": ""n/a""}"
376856,2026-09-10T14:02:59.562281+00:00,134335225795622818,5832,Env.exe,File_System,QueryOpen,C:\Windows\SysWOW64\TextShaping.dll,0xc01c0004,{}
376862,2026-09-10T14:02:59.562936+00:00,134335225795629368,5832,Env.exe,File_System,CreateFile,C:\Windows\SysWOW64\TextShaping.dll,0x00000000,"{""Desired Access"": ""Read Attributes"", ""Disposition"": ""Open"", ""Options"": ""Open Reparse Point"", ""Attributes"": ""n/a"", ""ShareMode"": ""Read, Write, Delete"", ""AllocationSize"": ""n/a"", ""OpenResult"": ""Opened""}"
376865,2026-09-10T14:02:59.564095+00:00,134335225795640956,5832,Env.exe,File_System,QueryBasicInformationFile,C:\Windows\SysWOW64\TextShaping.dll,0x00000000,"{""CreationTime"": 132780004882120301, ""LastAccessTime"": 132780004882120301, ""LastWriteTime"": 132780004882120301, ""ChangeTime"": 134335054240576437, ""FileAttributes"": ""A""}"
376866,2026-09-10T14:02:59.564165+00:00,134335225795641653,5832,Env.exe,File_System,CloseFile,C:\Windows\SysWOW64\TextShaping.dll,0x00000000,{}
376892,2026-09-10T14:02:59.567774+00:00,134335225795677748,5832,Env.exe,File_System,IRP_MJ_CLOSE,C:\Windows\SysWOW64\TextShaping.dll,0x00000000,{}
376894,2026-09-10T14:02:59.568722+00:00,134335225795687221,5832,Env.exe,File_System,CreateFile,C:\Windows\SysWOW64\TextShaping.dll,0x00000000,"{""Desired Access"": ""Read Data/List Directory, Execute/Traverse, Synchronize"", ""Disposition"": ""Open"", ""Options"": ""Synchronous IO Non-Alert, Non-Directory File"", ""Attributes"": ""n/a"", ""ShareMode"": ""Read, Delete"", ""AllocationSize"": ""n/a"", ""OpenResult"": ""Opened""}"
376899,2026-09-10T14:02:59.569309+00:00,134335225795693098,5832,Env.exe,File_System,QueryEAFile,C:\Windows\SysWOW64\TextShaping.dll,0x00000000,{}
376907,2026-09-10T14:02:59.571363+00:00,134335225795713632,5832,Env.exe,File_System,CreateFileMapping,C:\Windows\SysWOW64\TextShaping.dll,0x0000012a,"{""SyncType"": ""SyncTypeCreateSection"", ""PageProtection"": ""PAGE_EXECUTE""}"
376908,2026-09-10T14:02:59.571442+00:00,134335225795714427,5832,Env.exe,File_System,QueryStandardInformationFile,C:\Windows\SysWOW64\TextShaping.dll,0x00000000,"{""AllocationSize"": 614400, ""EndOfFile"": 611960, ""NumberOfLinks"": 2, ""DeletePending"": false, ""Directory"": false}"
376909,2026-09-10T14:02:59.571551+00:00,134335225795715519,5832,Env.exe,File_System,ReadFile,C:\Windows\SysWOW64\TextShaping.dll,0x00000000,"{""Offset"": 0, ""Length"": 4096, ""I/O Flags"": ""Non-cached, Paging I/O, Synchronous Paging I/O"", ""Priority"": ""Normal""}"
376914,2026-09-10T14:02:59.573552+00:00,134335225795735521,5832,Env.exe,File_System,FASTIO_RELEASE_FOR_SECTION_SYNCHRONIZATION,C:\Windows\SysWOW64\TextShaping.dll,0x00000000,{}
376915,2026-09-10T14:02:59.574067+00:00,134335225795740670,5832,Env.exe,File_System,ReadFile,C:\Windows\SysWOW64\TextShaping.dll,0x00000000,"{""Offset"": 345088, ""Length"": 32768, ""I/O Flags"": ""Non-cached, Paging I/O, Synchronous Paging I/O"", ""Priority"": ""Normal""}"
376918,2026-09-10T14:02:59.575494+00:00,134335225795754940,5832,Env.exe,File_System,ReadFile,C:\Windows\SysWOW64\TextShaping.dll,0x00000000,"{""Offset"": 5120, ""Length"": 32768, ""I/O Flags"": ""Non-cached, Paging I/O, Synchronous Paging I/O"", ""Priority"": ""Normal""}"
376921,2026-09-10T14:02:59.576943+00:00,134335225795769434,5832,Env.exe,File_System,ReadFile,C:\Windows\SysWOW64\TextShaping.dll,0x00000000,"{""Offset"": 589824, ""Length"": 8192, ""I/O Flags"": ""Non-cached, Paging I/O, Synchronous Paging I/O"", ""Priority"": ""Normal""}"
376923,2026-09-10T14:02:59.578459+00:00,134335225795784593,5832,Env.exe,File_System,CreateFileMapping,C:\Windows\SysWOW64\TextShaping.dll,0x00000000,"{""SyncType"": ""SyncTypeOther""}"
376924,2026-09-10T14:02:59.578544+00:00,134335225795785449,5832,Env.exe,File_System,FASTIO_RELEASE_FOR_SECTION_SYNCHRONIZATION,C:\Windows\SysWOW64\TextShaping.dll,0x00000000,{}
376927,2026-09-10T14:02:59.579463+00:00,134335225795794631,5832,Env.exe,Process,Load_Image,C:\Windows\SysWOW64\TextShaping.dll,0x00000000,"{""Image Base"": 1953955840, ""Image Size"": 606208}"
376928,2026-09-10T14:02:59.579709+00:00,134335225795797095,5832,Env.exe,File_System,ReadFile,C:\Windows\SysWOW64\TextShaping.dll,0x00000000,"{""Offset"": 553984, ""Length"": 32768, ""I/O Flags"": ""Non-cached, Paging I/O, Synchronous Paging I/O"", ""Priority"": ""Normal""}"
376929,2026-09-10T14:02:59.580929+00:00,134335225795809293,5832,Env.exe,File_System,ReadFile,C:\Windows\SysWOW64\TextShaping.dll,0x00000000,"{""Offset"": 586752, ""Length"": 512, ""I/O Flags"": ""Non-cached, Paging I/O, Synchronous Paging I/O"", ""Priority"": ""Normal""}"
376931,2026-09-10T14:02:59.581789+00:00,134335225795817894,5832,Env.exe,File_System,ReadFile,C:\Windows\SysWOW64\TextShaping.dll,0x00000000,"{""Offset"": 587264, ""Length"": 2560, ""I/O Flags"": ""Non-cached, Paging I/O, Synchronous Paging I/O"", ""Priority"": ""Normal""}"
376936,2026-09-10T14:02:59.582702+00:00,134335225795827026,5832,Env.exe,File_System,CloseFile,C:\Windows\SysWOW64\TextShaping.dll,0x00000000,{}
376938,2026-09-10T14:02:59.584294+00:00,134335225795842940,5832,Env.exe,File_System,CreateFile,C:\Windows\SysWOW64\TextShaping.dll,0x00000000,"{""Desired Access"": ""Read Control"", ""Disposition"": ""Open"", ""Options"": """", ""Attributes"": ""n/a"", ""ShareMode"": ""Read, Delete"", ""AllocationSize"": ""n/a"", ""OpenResult"": ""Opened""}"
376939,2026-09-10T14:02:59.584625+00:00,134335225795846251,5832,Env.exe,File_System,QuerySecurityFile,C:\Windows\SysWOW64\TextShaping.dll,0x80000005,"{""Information"": ""Owner""}"
376941,2026-09-10T14:02:59.584739+00:00,134335225795847393,5832,Env.exe,File_System,QuerySecurityFile,C:\Windows\SysWOW64\TextShaping.dll,0x00000000,"{""Information"": ""Owner""}"
376942,2026-09-10T14:02:59.584837+00:00,134335225795848375,5832,Env.exe,File_System,CloseFile,C:\Windows\SysWOW64\TextShaping.dll,0x00000000,{}
376943,2026-09-10T14:02:59.584945+00:00,134335225795849459,5832,Env.exe,File_System,IRP_MJ_CLOSE,C:\Windows\SysWOW64\TextShaping.dll,0x00000000,{}
376947,2026-09-10T14:02:59.586421+00:00,134335225795864219,5832,Env.exe,File_System,ReadFile,C:\Windows\SysWOW64\TextShaping.dll,0x00000000,"{""Offset"": 377856, ""Length"": 32768, ""I/O Flags"": ""Non-cached, Paging I/O, Synchronous Paging I/O"", ""Priority"": ""Normal""}"
376949,2026-09-10T14:02:59.587423+00:00,134335225795874230,5832,Env.exe,File_System,ReadFile,C:\Windows\SysWOW64\TextShaping.dll,0x00000000,"{""Offset"": 1024, ""Length"": 4096, ""I/O Flags"": ""Non-cached, Paging I/O, Synchronous Paging I/O"", ""Priority"": ""Normal""}"
376952,2026-09-10T14:02:59.588001+00:00,134335225795880013,5832,Env.exe,File_System,ReadFile,C:\Windows\SysWOW64\TextShaping.dll,0x00000000,"{""Offset"": 435200, ""Length"": 32768, ""I/O Flags"": ""Non-cached, Paging I/O, Synchronous Paging I/O"", ""Priority"": ""Normal""}"
376965,2026-09-10T14:02:59.594561+00:00,134335225795945619,5832,Env.exe,File_System,ReadFile,C:\Windows\SysWOW64\gdi32full.dll,0x00000000,"{""Offset"": 287744, ""Length"": 32768, ""I/O Flags"": ""Non-cached, Paging I/O, Synchronous Paging I/O"", ""Priority"": ""Normal""}"
376967,2026-09-10T14:02:59.595869+00:00,134335225795958692,5832,Env.exe,Registry,RegQueryKey,HKLM,0x00000000,"{""Query"": ""HandleTags"", ""HandleTags"": 0}"
376969,2026-09-10T14:02:59.596027+00:00,134335225795960272,5832,Env.exe,Registry,RegOpenKey,HKLM\SOFTWARE\Microsoft\Windows NT\CurrentVersion\FontLink\SystemLink,0x00000000,"{""Desired Access"": ""Query Value, Enumerate Sub Keys""}"
376972,2026-09-10T14:02:59.596332+00:00,134335225795963325,5832,Env.exe,Registry,RegSetInfoKey,HKLM\SOFTWARE\Microsoft\Windows NT\CurrentVersion\FontLink\SystemLink,0x00000000,"{""KeySetInformationClass"": ""KeySetHandleTagsInformation"", ""Length"": 0}"
376974,2026-09-10T14:02:59.596664+00:00,134335225795966649,5832,Env.exe,Registry,RegQueryKey,HKLM\SOFTWARE\Microsoft\Windows NT\CurrentVersion\FontLink\SystemLink,0x00000000,"{""Query"": ""Cached"", ""LastWriteTime"": 134335056511972930, ""TitleIndex"": 0, ""SubKeys"": 0, ""MaxNameLen"": 0, ""Values"": 67, ""MaxValueNameLen"": 54, ""MaxValueDataLen"": 900}"
376976,2026-09-10T14:02:59.597958+00:00,134335225795979584,5832,Env.exe,Registry,RegEnumValue,HKLM\SOFTWARE\Microsoft\Windows NT\CurrentVersion\FontLink\SystemLink,0x80000005,"{""Index"": 0, ""Length"": 220}"
376977,2026-09-10T14:02:59.598184+00:00,134335225795981848,5832,Env.exe,Registry,RegEnumValue,HKLM\SOFTWARE\Microsoft\Windows NT\CurrentVersion\FontLink\SystemLink,0x00000000,"{""Index"": 0, ""Name"": ""Lucida Sans Unicode"", ""Type"": ""REG_MULTI_SZ"", ""Length"": 440, ""Data"": [""MSGOTHIC.TTC,MS UI Gothic"", ""MINGLIU.TTC,PMingLiU"", ""SIMSUN.TTC,SimSun"", ""GULIM.TTC,Gulim"", ""YUGOTHM.TTC,Yu Gothic UI"", ""MSJH.TTC,Microsoft JhengHei UI"", ""MSYH.TTC,Microsoft YaHei UI"", ""MALGUN.TTF,Malgun Gothic"", ""SEGUISYM.TTF,Segoe UI Symbol""]}"
376982,2026-09-10T14:02:59.599508+00:00,134335225795995084,5832,Env.exe,Registry,RegEnumValue,HKLM\SOFTWARE\Microsoft\Windows NT\CurrentVersion\FontLink\SystemLink,0x80000005,"{""Index"": 1, ""Length"": 220}"
377009,2026-09-10T14:02:59.605162+00:00,134335225796051628,5832,Env.exe,Registry,RegEnumValue,HKLM\SOFTWARE\Microsoft\Windows NT\CurrentVersion\FontLink\SystemLink,0x00000000,"{""Index"": 1, ""Name"": ""Microsoft Sans Serif"", ""Type"": ""REG_MULTI_SZ"", ""Length"": 440, ""Data"": [""MSGOTHIC.TTC,MS UI Gothic"", ""YUGOTHM.TTC,Yu Gothic UI"", ""MINGLIU.TTC,PMingLiU"", ""SIMSUN.TTC,SimSun"", ""GULIM.TTC,Gulim"", ""MSJH.TTC,Microsoft JhengHei UI"", ""MSYH.TTC,Microsoft YaHei UI"", ""MALGUN.TTF,Malgun Gothic"", ""SEGUISYM.TTF,Segoe UI Symbol""]}"
377013,2026-09-10T14:02:59.605776+00:00,134335225796057765,5832,Env.exe,Registry,RegEnumValue,HKLM\SOFTWARE\Microsoft\Windows NT\CurrentVersion\FontLink\SystemLink,0x80000005,"{""Index"": 2, ""Length"": 220}"
377015,2026-09-10T14:02:59.605922+00:00,134335225796059229,5832,Env.exe,Registry,RegEnumValue,HKLM\SOFTWARE\Microsoft\Windows NT\CurrentVersion\FontLink\SystemLink,0x00000000,"{""Index"": 2, ""Name"": ""Tahoma"", ""Type"": ""REG_MULTI_SZ"", ""Length"": 440, ""Data"": [""MSGOTHIC.TTC,MS UI Gothic"", ""MINGLIU.TTC,PMingLiU"", ""SIMSUN.TTC,SimSun"", ""GULIM.TTC,Gulim"", ""YUGOTHM.TTC,Yu Gothic UI"", ""MSJH.TTC,Microsoft JhengHei UI"", ""MSYH.TTC,Microsoft YaHei UI"", ""MALGUN.TTF,Malgun Gothic"", ""SEGUISYM.TTF,Segoe UI Symbol""]}"
377016,2026-09-10T14:02:59.606277+00:00,134335225796062771,5832,Env.exe,Registry,RegEnumValue,HKLM\SOFTWARE\Microsoft\Windows NT\CurrentVersion\FontLink\SystemLink,0x80000005,"{""Index"": 3, ""Length"": 220}"
377017,2026-09-10T14:02:59.606399+00:00,134335225796063997,5832,Env.exe,Registry,RegEnumValue,HKLM\SOFTWARE\Microsoft\Windows NT\CurrentVersion\FontLink\SystemLink,0x00000000,"{""Index"": 3, ""Name"": ""Segoe UI"", ""Type"": ""REG_MULTI_SZ"", ""Length"": 848, ""Data"": [""TAHOMA.TTF,Tahoma"", ""MEIRYO.TTC,Meiryo UI,128,96"", ""MEIRYO.TTC,Meiryo UI"", ""MSGOTHIC.TTC,MS UI Gothic"", ""MSJH.TTC,Microsoft JhengHei UI,128,96"", ""MSJH.TTC,Microsoft JhengHei UI"", ""MSYH.TTC,Microsoft YaHei UI,128,96"", ""MSYH.TTC,Microsoft YaHei UI"", ""MALGUN.TTF,Malgun Gothic,128,96"", ""MALGUN.TTF,Malgun Gothic"", ""MINGLIU.TTC,PMingLiU"", ""SIMSUN.TTC,SimSun"", ""GULIM.TTC,Gulim"", ""YUGOTHM.TTC,Yu Gothic UI,128,96"", ""YUGOTHM.TTC,Yu Gothic UI"", ""SEGUISYM.TTF,Segoe UI Symbol""]}"
377018,2026-09-10T14:02:59.606730+00:00,134335225796067309,5832,Env.exe,Registry,RegEnumValue,HKLM\SOFTWARE\Microsoft\Windows NT\CurrentVersion\FontLink\SystemLink,0x80000005,"{""Index"": 4, ""Length"": 220}"
377019,2026-09-10T14:02:59.606852+00:00,134335225796068524,5832,Env.exe,Registry,RegEnumValue,HKLM\SOFTWARE\Microsoft\Windows NT\CurrentVersion\FontLink\SystemLink,0x00000000,"{""Index"": 4, ""Name"": ""Segoe UI Bold"", ""Type"": ""REG_MULTI_SZ"", ""Length"": 778, ""Data"": [""MEIRYOB.TTC,Meiryo UI Bold,128,96"", ""MEIRYOB.TTC,Meiryo UI Bold"", ""MSJHBD.TTC,Microsoft JhengHei UI Bold,128,96"", ""MSJHBD.TTC,Microsoft JhengHei UI Bold"", ""MSYHBD.TTC,Microsoft YaHei UI Bold,128,96"", ""MSYHBD.TTC,Microsoft YaHei UI Bold"", ""MALGUNBD.TTF,Malgun Gothic Bold,128,96"", ""MALGUNBD.TTF,Malgun Gothic Bold"", ""YUGOTHB.TTC,Yu Gothic UI Bold,128,96"", ""YUGOTHB.TTC,Yu Gothic UI Bold"", ""SEGUISYM.TTF,Segoe UI Symbol""]}"
377021,2026-09-10T14:02:59.607218+00:00,134335225796072181,5832,Env.exe,Registry,RegEnumValue,HKLM\SOFTWARE\Microsoft\Windows NT\CurrentVersion\FontLink\SystemLink,0x80000005,"{""Index"": 5, ""Length"": 220}"
377022,2026-09-10T14:02:59.607344+00:00,134335225796073448,5832,Env.exe,Registry,RegEnumValue,HKLM\SOFTWARE\Microsoft\Windows NT\CurrentVersion\FontLink\SystemLink,0x00000000,"{""Index"": 5, ""Name"": ""Segoe UI Light"", ""Type"": ""REG_MULTI_SZ"", ""Length"": 778, ""Data"": [""MEIRYO.TTC,Meiryo UI,128,96"", ""MEIRYO.TTC,Meiryo UI"", ""MSJHL.TTC,Microsoft JhengHei UI Light,128,96"", ""MSJHL.TTC,Microsoft JhengHei UI Light"", ""MSYHL.TTC,Microsoft YaHei UI Light,128,96"", ""MSYHL.TTC,Microsoft YaHei UI Light"", ""MALGUNSL.TTF,Malgun Gothic Semilight,128,96"", ""MALGUNSL.TTF,Malgun Gothic Semilight"", ""YUGOTHL.TTC,Yu Gothic UI Light,128,96"", ""YUGOTHL.TTC,Yu Gothic UI Light"", ""SEGUISYM.TTF,Segoe UI Symbol""]}"
377023,2026-09-10T14:02:59.607659+00:00,134335225796076592,5832,Env.exe,Registry,RegEnumValue,HKLM\SOFTWARE\Microsoft\Windows NT\CurrentVersion\FontLink\SystemLink,0x80000005,"{""Index"": 6, ""Length"": 220}"
377025,2026-09-10T14:02:59.607894+00:00,134335225796078945,5832,Env.exe,Registry,RegEnumValue,HKLM\SOFTWARE\Microsoft\Windows NT\CurrentVersion\FontLink\SystemLink,0x00000000,"{""Index"": 6, ""Name"": ""Segoe UI Semilight"", ""Type"": ""REG_MULTI_SZ"", ""Length"": 738, ""Data"": [""MEIRYO.TTC,Meiryo UI,128,96"", ""MEIRYO.TTC,Meiryo UI"", ""MSJH.TTC,Microsoft JhengHei UI,128,96"", ""MSJH.TTC,Microsoft JhengHei UI"", ""MSYH.TTC,Microsoft YaHei UI,128,96"", ""MSYH.TTC,Microsoft YaHei UI"", ""MALGUNSL.TTF,Malgun Gothic Semilight,128,96"", ""MALGUNSL.TTF,Malgun Gothic Semilight"", ""YUGOTHR.TTC,Yu Gothic UI Semilight,128,96"", ""YUGOTHR.TTC,Yu Gothic UI Semilight"", ""SEGUISYM.TTF,Segoe UI Symbol""]}"
377028,2026-09-10T14:02:59.608200+00:00,134335225796082008,5832,Env.exe,Registry,RegEnumValue,HKLM\SOFTWARE\Microsoft\Windows NT\CurrentVersion\FontLink\SystemLink,0x80000005,"{""Index"": 7, ""Length"": 220}"
377030,2026-09-10T14:02:59.608366+00:00,134335225796083661,5832,Env.exe,Registry,RegEnumValue,HKLM\SOFTWARE\Microsoft\Windows NT\CurrentVersion\FontLink\SystemLink,0x00000000,"{""Index"": 7, ""Name"": ""Segoe UI Semibold"", ""Type"": ""REG_MULTI_SZ"", ""Length"": 686, ""Data"": [""MEIRYO.TTC,Meiryo UI,128,96"", ""MEIRYO.TTC,Meiryo UI"", ""MSJH.TTC,Microsoft Jhenghei UI,128,96"", ""MSJH.TTC,Microsoft Jhenghei UI"", ""MSYH.TTC,Microsoft Yahei UI,128,96"", ""MSYH.TTC,Microsoft Yahei UI"", ""MALGUN.TTF,Malgun Gothic,128,96"", ""MALGUN.TTF,Malgun Gothic"", ""YUGOTHB.TTC,Yu Gothic UI Semibold,128,96"", ""YUGOTHB.TTC,Yu Gothic UI Semibold"", ""SEGUISYM.TTF,Segoe UI Symbol""]}"
377031,2026-09-10T14:02:59.608650+00:00,134335225796086508,5832,Env.exe,Registry,RegEnumValue,HKLM\SOFTWARE\Microsoft\Windows NT\CurrentVersion\FontLink\SystemLink,0x80000005,"{""Index"": 8, ""Length"": 220}"
377032,2026-09-10T14:02:59.608785+00:00,134335225796087852,5832,Env.exe,Registry,RegEnumValue,HKLM\SOFTWARE\Microsoft\Windows NT\CurrentVersion\FontLink\SystemLink,0x00000000,"{""Index"": 8, ""Name"": ""Ebrima"", ""Type"": ""REG_MULTI_SZ"", ""Length"": 748, ""Data"": [""SEGOEUI.TTF,Segoe UI,110,82"", ""SEGOEUI.TTF,Segoe UI"", ""MEIRYO.TTC,Meiryo UI,120,96"", ""MEIRYO.TTC,Meiryo UI"", ""MSJH.TTC,Microsoft JhengHei UI,120,96"", ""MSJH.TTC,Microsoft JhengHei UI"", ""MSYH.TTC,Microsoft YaHei UI,128,96"", ""MSYH.TTC,Microsoft YaHei UI"", ""MALGUN.TTF,Malgun Gothic,118,96"", ""MALGUN.TTF,Malgun Gothic"", ""YUGOTHM.TTC,Yu Gothic UI,128,96"", ""YUGOTHM.TTC,Yu Gothic UI"", ""SEGUISYM.TTF,Segoe UI Symbol""]}"
377033,2026-09-10T14:02:59.609066+00:00,134335225796090660,5832,Env.exe,Registry,RegEnumValue,HKLM\SOFTWARE\Microsoft\Windows NT\CurrentVersion\FontLink\SystemLink,0x80000005,"{""Index"": 9, ""Length"": 220}"
377036,2026-09-10T14:02:59.610026+00:00,134335225796100261,5832,Env.exe,Registry,RegEnumValue,HKLM\SOFTWARE\Microsoft\Windows NT\CurrentVersion\FontLink\SystemLink,0x00000000,"{""Index"": 9, ""Name"": ""Ebrima Bold"", ""Type"": ""REG_MULTI_SZ"", ""Length"": 900, ""Data"": [""SEGOEUIB.TTF,Segoe UI Bold,110,82"", ""SEGOEUIB.TTF,Segoe UI Bold"", ""MEIRYOB.TTC,Meiryo UI Bold,120,96"", ""MEIRYOB.TTC,Meiryo UI Bold"", ""MSJHBD.TTC,Microsoft JhengHei UI Bold,120,96"", ""MSJHBD.TTC,Microsoft JhengHei UI Bold"", ""MSYHBD.TTC,Microsoft YaHei UI Bold,128,96"", ""MSYHBD.TTC,Microsoft YaHei UI Bold"", ""MALGUNBD.TTF,Malgun Gothic Bold,118,96"", ""MALGUNBD.TTF,Malgun Gothic Bold"", ""YUGOTHB.TTC,Yu Gothic UI Bold,128,96"", ""YUGOTHB.TTC,Yu Gothic UI Bold"", ""SEGUISYM.TTF,Segoe UI Symbol""]}"
377040,2026-09-10T14:02:59.610615+00:00,134335225796106151,5832,Env.exe,Registry,RegEnumValue,HKLM\SOFTWARE\Microsoft\Windows NT\CurrentVersion\FontLink\SystemLink,0x80000005,"{""Index"": 10, ""Length"": 220}"
377041,2026-09-10T14:02:59.610814+00:00,134335225796108140,5832,Env.exe,Registry,RegEnumValue,HKLM\SOFTWARE\Microsoft\Windows NT\CurrentVersion\FontLink\SystemLink,0x00000000,"{""Index"": 10, ""Name"": ""Gadugi"", ""Type"": ""REG_MULTI_SZ"", ""Length"": 748, ""Data"": [""SEGOEUI.TTF,Segoe UI,110,82"", ""SEGOEUI.TTF,Segoe UI"", ""MEIRYO.TTC,Meiryo UI,120,96"", ""MEIRYO.TTC,Meiryo UI"", ""MSJH.TTC,Microsoft JhengHei UI,120,96"", ""MSJH.TTC,Microsoft JhengHei UI"", ""MSYH.TTC,Microsoft YaHei UI,128,96"", ""MSYH.TTC,Microsoft YaHei UI"", ""MALGUN.TTF,Malgun Gothic,118,96"", ""MALGUN.TTF,Malgun Gothic"", ""YUGOTHM.TTC,Yu Gothic UI,128,96"", ""YUGOTHM.TTC,Yu Gothic UI"", ""SEGUISYM.TTF,Segoe UI Symbol""]}"
377042,2026-09-10T14:02:59.611293+00:00,134335225796112938,5832,Env.exe,Registry,RegEnumValue,HKLM\SOFTWARE\Microsoft\Windows NT\CurrentVersion\FontLink\SystemLink,0x80000005,"{""Index"": 11, ""Length"": 220}"
377043,2026-09-10T14:02:59.611429+00:00,134335225796114299,5832,Env.exe,Registry,RegEnumValue,HKLM\SOFTWARE\Microsoft\Windows NT\CurrentVersion\FontLink\SystemLink,0x00000000,"{""Index"": 11, ""Name"": ""Gadugi Bold"", ""Type"": ""REG_MULTI_SZ"", ""Length"": 900, ""Data"": [""SEGOEUIB.TTF,Segoe UI Bold,110,82"", ""SEGOEUIB.TTF,Segoe UI Bold"", ""MEIRYOB.TTC,Meiryo UI Bold,120,96"", ""MEIRYOB.TTC,Meiryo UI Bold"", ""MSJHBD.TTC,Microsoft JhengHei UI Bold,120,96"", ""MSJHBD.TTC,Microsoft JhengHei UI Bold"", ""MSYHBD.TTC,Microsoft YaHei UI Bold,128,96"", ""MSYHBD.TTC,Microsoft YaHei UI Bold"", ""MALGUNBD.TTF,Malgun Gothic Bold,118,96"", ""MALGUNBD.TTF,Malgun Gothic Bold"", ""YUGOTHB.TTC,Yu Gothic UI Bold,128,96"", ""YUGOTHB.TTC,Yu Gothic UI Bold"", ""SEGUISYM.TTF,Segoe UI Symbol""]}"
377044,2026-09-10T14:02:59.611831+00:00,134335225796118319,5832,Env.exe,Registry,RegEnumValue,HKLM\SOFTWARE\Microsoft\Windows NT\CurrentVersion\FontLink\SystemLink,0x80000005,"{""Index"": 12, ""Length"": 220}"
377046,2026-09-10T14:02:59.612011+00:00,134335225796120110,5832,Env.exe,Registry,RegEnumValue,HKLM\SOFTWARE\Microsoft\Windows NT\CurrentVersion\FontLink\SystemLink,0x00000000,"{""Index"": 12, ""Name"": ""Khmer UI"", ""Type"": ""REG_MULTI_SZ"", ""Length"": 748, ""Data"": [""SEGOEUI.TTF,Segoe UI,110,82"", ""SEGOEUI.TTF,Segoe UI"", ""MEIRYO.TTC,Meiryo UI,120,96"", ""MEIRYO.TTC,Meiryo UI"", ""MSJH.TTC,Microsoft JhengHei UI,120,96"", ""MSJH.TTC,Microsoft JhengHei UI"", ""MSYH.TTC,Microsoft YaHei UI,128,96"", ""MSYH.TTC,Microsoft YaHei UI"", ""MALGUN.TTF,Malgun Gothic,118,96"", ""MALGUN.TTF,Malgun Gothic"", ""YUGOTHM.TTC,Yu Gothic UI,128,96"", ""YUGOTHM.TTC,Yu Gothic UI"", ""SEGUISYM.TTF,Segoe UI Symbol""]}"
377047,2026-09-10T14:02:59.612386+00:00,134335225796123869,5832,Env.exe,Registry,RegEnumValue,HKLM\SOFTWARE\Microsoft\Windows NT\CurrentVersion\FontLink\SystemLink,0x80000005,"{""Index"": 13, ""Length"": 220}"
377048,2026-09-10T14:02:59.612511+00:00,134335225796125111,5832,Env.exe,Registry,RegEnumValue,HKLM\SOFTWARE\Microsoft\Windows NT\CurrentVersion\FontLink\SystemLink,0x00000000,"{""Index"": 13, ""Name"": ""Khmer UI Bold"", ""Type"": ""REG_MULTI_SZ"", ""Length"": 900, ""Data"": [""SEGOEUIB.TTF,Segoe UI Bold,110,82"", ""SEGOEUIB.TTF,Segoe UI Bold"", ""MEIRYOB.TTC,Meiryo UI Bold,120,96"", ""MEIRYOB.TTC,Meiryo UI Bold"", ""MSJHBD.TTC,Microsoft JhengHei UI Bold,120,96"", ""MSJHBD.TTC,Microsoft JhengHei UI Bold"", ""MSYHBD.TTC,Microsoft YaHei UI Bold,128,96"", ""MSYHBD.TTC,Microsoft YaHei UI Bold"", ""MALGUNBD.TTF,Malgun Gothic Bold,118,96"", ""MALGUNBD.TTF,Malgun Gothic Bold"", ""YUGOTHB.TTC,Yu Gothic UI Bold,128,96"", ""YUGOTHB.TTC,Yu Gothic UI Bold"", ""SEGUISYM.TTF,Segoe UI Symbol""]}"
377050,2026-09-10T14:02:59.612824+00:00,134335225796128243,5832,Env.exe,Registry,RegEnumValue,HKLM\SOFTWARE\Microsoft\Windows NT\CurrentVersion\FontLink\SystemLink,0x80000005,"{""Index"": 14, ""Length"": 220}"
377051,2026-09-10T14:02:59.612943+00:00,134335225796129437,5832,Env.exe,Registry,RegEnumValue,HKLM\SOFTWARE\Microsoft\Windows NT\CurrentVersion\FontLink\SystemLink,0x00000000,"{""Index"": 14, ""Name"": ""Lao UI"", ""Type"": ""REG_MULTI_SZ"", ""Length"": 748, ""Data"": [""SEGOEUI.TTF,Segoe UI,110,82"", ""SEGOEUI.TTF,Segoe UI"", ""MEIRYO.TTC,Meiryo UI,120,96"", ""MEIRYO.TTC,Meiryo UI"", ""MSJH.TTC,Microsoft JhengHei UI,120,96"", ""MSJH.TTC,Microsoft JhengHei UI"", ""MSYH.TTC,Microsoft YaHei UI,128,96"", ""MSYH.TTC,Microsoft YaHei UI"", ""MALGUN.TTF,Malgun Gothic,118,96"", ""MALGUN.TTF,Malgun Gothic"", ""YUGOTHM.TTC,Yu Gothic UI,128,96"", ""YUGOTHM.TTC,Yu Gothic UI"", ""SEGUISYM.TTF,Segoe UI Symbol""]}"
377055,2026-09-10T14:02:59.613270+00:00,134335225796132705,5832,Env.exe,Registry,RegEnumValue,HKLM\SOFTWARE\Microsoft\Windows NT\CurrentVersion\FontLink\SystemLink,0x80000005,"{""Index"": 15, ""Length"": 220}"
377056,2026-09-10T14:02:59.613397+00:00,134335225796133976,5832,Env.exe,Registry,RegEnumValue,HKLM\SOFTWARE\Microsoft\Windows NT\CurrentVersion\FontLink\SystemLink,0x00000000,"{""Index"": 15, ""Name"": ""Lao UI Bold"", ""Type"": ""REG_MULTI_SZ"", ""Length"": 900, ""Data"": [""SEGOEUIB.TTF,Segoe UI Bold,110,82"", ""SEGOEUIB.TTF,Segoe UI Bold"", ""MEIRYOB.TTC,Meiryo UI Bold,120,96"", ""MEIRYOB.TTC,Meiryo UI Bold"", ""MSJHBD.TTC,Microsoft JhengHei UI Bold,120,96"", ""MSJHBD.TTC,Microsoft JhengHei UI Bold"", ""MSYHBD.TTC,Microsoft YaHei UI Bold,128,96"", ""MSYHBD.TTC,Microsoft YaHei UI Bold"", ""MALGUNBD.TTF,Malgun Gothic Bold,118,96"", ""MALGUNBD.TTF,Malgun Gothic Bold"", ""YUGOTHB.TTC,Yu Gothic UI Bold,128,96"", ""YUGOTHB.TTC,Yu Gothic UI Bold"", ""SEGUISYM.TTF,Segoe UI Symbol""]}"
377057,2026-09-10T14:02:59.613710+00:00,134335225796137109,5832,Env.exe,Registry,RegEnumValue,HKLM\SOFTWARE\Microsoft\Windows NT\CurrentVersion\FontLink\SystemLink,0x80000005,"{""Index"": 16, ""Length"": 220}"
377058,2026-09-10T14:02:59.613830+00:00,134335225796138308,5832,Env.exe,Registry,RegEnumValue,HKLM\SOFTWARE\Microsoft\Windows NT\CurrentVersion\FontLink\SystemLink,0x00000000,"{""Index"": 16, ""Name"": ""Leelawadee"", ""Type"": ""REG_MULTI_SZ"", ""Length"": 748, ""Data"": [""SEGOEUI.TTF,Segoe UI,110,82"", ""SEGOEUI.TTF,Segoe UI"", ""MEIRYO.TTC,Meiryo UI,120,96"", ""MEIRYO.TTC,Meiryo UI"", ""MSJH.TTC,Microsoft JhengHei UI,120,96"", ""MSJH.TTC,Microsoft JhengHei UI"", ""MSYH.TTC,Microsoft YaHei UI,128,96"", ""MSYH.TTC,Microsoft YaHei UI"", ""MALGUN.TTF,Malgun Gothic,118,96"", ""MALGUN.TTF,Malgun Gothic"", ""YUGOTHM.TTC,Yu Gothic UI,128,96"", ""YUGOTHM.TTC,Yu Gothic UI"", ""SEGUISYM.TTF,Segoe UI Symbol""]}"
377059,2026-09-10T14:02:59.614198+00:00,134335225796141981,5832,Env.exe,Registry,RegEnumValue,HKLM\SOFTWARE\Microsoft\Windows NT\CurrentVersion\FontLink\SystemLink,0x80000005,"{""Index"": 17, ""Length"": 220}"
377061,2026-09-10T14:02:59.614365+00:00,134335225796143653,5832,Env.exe,Registry,RegEnumValue,HKLM\SOFTWARE\Microsoft\Windows NT\CurrentVersion\FontLink\SystemLink,0x00000000,"{""Index"": 17, ""Name"": ""Leelawadee Bold"", ""Type"": ""REG_MULTI_SZ"", ""Length"": 900, ""Data"": [""SEGOEUIB.TTF,Segoe UI Bold,110,82"", ""SEGOEUIB.TTF,Segoe UI Bold"", ""MEIRYOB.TTC,Meiryo UI Bold,120,96"", ""MEIRYOB.TTC,Meiryo UI Bold"", ""MSJHBD.TTC,Microsoft JhengHei UI Bold,120,96"", ""MSJHBD.TTC,Microsoft JhengHei UI Bold"", ""MSYHBD.TTC,Microsoft YaHei UI Bold,128,96"", ""MSYHBD.TTC,Microsoft YaHei UI Bold"", ""MALGUNBD.TTF,Malgun Gothic Bold,118,96"", ""MALGUNBD.TTF,Malgun Gothic Bold"", ""YUGOTHB.TTC,Yu Gothic UI Bold,128,96"", ""YUGOTHB.TTC,Yu Gothic UI Bold"", ""SEGUISYM.TTF,Segoe UI Symbol""]}"
377062,2026-09-10T14:02:59.614755+00:00,134335225796147552,5832,Env.exe,Registry,RegEnumValue,HKLM\SOFTWARE\Microsoft\Windows NT\CurrentVersion\FontLink\SystemLink,0x80000005,"{""Index"": 18, ""Length"": 220}"
377063,2026-09-10T14:02:59.614895+00:00,134335225796148951,5832,Env.exe,Registry,RegEnumValue,HKLM\SOFTWARE\Microsoft\Windows NT\CurrentVersion\FontLink\SystemLink,0x00000000,"{""Index"": 18, ""Name"": ""Leelawadee UI"", ""Type"": ""REG_MULTI_SZ"", ""Length"": 748, ""Data"": [""SEGOEUI.TTF,Segoe UI,110,82"", ""SEGOEUI.TTF,Segoe UI"", ""MEIRYO.TTC,Meiryo UI,120,96"", ""MEIRYO.TTC,Meiryo UI"", ""MSJH.TTC,Microsoft JhengHei UI,120,96"", ""MSJH.TTC,Microsoft JhengHei UI"", ""MSYH.TTC,Microsoft YaHei UI,128,96"", ""MSYH.TTC,Microsoft YaHei UI"", ""MALGUN.TTF,Malgun Gothic,118,96"", ""MALGUN.TTF,Malgun Gothic"", ""YUGOTHM.TTC,Yu Gothic UI,128,96"", ""YUGOTHM.TTC,Yu Gothic UI"", ""SEGUISYM.TTF,Segoe UI Symbol""]}"
377065,2026-09-10T14:02:59.615222+00:00,134335225796152229,5832,Env.exe,Registry,RegEnumValue,HKLM\SOFTWARE\Microsoft\Windows NT\CurrentVersion\FontLink\SystemLink,0x80000005,"{""Index"": 19, ""Length"": 220}"
377066,2026-09-10T14:02:59.615345+00:00,134335225796153454,5832,Env.exe,Registry,RegEnumValue,HKLM\SOFTWARE\Microsoft\Windows NT\CurrentVersion\FontLink\SystemLink,0x00000000,"{""Index"": 19, ""Name"": ""Leelawadee UI Bold"", ""Type"": ""REG_MULTI_SZ"", ""Length"": 900, ""Data"": [""SEGOEUIB.TTF,Segoe UI Bold,110,82"", ""SEGOEUIB.TTF,Segoe UI Bold"", ""MEIRYOB.TTC,Meiryo UI Bold,120,96"", ""MEIRYOB.TTC,Meiryo UI Bold"", ""MSJHBD.TTC,Microsoft JhengHei UI Bold,120,96"", ""MSJHBD.TTC,Microsoft JhengHei UI Bold"", ""MSYHBD.TTC,Microsoft YaHei UI Bold,128,96"", ""MSYHBD.TTC,Microsoft YaHei UI Bold"", ""MALGUNBD.TTF,Malgun Gothic Bold,118,96"", ""MALGUNBD.TTF,Malgun Gothic Bold"", ""YUGOTHB.TTC,Yu Gothic UI Bold,128,96"", ""YUGOTHB.TTC,Yu Gothic UI Bold"", ""SEGUISYM.TTF,Segoe UI Symbol""]}"
377070,2026-09-10T14:02:59.615648+00:00,134335225796156481,5832,Env.exe,Registry,RegEnumValue,HKLM\SOFTWARE\Microsoft\Windows NT\CurrentVersion\FontLink\SystemLink,0x80000005,"{""Index"": 20, ""Length"": 220}"
377071,2026-09-10T14:02:59.615782+00:00,134335225796157826,5832,Env.exe,Registry,RegEnumValue,HKLM\SOFTWARE\Microsoft\Windows NT\CurrentVersion\FontLink\SystemLink,0x00000000,"{""Index"": 20, ""Name"": ""Nirmala UI"", ""Type"": ""REG_MULTI_SZ"", ""Length"": 748, ""Data"": [""SEGOEUI.TTF,Segoe UI,110,82"", ""SEGOEUI.TTF,Segoe UI"", ""MEIRYO.TTC,Meiryo UI,120,96"", ""MEIRYO.TTC,Meiryo UI"", ""MSJH.TTC,Microsoft JhengHei UI,120,96"", ""MSJH.TTC,Microsoft JhengHei UI"", ""MSYH.TTC,Microsoft YaHei UI,128,96"", ""MSYH.TTC,Microsoft YaHei UI"", ""MALGUN.TTF,Malgun Gothic,118,96"", ""MALGUN.TTF,Malgun Gothic"", ""YUGOTHM.TTC,Yu Gothic UI,128,96"", ""YUGOTHM.TTC,Yu Gothic UI"", ""SEGUISYM.TTF,Segoe UI Symbol""]}"
377072,2026-09-10T14:02:59.616094+00:00,134335225796160943,5832,Env.exe,Registry,RegEnumValue,HKLM\SOFTWARE\Microsoft\Windows NT\CurrentVersion\FontLink\SystemLink,0x80000005,"{""Index"": 21, ""Length"": 220}"
377073,2026-09-10T14:02:59.616218+00:00,134335225796162180,5832,Env.exe,Registry,RegEnumValue,HKLM\SOFTWARE\Microsoft\Windows NT\CurrentVersion\FontLink\SystemLink,0x00000000,"{""Index"": 21, ""Name"": ""Nirmala UI Bold"", ""Type"": ""REG_MULTI_SZ"", ""Length"": 900, ""Data"": [""SEGOEUIB.TTF,Segoe UI Bold,110,82"", ""SEGOEUIB.TTF,Segoe UI Bold"", ""MEIRYOB.TTC,Meiryo UI Bold,120,96"", ""MEIRYOB.TTC,Meiryo UI Bold"", ""MSJHBD.TTC,Microsoft JhengHei UI Bold,120,96"", ""MSJHBD.TTC,Microsoft JhengHei UI Bold"", ""MSYHBD.TTC,Microsoft YaHei UI Bold,128,96"", ""MSYHBD.TTC,Microsoft YaHei UI Bold"", ""MALGUNBD.TTF,Malgun Gothic Bold,118,96"", ""MALGUNBD.TTF,Malgun Gothic Bold"", ""YUGOTHB.TTC,Yu Gothic UI Bold,128,96"", ""YUGOTHB.TTC,Yu Gothic UI Bold"", ""SEGUISYM.TTF,Segoe UI Symbol""]}"
377074,2026-09-10T14:02:59.616513+00:00,134335225796165137,5832,Env.exe,Registry,RegEnumValue,HKLM\SOFTWARE\Microsoft\Windows NT\CurrentVersion\FontLink\SystemLink,0x80000005,"{""Index"": 22, ""Length"": 220}"
377075,2026-09-10T14:02:59.616634+00:00,134335225796166341,5832,Env.exe,Registry,RegEnumValue,HKLM\SOFTWARE\Microsoft\Windows NT\CurrentVersion\FontLink\SystemLink,0x00000000,"{""Index"": 22, ""Name"": ""Nirmala UI Semilight"", ""Type"": ""REG_MULTI_SZ"", ""Length"": 738, ""Data"": [""MEIRYO.TTC,Meiryo UI,128,96"", ""MEIRYO.TTC,Meiryo UI"", ""MSJH.TTC,Microsoft JhengHei UI,128,96"", ""MSJH.TTC,Microsoft JhengHei UI"", ""MSYH.TTC,Microsoft YaHei UI,128,96"", ""MSYH.TTC,Microsoft YaHei UI"", ""MALGUNSL.TTF,Malgun Gothic Semilight,128,96"", ""MALGUNSL.TTF,Malgun Gothic Semilight"", ""YUGOTHR.TTC,Yu Gothic UI Semilight,128,96"", ""YUGOTHR.TTC,Yu Gothic UI Semilight"", ""SEGUISYM.TTF,Segoe UI Symbol""]}"
377077,2026-09-10T14:02:59.616938+00:00,134335225796169380,5832,Env.exe,Registry,RegEnumValue,HKLM\SOFTWARE\Microsoft\Windows NT\CurrentVersion\FontLink\SystemLink,0x80000005,"{""Index"": 23, ""Length"": 220}"
377078,2026-09-10T14:02:59.617057+00:00,134335225796170576,5832,Env.exe,Registry,RegEnumValue,HKLM\SOFTWARE\Microsoft\Windows NT\CurrentVersion\FontLink\SystemLink,0x00000000,"{""Index"": 23, ""Name"": ""MingLiU"", ""Type"": ""REG_MULTI_SZ"", ""Length"": 546, ""Data"": [""MICROSS.TTF,Microsoft Sans Serif,40,48"", ""MICROSS.TTF,Microsoft Sans Serif"", ""SIMSUN.TTC,SimSun"", ""MSMINCHO.TTC,MS Mincho"", ""BATANG.TTC,BatangChe"", ""MSJH.TTC,Microsoft JhengHei UI"", ""MSYH.TTC,Microsoft YaHei UI"", ""YUGOTHM.TTC,Yu Gothic UI"", ""MALGUN.TTF,Malgun Gothic"", ""SEGUISYM.TTF,Segoe UI Symbol""]}"
377079,2026-09-10T14:02:59.617357+00:00,134335225796173579,5832,Env.exe,Registry,RegEnumValue,HKLM\SOFTWARE\Microsoft\Windows NT\CurrentVersion\FontLink\SystemLink,0x80000005,"{""Index"": 24, ""Length"": 220}"
377080,2026-09-10T14:02:59.617494+00:00,134335225796174945,5832,Env.exe,Registry,RegEnumValue,HKLM\SOFTWARE\Microsoft\Windows NT\CurrentVersion\FontLink\SystemLink,0x00000000,"{""Index"": 24, ""Name"": ""PMingLiU"", ""Type"": ""REG_MULTI_SZ"", ""Length"": 542, ""Data"": [""MICROSS.TTF,Microsoft Sans Serif,40,48"", ""MICROSS.TTF,Microsoft Sans Serif"", ""SIMSUN.TTC,SimSun"", ""MSMINCHO.TTC,MS PMincho"", ""BATANG.TTC,Batang"", ""MSJH.TTC,Microsoft JhengHei UI"", ""MSYH.TTC,Microsoft YaHei UI"", ""YUGOTHM.TTC,Yu Gothic UI"", ""MALGUN.TTF,Malgun Gothic"", ""SEGUISYM.TTF,Segoe UI Symbol""]}"
377082,2026-09-10T14:02:59.617796+00:00,134335225796177960,5832,Env.exe,Registry,RegEnumValue,HKLM\SOFTWARE\Microsoft\Windows NT\CurrentVersion\FontLink\SystemLink,0x80000005,"{""Index"": 25, ""Length"": 220}"
377085,2026-09-10T14:02:59.617914+00:00,134335225796179144,5832,Env.exe,Registry,RegEnumValue,HKLM\SOFTWARE\Microsoft\Windows NT\CurrentVersion\FontLink\SystemLink,0x00000000,"{""Index"": 25, ""Name"": ""MingLiU_HKSCS"", ""Type"": ""REG_MULTI_SZ"", ""Length"": 586, ""Data"": [""MICROSS.TTF,Microsoft Sans Serif,40,48"", ""MICROSS.TTF,Microsoft Sans Serif"", ""MINGLIU.TTC,MingLiU"", ""SIMSUN.TTC,SimSun"", ""MSMINCHO.TTC,MS Mincho"", ""BATANG.TTC,BatangChe"", ""MSJH.TTC,Microsoft JhengHei UI"", ""MSYH.TTC,Microsoft YaHei UI"", ""YUGOTHM.TTC,Yu Gothic UI"", ""MALGUN.TTF,Malgun Gothic"", ""SEGUISYM.TTF,Segoe UI Symbol""]}"
377087,2026-09-10T14:02:59.618212+00:00,134335225796182124,5832,Env.exe,Registry,RegEnumValue,HKLM\SOFTWARE\Microsoft\Windows NT\CurrentVersion\FontLink\SystemLink,0x80000005,"{""Index"": 26, ""Length"": 220}"
377088,2026-09-10T14:02:59.618360+00:00,134335225796183601,5832,Env.exe,Registry,RegEnumValue,HKLM\SOFTWARE\Microsoft\Windows NT\CurrentVersion\FontLink\SystemLink,0x00000000,"{""Index"": 26, ""Name"": ""MingLiU-ExtB"", ""Type"": ""REG_MULTI_SZ"", ""Length"": 586, ""Data"": [""MICROSS.TTF,Microsoft Sans Serif,40,48"", ""MICROSS.TTF,Microsoft Sans Serif"", ""MINGLIU.TTC,MingLiU"", ""SIMSUN.TTC,SimSun"", ""MSMINCHO.TTC,MS Mincho"", ""BATANG.TTC,BatangChe"", ""MSJH.TTC,Microsoft JhengHei UI"", ""MSYH.TTC,Microsoft YaHei UI"", ""YUGOTHM.TTC,Yu Gothic UI"", ""MALGUN.TTF,Malgun Gothic"", ""SEGUISYM.TTF,Segoe UI Symbol""]}"
377089,2026-09-10T14:02:59.618653+00:00,134335225796186537,5832,Env.exe,Registry,RegEnumValue,HKLM\SOFTWARE\Microsoft\Windows NT\CurrentVersion\FontLink\SystemLink,0x80000005,"{""Index"": 27, ""Length"": 220}"
377090,2026-09-10T14:02:59.618784+00:00,134335225796187848,5832,Env.exe,Registry,RegEnumValue,HKLM\SOFTWARE\Microsoft\Windows NT\CurrentVersion\FontLink\SystemLink,0x00000000,"{""Index"": 27, ""Name"": ""PMingLiU-ExtB"", ""Type"": ""REG_MULTI_SZ"", ""Length"": 584, ""Data"": [""MICROSS.TTF,Microsoft Sans Serif,40,48"", ""MICROSS.TTF,Microsoft Sans Serif"", ""MINGLIU.TTC,PMingLiU"", ""SIMSUN.TTC,SimSun"", ""MSMINCHO.TTC,MS PMincho"", ""BATANG.TTC,Batang"", ""MSJH.TTC,Microsoft JhengHei UI"", ""MSYH.TTC,Microsoft YaHei UI"", ""YUGOTHM.TTC,Yu Gothic UI"", ""MALGUN.TTF,Malgun Gothic"", ""SEGUISYM.TTF,Segoe UI Symbol""]}"
377092,2026-09-10T14:02:59.619064+00:00,134335225796190647,5832,Env.exe,Registry,RegEnumValue,HKLM\SOFTWARE\Microsoft\Windows NT\CurrentVersion\FontLink\SystemLink,0x80000005,"{""Index"": 28, ""Length"": 220}"
377093,2026-09-10T14:02:59.619184+00:00,134335225796191844,5832,Env.exe,Registry,RegEnumValue,HKLM\SOFTWARE\Microsoft\Windows NT\CurrentVersion\FontLink\SystemLink,0x00000000,"{""Index"": 28, ""Name"": ""MingLiU_HKSCS-ExtB"", ""Type"": ""REG_MULTI_SZ"", ""Length"": 638, ""Data"": [""MICROSS.TTF,Microsoft Sans Serif,40,48"", ""MICROSS.TTF,Microsoft Sans Serif"", ""MINGLIU.TTC,MingLiU_HKSCS"", ""MINGLIU.TTC,MingLiU"", ""SIMSUN.TTC,SimSun"", ""MSMINCHO.TTC,MS Mincho"", ""BATANG.TTC,BatangChe"", ""MSJH.TTC,Microsoft JhengHei UI"", ""MSYH.TTC,Microsoft YaHei UI"", ""YUGOTHM.TTC,Yu Gothic UI"", ""MALGUN.TTF,Malgun Gothic"", ""SEGUISYM.TTF,Segoe UI Symbol""]}"
377094,2026-09-10T14:02:59.619472+00:00,134335225796194720,5832,Env.exe,Registry,RegEnumValue,HKLM\SOFTWARE\Microsoft\Windows NT\CurrentVersion\FontLink\SystemLink,0x80000005,"{""Index"": 29, ""Length"": 220}"
377101,2026-09-10T14:02:59.620915+00:00,134335225796209154,5832,Env.exe,Registry,RegEnumValue,HKLM\SOFTWARE\Microsoft\Windows NT\CurrentVersion\FontLink\SystemLink,0x00000000,"{""Index"": 29, ""Name"": ""Microsoft JhengHei"", ""Type"": ""REG_MULTI_SZ"", ""Length"": 626, ""Data"": [""SEGOEUI.TTF,Segoe UI,114,78"", ""SEGOEUI.TTF,Segoe UI"", ""MINGLIU.TTC,MingLiU"", ""MSYH.TTC,Microsoft YaHei,128,96"", ""MSYH.TTC,Microsoft YaHei"", ""MEIRYO.TTC,Meiryo,128,85"", ""MEIRYO.TTC,Meiryo"", ""MALGUN.TTF,Malgun Gothic,128,96"", ""MALGUN.TTF,Malgun Gothic"", ""YUGOTHM.TTC,Yu Gothic UI,128,96"", ""YUGOTHM.TTC,Yu Gothic UI"", ""SEGUISYM.TTF,Segoe UI Symbol""]}"
377102,2026-09-10T14:02:59.621362+00:00,134335225796213623,5832,Env.exe,Registry,RegEnumValue,HKLM\SOFTWARE\Microsoft\Windows NT\CurrentVersion\FontLink\SystemLink,0x80000005,"{""Index"": 30, ""Length"": 220}"
377129,2026-09-10T14:02:59.628871+00:00,134335225796288717,5832,Env.exe,Registry,RegEnumValue,HKLM\SOFTWARE\Microsoft\Windows NT\CurrentVersion\FontLink\SystemLink,0x00000000,"{""Index"": 30, ""Name"": ""Microsoft JhengHei Bold"", ""Type"": ""REG_MULTI_SZ"", ""Length"": 750, ""Data"": [""SEGOEUIB.TTF,Segoe UI Bold,114,78"", ""SEGOEUIB.TTF,Segoe UI Bold"", ""MINGLIU.TTC,MingLiU"", ""MSYHBD.TTC,Microsoft YaHei Bold,128,96"", ""MSYHBD.TTC,Microsoft YaHei Bold"", ""MEIRYOB.TTC,Meiryo Bold,128,85"", ""MEIRYOB.TTC,Meiryo Bold"", ""MALGUNBD.TTF,Malgun Gothic Bold,128,96"", ""MALGUNBD.TTF,Malgun Gothic Bold"", ""YUGOTHB.TTC,Yu Gothic UI Bold,128,96"", ""YUGOTHB.TTC,Yu Gothic UI Bold"", ""SEGUISYM.TTF,Segoe UI Symbol""]}"
377133,2026-09-10T14:02:59.629372+00:00,134335225796293721,5832,Env.exe,Registry,RegEnumValue,HKLM\SOFTWARE\Microsoft\Windows NT\CurrentVersion\FontLink\SystemLink,0x80000005,"{""Index"": 31, ""Length"": 220}"
377134,2026-09-10T14:02:59.629503+00:00,134335225796295033,5832,Env.exe,Registry,RegEnumValue,HKLM\SOFTWARE\Microsoft\Windows NT\CurrentVersion\FontLink\SystemLink,0x00000000,"{""Index"": 31, ""Name"": ""Microsoft JhengHei UI"", ""Type"": ""REG_MULTI_SZ"", ""Length"": 524, ""Data"": [""SEGOEUI.TTF,Segoe UI,114,78"", ""SEGOEUI.TTF,Segoe UI"", ""MINGLIU.TTC,MingLiU"", ""MSYH.TTC,Microsoft YaHei UI"", ""MEIRYO.TTC,Meiryo UI"", ""MALGUN.TTF,Malgun Gothic,128,96"", ""MALGUN.TTF,Malgun Gothic"", ""YUGOTHM.TTC,Yu Gothic UI,128,96"", ""YUGOTHM.TTC,Yu Gothic UI"", ""SEGUISYM.TTF,Segoe UI Symbol""]}"
377135,2026-09-10T14:02:59.629886+00:00,134335225796298865,5832,Env.exe,Registry,RegEnumValue,HKLM\SOFTWARE\Microsoft\Windows NT\CurrentVersion\FontLink\SystemLink,0x80000005,"{""Index"": 32, ""Length"": 220}"
377137,2026-09-10T14:02:59.630184+00:00,134335225796301847,5832,Env.exe,Registry,RegEnumValue,HKLM\SOFTWARE\Microsoft\Windows NT\CurrentVersion\FontLink\SystemLink,0x00000000,"{""Index"": 32, ""Name"": ""Microsoft JhengHei UI Bold"", ""Type"": ""REG_MULTI_SZ"", ""Length"": 622, ""Data"": [""SEGOEUIB.TTF,Segoe UI Bold,114,78"", ""SEGOEUIB.TTF,Segoe UI Bold"", ""MINGLIU.TTC,MingLiU"", ""MSYHBD.TTC,Microsoft YaHei UI Bold"", ""MEIRYOB.TTC,Meiryo UI Bold"", ""MALGUNBD.TTF,Malgun Gothic Bold,128,96"", ""MALGUNBD.TTF,Malgun Gothic Bold"", ""YUGOTHB.TTC,Yu Gothic UI Bold,128,96"", ""YUGOTHB.TTC,Yu Gothic UI Bold"", ""SEGUISYM.TTF,Segoe UI Symbol""]}"
377138,2026-09-10T14:02:59.630493+00:00,134335225796304935,5832,Env.exe,Registry,RegEnumValue,HKLM\SOFTWARE\Microsoft\Windows NT\CurrentVersion\FontLink\SystemLink,0x80000005,"{""Index"": 33, ""Length"": 220}"
377139,2026-09-10T14:02:59.630617+00:00,134335225796306179,5832,Env.exe,Registry,RegEnumValue,HKLM\SOFTWARE\Microsoft\Windows NT\CurrentVersion\FontLink\SystemLink,0x00000000,"{""Index"": 33, ""Name"": ""Microsoft JhengHei UI Light"", ""Type"": ""REG_MULTI_SZ"", ""Length"": 638, ""Data"": [""SEGOEUIL.TTF,Segoe UI Light,114,78"", ""SEGOEUIL.TTF,Segoe UI Light"", ""MINGLIU.TTC,MingLiU"", ""MSYHL.TTC,Microsoft YaHei UI Light"", ""MEIRYO.TTC,Meiryo UI"", ""MALGUNSL.TTF,Malgun Gothic Semilight,128,96"", ""MALGUNSL.TTF,Malgun Gothic Semilight"", ""YUGOTHL.TTC,Yu Gothic UI Light,128,96"", ""YUGOTHL.TTC,Yu Gothic UI Light"", ""SEGUISYM.TTF,Segoe UI Symbol""]}"
377140,2026-09-10T14:02:59.630943+00:00,134335225796309432,5832,Env.exe,Registry,RegEnumValue,HKLM\SOFTWARE\Microsoft\Windows NT\CurrentVersion\FontLink\SystemLink,0x80000005,"{""Index"": 34, ""Length"": 220}"
377141,2026-09-10T14:02:59.631077+00:00,134335225796310773,5832,Env.exe,Registry,RegEnumValue,HKLM\SOFTWARE\Microsoft\Windows NT\CurrentVersion\FontLink\SystemLink,0x00000000,"{""Index"": 34, ""Name"": ""SimSun"", ""Type"": ""REG_MULTI_SZ"", ""Length"": 552, ""Data"": [""MICROSS.TTF,Microsoft Sans Serif,108,122"", ""MICROSS.TTF,Microsoft Sans Serif"", ""MINGLIU.TTC,PMingLiU"", ""MSMINCHO.TTC,MS PMincho"", ""BATANG.TTC,Batang"", ""MSYH.TTC,Microsoft YaHei UI"", ""MSJH.TTC,Microsoft JhengHei UI"", ""YUGOTHM.TTC,Yu Gothic UI"", ""MALGUN.TTF,Malgun Gothic"", ""SEGUISYM.TTF,Segoe UI Symbol""]}"
377143,2026-09-10T14:02:59.631371+00:00,134335225796313710,5832,Env.exe,Registry,RegEnumValue,HKLM\SOFTWARE\Microsoft\Windows NT\CurrentVersion\FontLink\SystemLink,0x80000005,"{""Index"": 35, ""Length"": 220}"
377144,2026-09-10T14:02:59.631491+00:00,134335225796314917,5832,Env.exe,Registry,RegEnumValue,HKLM\SOFTWARE\Microsoft\Windows NT\CurrentVersion\FontLink\SystemLink,0x00000000,"{""Index"": 35, ""Name"": ""SimSun-ExtB"", ""Type"": ""REG_MULTI_SZ"", ""Length"": 588, ""Data"": [""MICROSS.TTF,Microsoft Sans Serif,108,122"", ""MICROSS.TTF,Microsoft Sans Serif"", ""SIMSUN.TTC,SimSun"", ""MINGLIU.TTC,PMingLiU"", ""MSMINCHO.TTC,MS PMincho"", ""BATANG.TTC,Batang"", ""MSYH.TTC,Microsoft YaHei UI"", ""MSJH.TTC,Microsoft JhengHei UI"", ""YUGOTHM.TTC,Yu Gothic UI"", ""MALGUN.TTF,Malgun Gothic"", ""SEGUISYM.TTF,Segoe UI Symbol""]}"
377145,2026-09-10T14:02:59.631828+00:00,134335225796318284,5832,Env.exe,Registry,RegEnumValue,HKLM\SOFTWARE\Microsoft\Windows NT\CurrentVersion\FontLink\SystemLink,0x80000005,"{""Index"": 36, ""Length"": 220}"
377146,2026-09-10T14:02:59.631965+00:00,134335225796319659,5832,Env.exe,Registry,RegEnumValue,HKLM\SOFTWARE\Microsoft\Windows NT\CurrentVersion\FontLink\SystemLink,0x00000000,"{""Index"": 36, ""Name"": ""NSimSun"", ""Type"": ""REG_MULTI_SZ"", ""Length"": 408, ""Data"": [""MINGLIU.TTC,PMingLiU"", ""MSMINCHO.TTC,MS Mincho"", ""BATANG.TTC,BatangChe"", ""MSYH.TTC,Microsoft YaHei UI"", ""MSJH.TTC,Microsoft JhengHei UI"", ""YUGOTHM.TTC,Yu Gothic UI"", ""MALGUN.TTF,Malgun Gothic"", ""SEGUISYM.TTF,Segoe UI Symbol""]}"
377148,2026-09-10T14:02:59.632250+00:00,134335225796322507,5832,Env.exe,Registry,RegEnumValue,HKLM\SOFTWARE\Microsoft\Windows NT\CurrentVersion\FontLink\SystemLink,0x80000005,"{""Index"": 37, ""Length"": 220}"
377151,2026-09-10T14:02:59.632452+00:00,134335225796324521,5832,Env.exe,Registry,RegEnumValue,HKLM\SOFTWARE\Microsoft\Windows NT\CurrentVersion\FontLink\SystemLink,0x00000000,"{""Index"": 37, ""Name"": ""Microsoft YaHei"", ""Type"": ""REG_MULTI_SZ"", ""Length"": 634, ""Data"": [""SEGOEUI.TTF,Segoe UI,120,80"", ""SEGOEUI.TTF,Segoe UI"", ""SIMSUN.TTC,SimSun"", ""MSJH.TTC,Microsoft JhengHei,128,96"", ""MSJH.TTC,Microsoft JhengHei"", ""MEIRYO.TTC,Meiryo,128,85"", ""MEIRYO.TTC,Meiryo"", ""MALGUN.TTF,Malgun Gothic,128,96"", ""MALGUN.TTF,Malgun Gothic"", ""YUGOTHM.TTC,Yu Gothic UI,128,96"", ""YUGOTHM.TTC,Yu Gothic UI"", ""SEGUISYM.TTF,Segoe UI Symbol""]}"
377153,2026-09-10T14:02:59.632755+00:00,134335225796327556,5832,Env.exe,Registry,RegEnumValue,HKLM\SOFTWARE\Microsoft\Windows NT\CurrentVersion\FontLink\SystemLink,0x80000005,"{""Index"": 38, ""Length"": 220}"
377154,2026-09-10T14:02:59.632870+00:00,134335225796328708,5832,Env.exe,Registry,RegEnumValue,HKLM\SOFTWARE\Microsoft\Windows NT\CurrentVersion\FontLink\SystemLink,0x00000000,"{""Index"": 38, ""Name"": ""Microsoft YaHei Bold"", ""Type"": ""REG_MULTI_SZ"", ""Length"": 758, ""Data"": [""SEGOEUIB.TTF,Segoe UI Bold,120,80"", ""SEGOEUIB.TTF,Segoe UI Bold"", ""SIMSUN.TTC,SimSun"", ""MSJHBD.TTC,Microsoft Jhenghei Bold,128,96"", ""MSJHBD.TTC,Microsoft Jhenghei Bold"", ""MEIRYOB.TTC,Meiryo Bold,128,85"", ""MEIRYOB.TTC,Meiryo Bold"", ""MALGUNBD.TTF,Malgun Gothic Bold,128,96"", ""MALGUNBD.TTF,Malgun Gothic Bold"", ""YUGOTHB.TTC,Yu Gothic UI Bold,128,96"", ""YUGOTHB.TTC,Yu Gothic UI Bold"", ""SEGUISYM.TTF,Segoe UI Symbol""]}"
377155,2026-09-10T14:02:59.633139+00:00,134335225796331399,5832,Env.exe,Registry,RegEnumValue,HKLM\SOFTWARE\Microsoft\Windows NT\CurrentVersion\FontLink\SystemLink,0x80000005,"{""Index"": 39, ""Length"": 220}"
377156,2026-09-10T14:02:59.633257+00:00,134335225796332571,5832,Env.exe,Registry,RegEnumValue,HKLM\SOFTWARE\Microsoft\Windows NT\CurrentVersion\FontLink\SystemLink,0x00000000,"{""Index"": 39, ""Name"": ""Microsoft YaHei UI"", ""Type"": ""REG_MULTI_SZ"", ""Length"": 526, ""Data"": [""SEGOEUI.TTF,Segoe UI,120,80"", ""SEGOEUI.TTF,Segoe UI"", ""SIMSUN.TTC,SimSun"", ""MSJH.TTC,Microsoft Jhenghei UI"", ""MEIRYO.TTC,Meiryo UI"", ""MALGUN.TTF,Malgun Gothic,128,96"", ""MALGUN.TTF,Malgun Gothic"", ""YUGOTHM.TTC,Yu Gothic UI,128,96"", ""YUGOTHM.TTC,Yu Gothic UI"", ""SEGUISYM.TTF,Segoe UI Symbol""]}"
377158,2026-09-10T14:02:59.633527+00:00,134335225796335274,5832,Env.exe,Registry,RegEnumValue,HKLM\SOFTWARE\Microsoft\Windows NT\CurrentVersion\FontLink\SystemLink,0x80000005,"{""Index"": 40, ""Length"": 220}"
377159,2026-09-10T14:02:59.633642+00:00,134335225796336424,5832,Env.exe,Registry,RegEnumValue,HKLM\SOFTWARE\Microsoft\Windows NT\CurrentVersion\FontLink\SystemLink,0x00000000,"{""Index"": 40, ""Name"": ""Microsoft YaHei UI Bold"", ""Type"": ""REG_MULTI_SZ"", ""Length"": 624, ""Data"": [""SEGOEUIB.TTF,Segoe UI Bold,120,80"", ""SEGOEUIB.TTF,Segoe UI Bold"", ""SIMSUN.TTC,SimSun"", ""MSJHBD.TTC,Microsoft Jhenghei UI Bold"", ""MEIRYOB.TTC,Meiryo UI Bold"", ""MALGUNBD.TTF,Malgun Gothic Bold,128,96"", ""MALGUNBD.TTF,Malgun Gothic Bold"", ""YUGOTHB.TTC,Yu Gothic UI Bold,128,96"", ""YUGOTHB.TTC,Yu Gothic UI Bold"", ""SEGUISYM.TTF,Segoe UI Symbol""]}"
377160,2026-09-10T14:02:59.633924+00:00,134335225796339247,5832,Env.exe,Registry,RegEnumValue,HKLM\SOFTWARE\Microsoft\Windows NT\CurrentVersion\FontLink\SystemLink,0x80000005,"{""Index"": 41, ""Length"": 220}"
377162,2026-09-10T14:02:59.634042+00:00,134335225796340425,5832,Env.exe,Registry,RegEnumValue,HKLM\SOFTWARE\Microsoft\Windows NT\CurrentVersion\FontLink\SystemLink,0x00000000,"{""Index"": 41, ""Name"": ""Microsoft YaHei UI Light"", ""Type"": ""REG_MULTI_SZ"", ""Length"": 640, ""Data"": [""SEGOEUIL.TTF,Segoe UI Light,120,80"", ""SEGOEUIL.TTF,Segoe UI Light"", ""SIMSUN.TTC,SimSun"", ""MSJHL.TTC,Microsoft Jhenghei UI Light"", ""MEIRYO.TTC,Meiryo UI"", ""MALGUNSL.TTF,Malgun Gothic Semilight,128,96"", ""MALGUNSL.TTF,Malgun Gothic Semilight"", ""YUGOTHL.TTC,Yu Gothic UI Light,128,96"", ""YUGOTHL.TTC,Yu Gothic UI Light"", ""SEGUISYM.TTF,Segoe UI Symbol""]}"
377164,2026-09-10T14:02:59.634319+00:00,134335225796343199,5832,Env.exe,Registry,RegEnumValue,HKLM\SOFTWARE\Microsoft\Windows NT\CurrentVersion\FontLink\SystemLink,0x80000005,"{""Index"": 42, ""Length"": 220}"
377167,2026-09-10T14:02:59.634549+00:00,134335225796345499,5832,Env.exe,Registry,RegEnumValue,HKLM\SOFTWARE\Microsoft\Windows NT\CurrentVersion\FontLink\SystemLink,0x00000000,"{""Index"": 42, ""Name"": ""Yu Gothic UI"", ""Type"": ""REG_MULTI_SZ"", ""Length"": 258, ""Data"": [""SEGOEUI.TTF,Segoe UI"", ""MSJH.TTC,Microsoft JhengHei"", ""MSYH.TTC,Microsoft YaHei"", ""MALGUN.TTF,Malgun Gothic"", ""SEGUISYM.TTF,Segoe UI Symbol""]}"
377198,2026-09-10T14:02:59.650392+00:00,134335225796503928,5832,Env.exe,Registry,RegEnumValue,HKLM\SOFTWARE\Microsoft\Windows NT\CurrentVersion\FontLink\SystemLink,0x80000005,"{""Index"": 43, ""Length"": 220}"
377199,2026-09-10T14:02:59.650582+00:00,134335225796505821,5832,Env.exe,Registry,RegEnumValue,HKLM\SOFTWARE\Microsoft\Windows NT\CurrentVersion\FontLink\SystemLink,0x00000000,"{""Index"": 43, ""Name"": ""Yu Gothic UI Bold"", ""Type"": ""REG_MULTI_SZ"", ""Length"": 318, ""Data"": [""SEGOEUIB.TTF,Segoe UI Bold"", ""MSJHBD.TTC,Microsoft Jhenghei UI Bold"", ""MSYHBD.TTC,Microsoft YaHei Bold"", ""MALGUNBD.TTF,Malgun Gothic Bold"", ""SEGUISYM.TTF,Segoe UI Symbol""]}"
377201,2026-09-10T14:02:59.650994+00:00,134335225796509947,5832,Env.exe,Registry,RegEnumValue,HKLM\SOFTWARE\Microsoft\Windows NT\CurrentVersion\FontLink\SystemLink,0x80000005,"{""Index"": 44, ""Length"": 220}"
377202,2026-09-10T14:02:59.651120+00:00,134335225796511201,5832,Env.exe,Registry,RegEnumValue,HKLM\SOFTWARE\Microsoft\Windows NT\CurrentVersion\FontLink\SystemLink,0x00000000,"{""Index"": 44, ""Name"": ""Yu Gothic UI Light"", ""Type"": ""REG_MULTI_SZ"", ""Length"": 330, ""Data"": [""SEGOEUIL.TTF,Segoe UI Light"", ""MSJHL.TTC,Microsoft Jhenghei UI Light"", ""MSYHL.TTC,Microsoft YaHei Light"", ""MALGUNSL.TTF,Malgun Gothic Semilight"", ""SEGUISYM.TTF,Segoe UI Symbol""]}"
377203,2026-09-10T14:02:59.651442+00:00,134335225796514421,5832,Env.exe,Registry,RegEnumValue,HKLM\SOFTWARE\Microsoft\Windows NT\CurrentVersion\FontLink\SystemLink,0x80000005,"{""Index"": 45, ""Length"": 220}"
377205,2026-09-10T14:02:59.651617+00:00,134335225796516172,5832,Env.exe,Registry,RegEnumValue,HKLM\SOFTWARE\Microsoft\Windows NT\CurrentVersion\FontLink\SystemLink,0x00000000,"{""Index"": 45, ""Name"": ""Yu Gothic UI Semilight"", ""Type"": ""REG_MULTI_SZ"", ""Length"": 312, ""Data"": [""SEGOEUISL.TTF,Segoe UI Semilight"", ""MSJH.TTC,Microsoft Jhenghei UI"", ""MSYH.TTC,Microsoft YaHei"", ""MALGUNSL.TTF,Malgun Gothic Semilight"", ""SEGUISYM.TTF,Segoe UI Symbol""]}"
377208,2026-09-10T14:02:59.651921+00:00,134335225796519211,5832,Env.exe,Registry,RegEnumValue,HKLM\SOFTWARE\Microsoft\Windows NT\CurrentVersion\FontLink\SystemLink,0x80000005,"{""Index"": 46, ""Length"": 220}"
377210,2026-09-10T14:02:59.652041+00:00,134335225796520411,5832,Env.exe,Registry,RegEnumValue,HKLM\SOFTWARE\Microsoft\Windows NT\CurrentVersion\FontLink\SystemLink,0x00000000,"{""Index"": 46, ""Name"": ""Yu Gothic UI Semibold"", ""Type"": ""REG_MULTI_SZ"", ""Length"": 282, ""Data"": [""SEGUISB.TTF,Segoe UI Semibold"", ""MSJH.TTC,Microsoft Jhenghei UI"", ""MSYH.TTC,Microsoft YaHei"", ""MALGUN.TTF,Malgun Gothic"", ""SEGUISYM.TTF,Segoe UI Symbol""]}"
377211,2026-09-10T14:02:59.652393+00:00,134335225796523934,5832,Env.exe,Registry,RegEnumValue,HKLM\SOFTWARE\Microsoft\Windows NT\CurrentVersion\FontLink\SystemLink,0x80000005,"{""Index"": 47, ""Length"": 220}"
377212,2026-09-10T14:02:59.652516+00:00,134335225796525164,5832,Env.exe,Registry,RegEnumValue,HKLM\SOFTWARE\Microsoft\Windows NT\CurrentVersion\FontLink\SystemLink,0x00000000,"{""Index"": 47, ""Name"": ""Meiryo"", ""Type"": ""REG_MULTI_SZ"", ""Length"": 678, ""Data"": [""SEGOEUI.TTF,Segoe UI,133,83"", ""SEGOEUI.TTF,Segoe UI"", ""YUGOTHM.TTC,Yu Gothic UI,128,96"", ""YUGOTHM.TTC,Yu Gothic UI"", ""MSGOTHIC.TTC,MS UI Gothic"", ""MSJH.TTC,Microsoft Jhenghei,128,96"", ""MSJH.TTC,Microsoft JhengHei"", ""MSYH.TTC,Microsoft YaHei,128,96"", ""MSYH.TTC,Microsoft YaHei"", ""MALGUN.TTF,Malgun Gothic,128,96"", ""MALGUN.TTF,Malgun Gothic"", ""SEGUISYM.TTF,Segoe UI Symbol""]}"
377214,2026-09-10T14:02:59.652826+00:00,134335225796528261,5832,Env.exe,Registry,RegEnumValue,HKLM\SOFTWARE\Microsoft\Windows NT\CurrentVersion\FontLink\SystemLink,0x80000005,"{""Index"": 48, ""Length"": 220}"
377215,2026-09-10T14:02:59.652944+00:00,134335225796529447,5832,Env.exe,Registry,RegEnumValue,HKLM\SOFTWARE\Microsoft\Windows NT\CurrentVersion\FontLink\SystemLink,0x00000000,"{""Index"": 48, ""Name"": ""Meiryo Bold"", ""Type"": ""REG_MULTI_SZ"", ""Length"": 806, ""Data"": [""SEGOEUIB.TTF,Segoe UI Bold,133,83"", ""SEGOEUIB.TTF,Segoe UI Bold"", ""YUGOTHB.TTC,Yu Gothic UI Bold,128,96"", ""YUGOTHB.TTC,Yu Gothic UI Bold"", ""MSGOTHIC.TTC,MS UI Gothic"", ""MSJHBD.TTC,Microsoft Jhenghei Bold,128,96"", ""MSJHBD.TTC,Microsoft Jhenghei Bold"", ""MSYHBD.TTC,Microsoft YaHei Bold,128,96"", ""MSYHBD.TTC,Microsoft YaHei Bold"", ""MALGUNBD.TTF,Malgun Gothic Bold,128,96"", ""MALGUNBD.TTF,Malgun Gothic Bold"", ""SEGUISYM.TTF,Segoe UI Symbol""]}"
377220,2026-09-10T14:02:59.653998+00:00,134335225796539982,5832,Env.exe,Registry,RegEnumValue,HKLM\SOFTWARE\Microsoft\Windows NT\CurrentVersion\FontLink\SystemLink,0x80000005,"{""Index"": 49, ""Length"": 220}"
377222,2026-09-10T14:02:59.654136+00:00,134335225796541366,5832,Env.exe,Registry,RegEnumValue,HKLM\SOFTWARE\Microsoft\Windows NT\CurrentVersion\FontLink\SystemLink,0x00000000,"{""Index"": 49, ""Name"": ""Meiryo UI"", ""Type"": ""REG_MULTI_SZ"", ""Length"": 702, ""Data"": [""SEGOEUI.TTF,Segoe UI,133,83"", ""SEGOEUI.TTF,Segoe UI"", ""YUGOTHM.TTC,Yu Gothic UI,128,96"", ""YUGOTHM.TTC,Yu Gothic UI"", ""MSGOTHIC.TTC,MS UI Gothic"", ""MSJH.TTC,Microsoft Jhenghei UI,128,96"", ""MSJH.TTC,Microsoft Jhenghei UI"", ""MSYH.TTC,Microsoft YaHei UI,128,96"", ""MSYH.TTC,Microsoft YaHei UI"", ""MALGUN.TTF,Malgun Gothic,128,96"", ""MALGUN.TTF,Malgun Gothic"", ""SEGUISYM.TTF,Segoe UI Symbol""]}"
377224,2026-09-10T14:02:59.654448+00:00,134335225796544487,5832,Env.exe,Registry,RegEnumValue,HKLM\SOFTWARE\Microsoft\Windows NT\CurrentVersion\FontLink\SystemLink,0x80000005,"{""Index"": 50, ""Length"": 220}"
377225,2026-09-10T14:02:59.654567+00:00,134335225796545671,5832,Env.exe,Registry,RegEnumValue,HKLM\SOFTWARE\Microsoft\Windows NT\CurrentVersion\FontLink\SystemLink,0x00000000,"{""Index"": 50, ""Name"": ""Meiryo UI Bold"", ""Type"": ""REG_MULTI_SZ"", ""Length"": 830, ""Data"": [""SEGOEUIB.TTF,Segoe UI Bold,133,83"", ""SEGOEUIB.TTF,Segoe UI Bold"", ""YUGOTHB.TTC,Yu Gothic UI Bold,128,96"", ""YUGOTHB.TTC,Yu Gothic UI Bold"", ""MSGOTHIC.TTC,MS UI Gothic"", ""MSJHBD.TTC,Microsoft Jhenghei UI Bold,128,96"", ""MSJHBD.TTC,Microsoft Jhenghei UI Bold"", ""MSYHBD.TTC,Microsoft YaHei UI Bold,128,96"", ""MSYHBD.TTC,Microsoft YaHei UI Bold"", ""MALGUNBD.TTF,Malgun Gothic Bold,128,96"", ""MALGUNBD.TTF,Malgun Gothic Bold"", ""SEGUISYM.TTF,Segoe UI Symbol""]}"
377226,2026-09-10T14:02:59.654861+00:00,134335225796548617,5832,Env.exe,Registry,RegEnumValue,HKLM\SOFTWARE\Microsoft\Windows NT\CurrentVersion\FontLink\SystemLink,0x80000005,"{""Index"": 51, ""Length"": 220}"
377227,2026-09-10T14:02:59.654993+00:00,134335225796549939,5832,Env.exe,Registry,RegEnumValue,HKLM\SOFTWARE\Microsoft\Windows NT\CurrentVersion\FontLink\SystemLink,0x00000000,"{""Index"": 51, ""Name"": ""MS Gothic"", ""Type"": ""REG_MULTI_SZ"", ""Length"": 392, ""Data"": [""MINGLIU.TTC,MingLiU"", ""SIMSUN.TTC,SimSun"", ""GULIM.TTC,GulimChe"", ""YUGOTHM.TTC,Yu Gothic UI"", ""MSJH.TTC,Microsoft JhengHei UI"", ""MSYH.TTC,Microsoft YaHei UI"", ""MALGUN.TTF,Malgun Gothic"", ""SEGUISYM.TTF,Segoe UI Symbol""]}"
377229,2026-09-10T14:02:59.655268+00:00,134335225796552684,5832,Env.exe,Registry,RegEnumValue,HKLM\SOFTWARE\Microsoft\Windows NT\CurrentVersion\FontLink\SystemLink,0x80000005,"{""Index"": 52, ""Length"": 220}"
377230,2026-09-10T14:02:59.655384+00:00,134335225796553841,5832,Env.exe,Registry,RegEnumValue,HKLM\SOFTWARE\Microsoft\Windows NT\CurrentVersion\FontLink\SystemLink,0x00000000,"{""Index"": 52, ""Name"": ""MS PGothic"", ""Type"": ""REG_MULTI_SZ"", ""Length"": 388, ""Data"": [""MINGLIU.TTC,PMingLiU"", ""SIMSUN.TTC,SimSun"", ""GULIM.TTC,Gulim"", ""YUGOTHM.TTC,Yu Gothic UI"", ""MSJH.TTC,Microsoft JhengHei UI"", ""MSYH.TTC,Microsoft YaHei UI"", ""MALGUN.TTF,Malgun Gothic"", ""SEGUISYM.TTF,Segoe UI Symbol""]}"
377231,2026-09-10T14:02:59.655648+00:00,134335225796556480,5832,Env.exe,Registry,RegEnumValue,HKLM\SOFTWARE\Microsoft\Windows NT\CurrentVersion\FontLink\SystemLink,0x80000005,"{""Index"": 53, ""Length"": 220}"
377232,2026-09-10T14:02:59.655771+00:00,134335225796557711,5832,Env.exe,Registry,RegEnumValue,HKLM\SOFTWARE\Microsoft\Windows NT\CurrentVersion\FontLink\SystemLink,0x00000000,"{""Index"": 53, ""Name"": ""MS UI Gothic"", ""Type"": ""REG_MULTI_SZ"", ""Length"": 536, ""Data"": [""MICROSS.TTF,Microsoft Sans Serif,128,142"", ""MICROSS.TTF,Microsoft Sans Serif"", ""MINGLIU.TTC,PMingLiU"", ""SIMSUN.TTC,SimSun"", ""GULIM.TTC,Gulim"", ""YUGOTHM.TTC,Yu Gothic UI"", ""MSJH.TTC,Microsoft JhengHei UI"", ""MSYH.TTC,Microsoft YaHei UI"", ""MALGUN.TTF,Malgun Gothic"", ""SEGUISYM.TTF,Segoe UI Symbol""]}"
377234,2026-09-10T14:02:59.656047+00:00,134335225796560479,5832,Env.exe,Registry,RegEnumValue,HKLM\SOFTWARE\Microsoft\Windows NT\CurrentVersion\FontLink\SystemLink,0x80000005,"{""Index"": 54, ""Length"": 220}"
377235,2026-09-10T14:02:59.656162+00:00,134335225796561626,5832,Env.exe,Registry,RegEnumValue,HKLM\SOFTWARE\Microsoft\Windows NT\CurrentVersion\FontLink\SystemLink,0x00000000,"{""Index"": 54, ""Name"": ""MS Mincho"", ""Type"": ""REG_MULTI_SZ"", ""Length"": 390, ""Data"": [""MINGLIU.TTC,MingLiU"", ""SIMSUN.TTC,SimSun"", ""BATANG.TTC,Batang"", ""YUGOTHM.TTC,Yu Gothic UI"", ""MSJH.TTC,Microsoft JhengHei UI"", ""MSYH.TTC,Microsoft YaHei UI"", ""MALGUN.TTF,Malgun Gothic"", ""SEGUISYM.TTF,Segoe UI Symbol""]}"
377236,2026-09-10T14:02:59.656453+00:00,134335225796564539,5832,Env.exe,Registry,RegEnumValue,HKLM\SOFTWARE\Microsoft\Windows NT\CurrentVersion\FontLink\SystemLink,0x80000005,"{""Index"": 55, ""Length"": 220}"
377238,2026-09-10T14:02:59.656572+00:00,134335225796565724,5832,Env.exe,Registry,RegEnumValue,HKLM\SOFTWARE\Microsoft\Windows NT\CurrentVersion\FontLink\SystemLink,0x00000000,"{""Index"": 55, ""Name"": ""MS PMincho"", ""Type"": ""REG_MULTI_SZ"", ""Length"": 392, ""Data"": [""MINGLIU.TTC,PMingLiU"", ""SIMSUN.TTC,SimSun"", ""BATANG.TTC,Batang"", ""YUGOTHM.TTC,Yu Gothic UI"", ""MSJH.TTC,Microsoft JhengHei UI"", ""MSYH.TTC,Microsoft YaHei UI"", ""MALGUN.TTF,Malgun Gothic"", ""SEGUISYM.TTF,Segoe UI Symbol""]}"
377239,2026-09-10T14:02:59.656848+00:00,134335225796568484,5832,Env.exe,Registry,RegEnumValue,HKLM\SOFTWARE\Microsoft\Windows NT\CurrentVersion\FontLink\SystemLink,0x80000005,"{""Index"": 56, ""Length"": 220}"
377240,2026-09-10T14:02:59.656962+00:00,134335225796569629,5832,Env.exe,Registry,RegEnumValue,HKLM\SOFTWARE\Microsoft\Windows NT\CurrentVersion\FontLink\SystemLink,0x00000000,"{""Index"": 56, ""Name"": ""Batang"", ""Type"": ""REG_MULTI_SZ"", ""Length"": 404, ""Data"": [""MSMINCHO.TTC,MS PMincho"", ""MINGLIU.TTC,PMingLiU"", ""SIMSUN.TTC,SimSun"", ""MALGUN.TTF,Malgun Gothic"", ""YUGOTHM.TTC,Yu Gothic UI"", ""MSJH.TTC,Microsoft JhengHei UI"", ""MSYH.TTC,Microsoft YaHei UI"", ""SEGUISYM.TTF,Segoe UI Symbol""]}"
377241,2026-09-10T14:02:59.657227+00:00,134335225796572270,5832,Env.exe,Registry,RegEnumValue,HKLM\SOFTWARE\Microsoft\Windows NT\CurrentVersion\FontLink\SystemLink,0x80000005,"{""Index"": 57, ""Length"": 220}"
377242,2026-09-10T14:02:59.657339+00:00,134335225796573391,5832,Env.exe,Registry,RegEnumValue,HKLM\SOFTWARE\Microsoft\Windows NT\CurrentVersion\FontLink\SystemLink,0x00000000,"{""Index"": 57, ""Name"": ""BatangChe"", ""Type"": ""REG_MULTI_SZ"", ""Length"": 400, ""Data"": [""MSMINCHO.TTC,MS Mincho"", ""MINGLIU.TTC,MingLiU"", ""SIMSUN.TTC,SimSun"", ""MALGUN.TTF,Malgun Gothic"", ""YUGOTHM.TTC,Yu Gothic UI"", ""MSJH.TTC,Microsoft JhengHei UI"", ""MSYH.TTC,Microsoft YaHei UI"", ""SEGUISYM.TTF,Segoe UI Symbol""]}"
377245,2026-09-10T14:02:59.658477+00:00,134335225796584770,5832,Env.exe,Registry,RegEnumValue,HKLM\SOFTWARE\Microsoft\Windows NT\CurrentVersion\FontLink\SystemLink,0x80000005,"{""Index"": 58, ""Length"": 220}"
377246,2026-09-10T14:02:59.658616+00:00,134335225796586162,5832,Env.exe,Registry,RegEnumValue,HKLM\SOFTWARE\Microsoft\Windows NT\CurrentVersion\FontLink\SystemLink,0x00000000,"{""Index"": 58, ""Name"": ""Dotum"", ""Type"": ""REG_MULTI_SZ"", ""Length"": 408, ""Data"": [""MSGOTHIC.TTC,MS UI Gothic"", ""MINGLIU.TTC,PMingLiU"", ""SIMSUN.TTC,SimSun"", ""MALGUN.TTF,Malgun Gothic"", ""YUGOTHM.TTC,Yu Gothic UI"", ""MSJH.TTC,Microsoft JhengHei UI"", ""MSYH.TTC,Microsoft YaHei UI"", ""SEGUISYM.TTF,Segoe UI Symbol""]}"
377247,2026-09-10T14:02:59.658936+00:00,134335225796589366,5832,Env.exe,Registry,RegEnumValue,HKLM\SOFTWARE\Microsoft\Windows NT\CurrentVersion\FontLink\SystemLink,0x80000005,"{""Index"": 59, ""Length"": 220}"
377248,2026-09-10T14:02:59.659058+00:00,134335225796590589,5832,Env.exe,Registry,RegEnumValue,HKLM\SOFTWARE\Microsoft\Windows NT\CurrentVersion\FontLink\SystemLink,0x00000000,"{""Index"": 59, ""Name"": ""DotumChe"", ""Type"": ""REG_MULTI_SZ"", ""Length"": 400, ""Data"": [""MSGOTHIC.TTC,MS Gothic"", ""MINGLIU.TTC,MingLiU"", ""SIMSUN.TTC,SimSun"", ""MALGUN.TTF,Malgun Gothic"", ""YUGOTHM.TTC,Yu Gothic UI"", ""MSJH.TTC,Microsoft JhengHei UI"", ""MSYH.TTC,Microsoft YaHei UI"", ""SEGUISYM.TTF,Segoe UI Symbol""]}"
377249,2026-09-10T14:02:59.659343+00:00,134335225796593432,5832,Env.exe,Registry,RegEnumValue,HKLM\SOFTWARE\Microsoft\Windows NT\CurrentVersion\FontLink\SystemLink,0x80000005,"{""Index"": 60, ""Length"": 220}"
377250,2026-09-10T14:02:59.659462+00:00,134335225796594621,5832,Env.exe,Registry,RegEnumValue,HKLM\SOFTWARE\Microsoft\Windows NT\CurrentVersion\FontLink\SystemLink,0x00000000,"{""Index"": 60, ""Name"": ""Gulim"", ""Type"": ""REG_MULTI_SZ"", ""Length"": 556, ""Data"": [""MICROSS.TTF,Microsoft Sans Serif,128,140"", ""MICROSS.TTF,Microsoft Sans Serif"", ""MSGOTHIC.TTC,MS UI Gothic"", ""MINGLIU.TTC,PMingLiU"", ""SIMSUN.TTC,SimSun"", ""MALGUN.TTF,Malgun Gothic"", ""YUGOTHM.TTC,Yu Gothic UI"", ""MSJH.TTC,Microsoft JhengHei UI"", ""MSYH.TTC,Microsoft YaHei UI"", ""SEGUISYM.TTF,Segoe UI Symbol""]}"
377251,2026-09-10T14:02:59.659751+00:00,134335225796597513,5832,Env.exe,Registry,RegEnumValue,HKLM\SOFTWARE\Microsoft\Windows NT\CurrentVersion\FontLink\SystemLink,0x80000005,"{""Index"": 61, ""Length"": 220}"
377252,2026-09-10T14:02:59.659871+00:00,134335225796598713,5832,Env.exe,Registry,RegEnumValue,HKLM\SOFTWARE\Microsoft\Windows NT\CurrentVersion\FontLink\SystemLink,0x00000000,"{""Index"": 61, ""Name"": ""GulimChe"", ""Type"": ""REG_MULTI_SZ"", ""Length"": 400, ""Data"": [""MSGOTHIC.TTC,MS Gothic"", ""MINGLIU.TTC,MingLiU"", ""SIMSUN.TTC,SimSun"", ""MALGUN.TTF,Malgun Gothic"", ""YUGOTHM.TTC,Yu Gothic UI"", ""MSJH.TTC,Microsoft JhengHei UI"", ""MSYH.TTC,Microsoft YaHei UI"", ""SEGUISYM.TTF,Segoe UI Symbol""]}"
377254,2026-09-10T14:02:59.660165+00:00,134335225796601658,5832,Env.exe,Registry,RegEnumValue,HKLM\SOFTWARE\Microsoft\Windows NT\CurrentVersion\FontLink\SystemLink,0x80000005,"{""Index"": 62, ""Length"": 220}"
377255,2026-09-10T14:02:59.660282+00:00,134335225796602826,5832,Env.exe,Registry,RegEnumValue,HKLM\SOFTWARE\Microsoft\Windows NT\CurrentVersion\FontLink\SystemLink,0x00000000,"{""Index"": 62, ""Name"": ""Gungsuh"", ""Type"": ""REG_MULTI_SZ"", ""Length"": 404, ""Data"": [""MSMINCHO.TTC,MS PMincho"", ""MINGLIU.TTC,PMingLiU"", ""SIMSUN.TTC,SimSun"", ""MALGUN.TTF,Malgun Gothic"", ""YUGOTHM.TTC,Yu Gothic UI"", ""MSJH.TTC,Microsoft JhengHei UI"", ""MSYH.TTC,Microsoft YaHei UI"", ""SEGUISYM.TTF,Segoe UI Symbol""]}"
377256,2026-09-10T14:02:59.660557+00:00,134335225796605574,5832,Env.exe,Registry,RegEnumValue,HKLM\SOFTWARE\Microsoft\Windows NT\CurrentVersion\FontLink\SystemLink,0x80000005,"{""Index"": 63, ""Length"": 220}"
377257,2026-09-10T14:02:59.660674+00:00,134335225796606743,5832,Env.exe,Registry,RegEnumValue,HKLM\SOFTWARE\Microsoft\Windows NT\CurrentVersion\FontLink\SystemLink,0x00000000,"{""Index"": 63, ""Name"": ""GungsuhChe"", ""Type"": ""REG_MULTI_SZ"", ""Length"": 400, ""Data"": [""MSMINCHO.TTC,MS Mincho"", ""MINGLIU.TTC,MingLiU"", ""SIMSUN.TTC,SimSun"", ""MALGUN.TTF,Malgun Gothic"", ""YUGOTHM.TTC,Yu Gothic UI"", ""MSJH.TTC,Microsoft JhengHei UI"", ""MSYH.TTC,Microsoft YaHei UI"", ""SEGUISYM.TTF,Segoe UI Symbol""]}"
377259,2026-09-10T14:02:59.660963+00:00,134335225796609636,5832,Env.exe,Registry,RegEnumValue,HKLM\SOFTWARE\Microsoft\Windows NT\CurrentVersion\FontLink\SystemLink,0x80000005,"{""Index"": 64, ""Length"": 220}"
377261,2026-09-10T14:02:59.661106+00:00,134335225796611069,5832,Env.exe,Registry,RegEnumValue,HKLM\SOFTWARE\Microsoft\Windows NT\CurrentVersion\FontLink\SystemLink,0x00000000,"{""Index"": 64, ""Name"": ""Malgun Gothic"", ""Type"": ""REG_MULTI_SZ"", ""Length"": 666, ""Data"": [""SEGOEUI.TTF,Segoe UI,130,81"", ""SEGOEUI.TTF,Segoe UI"", ""GULIM.TTC,Gulim"", ""MEIRYO.TTC,Meiryo UI,128,96"", ""MEIRYO.TTC,Meiryo UI"", ""MSJH.TTC,Microsoft Jhenghei UI,128,96"", ""MSJH.TTC,Microsoft Jhenghei UI"", ""MSYH.TTC,Microsoft YaHei UI,128,96"", ""MSYH.TTC,Microsoft YaHei UI"", ""YUGOTHM.TTC,Yu Gothic UI,128,96"", ""YUGOTHM.TTC,Yu Gothic UI"", ""SEGUISYM.TTF,Segoe UI Symbol""]}"
377264,2026-09-10T14:02:59.661982+00:00,134335225796619822,5832,Env.exe,Registry,RegEnumValue,HKLM\SOFTWARE\Microsoft\Windows NT\CurrentVersion\FontLink\SystemLink,0x80000005,"{""Index"": 65, ""Length"": 220}"
377265,2026-09-10T14:02:59.662107+00:00,134335225796621074,5832,Env.exe,Registry,RegEnumValue,HKLM\SOFTWARE\Microsoft\Windows NT\CurrentVersion\FontLink\SystemLink,0x00000000,"{""Index"": 65, ""Name"": ""Malgun Gothic Bold"", ""Type"": ""REG_MULTI_SZ"", ""Length"": 790, ""Data"": [""SEGOEUIB.TTF,Segoe UI Bold,130,81"", ""SEGOEUIB.TTF,Segoe UI Bold"", ""GULIM.TTC,Gulim"", ""MEIRYOB.TTC,Meiryo UI Bold,128,96"", ""MEIRYOB.TTC,Meiryo UI Bold"", ""MSJHBD.TTC,Microsoft Jhenghei UI Bold,128,96"", ""MSJHBD.TTC,Microsoft Jhenghei UI Bold"", ""MSYHBD.TTC,Microsoft YaHei UI Bold,128,96"", ""MSYHBD.TTC,Microsoft YaHei UI Bold"", ""YUGOTHB.TTC,Yu Gothic UI Bold,128,96"", ""YUGOTHB.TTC,Yu Gothic UI Bold"", ""SEGUISYM.TTF,Segoe UI Symbol""]}"
377267,2026-09-10T14:02:59.662399+00:00,134335225796623993,5832,Env.exe,Registry,RegEnumValue,HKLM\SOFTWARE\Microsoft\Windows NT\CurrentVersion\FontLink\SystemLink,0x80000005,"{""Index"": 66, ""Length"": 220}"
377268,2026-09-10T14:02:59.662519+00:00,134335225796625193,5832,Env.exe,Registry,RegEnumValue,HKLM\SOFTWARE\Microsoft\Windows NT\CurrentVersion\FontLink\SystemLink,0x00000000,"{""Index"": 66, ""Name"": ""Malgun Gothic Semilight"", ""Type"": ""REG_MULTI_SZ"", ""Length"": 754, ""Data"": [""SEGOEUISL.TTF,Segoe UI Semilight,130,81"", ""SEGOEUISL.TTF,Segoe UI Semilight"", ""GULIM.TTC,Gulim"", ""MEIRYO.TTC,Meiryo UI,128,96"", ""MEIRYO.TTC,Meiryo UI"", ""MSJH.TTC,Microsoft Jhenghei UI,128,96"", ""MSJH.TTC,Microsoft Jhenghei UI"", ""MSYH.TTC,Microsoft YaHei UI,128,96"", ""MSYH.TTC,Microsoft YaHei UI"", ""YUGOTHR.TTC,Yu Gothic UI Semilight,128,96"", ""YUGOTHR.TTC,Yu Gothic UI Semilight"", ""SEGUISYM.TTF,Segoe UI Symbol""]}"
377269,2026-09-10T14:02:59.663023+00:00,134335225796630232,5832,Env.exe,Registry,RegEnumValue,HKLM\SOFTWARE\Microsoft\Windows NT\CurrentVersion\FontLink\SystemLink,0x8000001a,"{""Index"": 67, ""Length"": 220}"
377272,2026-09-10T14:02:59.663247+00:00,134335225796632477,5832,Env.exe,Registry,RegCloseKey,HKLM\SOFTWARE\Microsoft\Windows NT\CurrentVersion\FontLink\SystemLink,0x00000000,{}
377284,2026-09-10T14:02:59.666962+00:00,134335225796669626,5832,Env.exe,Registry,RegQueryKey,HKLM,0x00000000,"{""Query"": ""HandleTags"", ""HandleTags"": 0}"
377285,2026-09-10T14:02:59.667098+00:00,134335225796670983,5832,Env.exe,Registry,RegOpenKey,HKLM\SOFTWARE\Microsoft\Windows NT\CurrentVersion\LanguagePack\DataStore_V1.0,0x00000000,"{""Desired Access"": ""Query Value""}"
377287,2026-09-10T14:02:59.667362+00:00,134335225796673627,5832,Env.exe,Registry,RegSetInfoKey,HKLM\SOFTWARE\Microsoft\Windows NT\CurrentVersion\LanguagePack\DataStore_V1.0,0x00000000,"{""KeySetInformationClass"": ""KeySetHandleTagsInformation"", ""Length"": 0}"
377288,2026-09-10T14:02:59.667499+00:00,134335225796674996,5832,Env.exe,Registry,RegQueryValue,HKLM\SOFTWARE\Microsoft\Windows NT\CurrentVersion\LanguagePack\DataStore_V1.0\Disable,0xc0000034,"{""Length"": 16}"
377289,2026-09-10T14:02:59.667662+00:00,134335225796676624,5832,Env.exe,Registry,RegQueryValue,HKLM\SOFTWARE\Microsoft\Windows NT\CurrentVersion\LanguagePack\DataStore_V1.0\DataFilePath,0x00000000,"{""Type"": ""REG_SZ"", ""Length"": 66, ""Data"": ""C:\\Windows\\Fonts\\staticcache.dat""}"
377292,2026-09-10T14:02:59.667871+00:00,134335225796678719,5832,Env.exe,Registry,RegCloseKey,HKLM\SOFTWARE\Microsoft\Windows NT\CurrentVersion\LanguagePack\DataStore_V1.0,0x00000000,{}
377297,2026-09-10T14:02:59.669260+00:00,134335225796692600,5832,Env.exe,File_System,CreateFile,C:\Windows\Fonts\StaticCache.dat,0x00000000,"{""Desired Access"": ""Generic Read"", ""Disposition"": ""Open"", ""Options"": ""Synchronous IO Non-Alert, Non-Directory File"", ""Attributes"": ""n/a"", ""ShareMode"": ""Read, Delete"", ""AllocationSize"": ""n/a"", ""OpenResult"": ""Opened""}"
377299,2026-09-10T14:02:59.669707+00:00,134335225796697070,5832,Env.exe,File_System,QueryStandardInformationFile,C:\Windows\Fonts\StaticCache.dat,0x00000000,"{""AllocationSize"": 19267584, ""EndOfFile"": 19267584, ""NumberOfLinks"": 2, ""DeletePending"": false, ""Directory"": false}"
377300,2026-09-10T14:02:59.669883+00:00,134335225796698831,5832,Env.exe,File_System,ReadFile,C:\Windows\Fonts\StaticCache.dat,0x00000000,"{""Offset"": 0, ""Length"": 60, ""Priority"": ""Normal""}"
377306,2026-09-10T14:02:59.670465+00:00,134335225796704651,5832,Env.exe,File_System,CreateFileMapping,C:\Windows\Fonts\StaticCache.dat,0x0000012a,"{""SyncType"": ""SyncTypeCreateSection"", ""PageProtection"": ""PAGE_READONLY""}"
377307,2026-09-10T14:02:59.670552+00:00,134335225796705520,5832,Env.exe,File_System,QueryStandardInformationFile,C:\Windows\Fonts\StaticCache.dat,0x00000000,"{""AllocationSize"": 19267584, ""EndOfFile"": 19267584, ""NumberOfLinks"": 2, ""DeletePending"": false, ""Directory"": false}"
377308,2026-09-10T14:02:59.670617+00:00,134335225796706171,5832,Env.exe,File_System,FASTIO_RELEASE_FOR_SECTION_SYNCHRONIZATION,C:\Windows\Fonts\StaticCache.dat,0x00000000,{}
377310,2026-09-10T14:02:59.670694+00:00,134335225796706949,5832,Env.exe,File_System,CreateFileMapping,C:\Windows\Fonts\StaticCache.dat,0x00000000,"{""SyncType"": ""SyncTypeOther""}"
377311,2026-09-10T14:02:59.670749+00:00,134335225796707498,5832,Env.exe,File_System,FASTIO_RELEASE_FOR_SECTION_SYNCHRONIZATION,C:\Windows\Fonts\StaticCache.dat,0x00000000,{}
377320,2026-09-10T14:02:59.677515+00:00,134335225796775152,5832,Env.exe,File_System,ReadFile,C:\Windows\SysWOW64\TextShaping.dll,0x00000000,"{""Offset"": 521216, ""Length"": 32768, ""I/O Flags"": ""Non-cached, Paging I/O, Synchronous Paging I/O"", ""Priority"": ""Normal""}"
377341,2026-09-10T14:02:59.686301+00:00,134335225796863010,5832,Env.exe,Registry,RegQueryKey,HKLM,0x00000000,"{""Query"": ""HandleTags"", ""HandleTags"": 0}"
377342,2026-09-10T14:02:59.686429+00:00,134335225796864296,5832,Env.exe,Registry,RegOpenKey,HKLM\SOFTWARE\Microsoft\Windows NT\CurrentVersion\LanguagePack\SurrogateFallback,0x00000000,"{""Desired Access"": ""Query Value""}"
377343,2026-09-10T14:02:59.686646+00:00,134335225796866461,5832,Env.exe,Registry,RegSetInfoKey,HKLM\SOFTWARE\Microsoft\Windows NT\CurrentVersion\LanguagePack\SurrogateFallback,0x00000000,"{""KeySetInformationClass"": ""KeySetHandleTagsInformation"", ""Length"": 0}"
377348,2026-09-10T14:02:59.687636+00:00,134335225796876364,5832,Env.exe,Registry,RegQueryValue,HKLM\SOFTWARE\Microsoft\Windows NT\CurrentVersion\LanguagePack\SurrogateFallback\Plane1,0xc0000034,"{""Length"": 53}"
377350,2026-09-10T14:02:59.687951+00:00,134335225796879515,5832,Env.exe,Registry,RegQueryValue,HKLM\SOFTWARE\Microsoft\Windows NT\CurrentVersion\LanguagePack\SurrogateFallback\Plane2,0x00000000,"{""Type"": ""REG_SZ"", ""Length"": 24, ""Data"": ""SimSun-ExtB""}"
377351,2026-09-10T14:02:59.688161+00:00,134335225796881614,5832,Env.exe,Registry,RegQueryValue,HKLM\SOFTWARE\Microsoft\Windows NT\CurrentVersion\LanguagePack\SurrogateFallback\Plane2,0x00000000,"{""Type"": ""REG_SZ"", ""Length"": 24, ""Data"": ""SimSun-ExtB""}"
377354,2026-09-10T14:02:59.688432+00:00,134335225796884326,5832,Env.exe,Registry,RegQueryValue,HKLM\SOFTWARE\Microsoft\Windows NT\CurrentVersion\LanguagePack\SurrogateFallback\Plane3,0xc0000034,"{""Length"": 53}"
377356,2026-09-10T14:02:59.688666+00:00,134335225796886665,5832,Env.exe,Registry,RegQueryValue,HKLM\SOFTWARE\Microsoft\Windows NT\CurrentVersion\LanguagePack\SurrogateFallback\Plane4,0xc0000034,"{""Length"": 53}"
377358,2026-09-10T14:02:59.688801+00:00,134335225796888011,5832,Env.exe,Registry,RegQueryValue,HKLM\SOFTWARE\Microsoft\Windows NT\CurrentVersion\LanguagePack\SurrogateFallback\Plane5,0xc0000034,"{""Length"": 53}"
377359,2026-09-10T14:02:59.688925+00:00,134335225796889250,5832,Env.exe,Registry,RegQueryValue,HKLM\SOFTWARE\Microsoft\Windows NT\CurrentVersion\LanguagePack\SurrogateFallback\Plane6,0xc0000034,"{""Length"": 53}"
377361,2026-09-10T14:02:59.689046+00:00,134335225796890469,5832,Env.exe,Registry,RegQueryValue,HKLM\SOFTWARE\Microsoft\Windows NT\CurrentVersion\LanguagePack\SurrogateFallback\Plane7,0xc0000034,"{""Length"": 53}"
377363,2026-09-10T14:02:59.689168+00:00,134335225796891685,5832,Env.exe,Registry,RegQueryValue,HKLM\SOFTWARE\Microsoft\Windows NT\CurrentVersion\LanguagePack\SurrogateFallback\Plane8,0xc0000034,"{""Length"": 53}"
377364,2026-09-10T14:02:59.689288+00:00,134335225796892881,5832,Env.exe,Registry,RegQueryValue,HKLM\SOFTWARE\Microsoft\Windows NT\CurrentVersion\LanguagePack\SurrogateFallback\Plane9,0xc0000034,"{""Length"": 53}"
377366,2026-09-10T14:02:59.689425+00:00,134335225796894258,5832,Env.exe,Registry,RegQueryValue,HKLM\SOFTWARE\Microsoft\Windows NT\CurrentVersion\LanguagePack\SurrogateFallback\Plane10,0xc0000034,"{""Length"": 53}"
377367,2026-09-10T14:02:59.689655+00:00,134335225796896556,5832,Env.exe,Registry,RegQueryValue,HKLM\SOFTWARE\Microsoft\Windows NT\CurrentVersion\LanguagePack\SurrogateFallback\Plane11,0xc0000034,"{""Length"": 53}"
377368,2026-09-10T14:02:59.689800+00:00,134335225796898005,5832,Env.exe,Registry,RegQueryValue,HKLM\SOFTWARE\Microsoft\Windows NT\CurrentVersion\LanguagePack\SurrogateFallback\Plane12,0xc0000034,"{""Length"": 53}"
377369,2026-09-10T14:02:59.689921+00:00,134335225796899214,5832,Env.exe,Registry,RegQueryValue,HKLM\SOFTWARE\Microsoft\Windows NT\CurrentVersion\LanguagePack\SurrogateFallback\Plane13,0xc0000034,"{""Length"": 53}"
377370,2026-09-10T14:02:59.690040+00:00,134335225796900409,5832,Env.exe,Registry,RegQueryValue,HKLM\SOFTWARE\Microsoft\Windows NT\CurrentVersion\LanguagePack\SurrogateFallback\Plane14,0xc0000034,"{""Length"": 53}"
377371,2026-09-10T14:02:59.690159+00:00,134335225796901594,5832,Env.exe,Registry,RegQueryValue,HKLM\SOFTWARE\Microsoft\Windows NT\CurrentVersion\LanguagePack\SurrogateFallback\Plane15,0xc0000034,"{""Length"": 53}"
377372,2026-09-10T14:02:59.690278+00:00,134335225796902784,5832,Env.exe,Registry,RegQueryValue,HKLM\SOFTWARE\Microsoft\Windows NT\CurrentVersion\LanguagePack\SurrogateFallback\Plane16,0xc0000034,"{""Length"": 53}"
377374,2026-09-10T14:02:59.690495+00:00,134335225796904954,5832,Env.exe,Registry,RegCloseKey,HKLM\SOFTWARE\Microsoft\Windows NT\CurrentVersion\LanguagePack\SurrogateFallback,0x00000000,{}
377376,2026-09-10T14:02:59.690788+00:00,134335225796907882,5832,Env.exe,Registry,RegQueryKey,HKLM,0x00000000,"{""Query"": ""HandleTags"", ""HandleTags"": 0}"
377377,2026-09-10T14:02:59.690895+00:00,134335225796908952,5832,Env.exe,Registry,RegOpenKey,HKLM\SOFTWARE\Microsoft\Windows NT\CurrentVersion\LanguagePack\SurrogateFallback,0x00000000,"{""Desired Access"": ""Query Value, Enumerate Sub Keys""}"
377378,2026-09-10T14:02:59.691085+00:00,134335225796910853,5832,Env.exe,Registry,RegSetInfoKey,HKLM\SOFTWARE\Microsoft\Windows NT\CurrentVersion\LanguagePack\SurrogateFallback,0x00000000,"{""KeySetInformationClass"": ""KeySetHandleTagsInformation"", ""Length"": 0}"
377379,2026-09-10T14:02:59.691219+00:00,134335225796912196,5832,Env.exe,Registry,RegQueryKey,HKLM\SOFTWARE\Microsoft\Windows NT\CurrentVersion\LanguagePack\SurrogateFallback,0x00000000,"{""Query"": ""Cached"", ""LastWriteTime"": 132202038344819713, ""TitleIndex"": 0, ""SubKeys"": 4, ""MaxNameLen"": 26, ""Values"": 1, ""MaxValueNameLen"": 12, ""MaxValueDataLen"": 24}"
377381,2026-09-10T14:02:59.691546+00:00,134335225796915469,5832,Env.exe,Registry,RegEnumKey,HKLM\SOFTWARE\Microsoft\Windows NT\CurrentVersion\LanguagePack\SurrogateFallback,0x00000000,"{""Index"": 0, ""LastWriteTime"": 132201838472423164, ""TitleIndex"": 0, ""Name"": ""MingLiU""}"
377383,2026-09-10T14:02:59.691874+00:00,134335225796918740,5832,Env.exe,Registry,RegEnumKey,HKLM\SOFTWARE\Microsoft\Windows NT\CurrentVersion\LanguagePack\SurrogateFallback,0x00000000,"{""Index"": 1, ""LastWriteTime"": 132201838472423164, ""TitleIndex"": 0, ""Name"": ""MingLiU_HKSCS""}"
377384,2026-09-10T14:02:59.692020+00:00,134335225796920207,5832,Env.exe,Registry,RegEnumKey,HKLM\SOFTWARE\Microsoft\Windows NT\CurrentVersion\LanguagePack\SurrogateFallback,0x00000000,"{""Index"": 2, ""LastWriteTime"": 132201838472423164, ""TitleIndex"": 0, ""Name"": ""PMingLiU""}"
377385,2026-09-10T14:02:59.692138+00:00,134335225796921389,5832,Env.exe,Registry,RegEnumKey,HKLM\SOFTWARE\Microsoft\Windows NT\CurrentVersion\LanguagePack\SurrogateFallback,0x00000000,"{""Index"": 3, ""LastWriteTime"": 132201838472423164, ""TitleIndex"": 0, ""Name"": ""SimSun""}"
377389,2026-09-10T14:02:59.693655+00:00,134335225796936556,5832,Env.exe,Registry,RegQueryKey,HKLM\SOFTWARE\Microsoft\Windows NT\CurrentVersion\LanguagePack\SurrogateFallback,0x00000000,"{""Query"": ""HandleTags"", ""HandleTags"": 256}"
377390,2026-09-10T14:02:59.693771+00:00,134335225796937719,5832,Env.exe,Registry,RegOpenKey,HKLM\SOFTWARE\Microsoft\Windows NT\CurrentVersion\LanguagePack\SurrogateFallback\Segoe UI,0xc0000034,"{""Desired Access"": ""Query Value""}"
377391,2026-09-10T14:02:59.694059+00:00,134335225796940599,5832,Env.exe,Registry,RegCloseKey,HKLM\SOFTWARE\Microsoft\Windows NT\CurrentVersion\LanguagePack\SurrogateFallback,0x00000000,{}
377393,2026-09-10T14:02:59.694999+00:00,134335225796949993,5832,Env.exe,File_System,ReadFile,C:\Windows\SysWOW64\TextShaping.dll,0x00000000,"{""Offset"": 410624, ""Length"": 24576, ""I/O Flags"": ""Non-cached, Paging I/O, Synchronous Paging I/O"", ""Priority"": ""Normal""}"
377401,2026-09-10T14:02:59.697631+00:00,134335225796976315,5832,Env.exe,File_System,ReadFile,C:\Windows\SysWOW64\TextShaping.dll,0x00000000,"{""Offset"": 488448, ""Length"": 32768, ""I/O Flags"": ""Non-cached, Paging I/O, Synchronous Paging I/O"", ""Priority"": ""Normal""}"
377404,2026-09-10T14:02:59.698861+00:00,134335225796988611,5832,Env.exe,File_System,ReadFile,C:\Windows\SysWOW64\TextShaping.dll,0x00000000,"{""Offset"": 37888, ""Length"": 32768, ""I/O Flags"": ""Non-cached, Paging I/O, Synchronous Paging I/O"", ""Priority"": ""Normal""}"
377515,2026-09-10T14:02:59.737352+00:00,134335225797373524,5832,Env.exe,Registry,RegOpenKey,HKCU,0x00000000,"{""Desired Access"": ""Read""}"
377516,2026-09-10T14:02:59.737708+00:00,134335225797377089,5832,Env.exe,Registry,RegQueryKey,HKCU,0x00000000,"{""Query"": ""HandleTags"", ""HandleTags"": 0}"
377550,2026-09-10T14:02:59.746079+00:00,134335225797460791,5832,Env.exe,Registry,RegQueryKey,HKCU,0x00000000,"{""Query"": ""Name"", ""Name"": ""\\REGISTRY\\USER\\S-1-5-21-2765232598-2703495502-1861550627-1001""}"
377563,2026-09-10T14:02:59.750413+00:00,134335225797504131,5832,Env.exe,Registry,RegOpenKey,HKCU\SOFTWARE\Microsoft\Windows\CurrentVersion\Themes\Personalize,0x00000000,"{""Desired Access"": ""Query Value""}"
377569,2026-09-10T14:02:59.751093+00:00,134335225797510931,5832,Env.exe,Registry,RegSetInfoKey,HKCU\SOFTWARE\Microsoft\Windows\CurrentVersion\Themes\Personalize,0x00000000,"{""KeySetInformationClass"": ""KeySetHandleTagsInformation"", ""Length"": 0}"
377624,2026-09-10T14:02:59.764427+00:00,134335225797644273,5832,Env.exe,Registry,RegQueryValue,HKCU\SOFTWARE\Microsoft\Windows\CurrentVersion\Themes\Personalize\AppsUseLightTheme,0x00000000,"{""Type"": ""REG_DWORD"", ""Length"": 4, ""Data"": 1}"
377626,2026-09-10T14:02:59.764674+00:00,134335225797646749,5832,Env.exe,Registry,RegCloseKey,HKCU\SOFTWARE\Microsoft\Windows\CurrentVersion\Themes\Personalize,0x00000000,{}
377627,2026-09-10T14:02:59.764818+00:00,134335225797648189,5832,Env.exe,Registry,RegCloseKey,HKCU,0x00000000,{}
377628,2026-09-10T14:02:59.765522+00:00,134335225797655227,5832,Env.exe,Registry,RegQueryValue,HKLM\System\CurrentControlSet\Control\WMI\Security\673cf800-208a-5327-3f4b-2be44a66627a,0xc0000034,"{""Length"": 528}"
377630,2026-09-10T14:02:59.765808+00:00,134335225797658083,5832,Env.exe,File_System,QueryNameInformationFile,C:\Windows\SysWOW64\uxtheme.dll,0x00000000,"{""Name"": ""\\Windows\\SysWOW64\\uxtheme.dll""}"
377780,2026-09-10T14:02:59.818447+00:00,134335225798184474,5832,Env.exe,Process,Load_Image,C:\Windows\SysWOW64\msctf.dll,0x00000000,"{""Image Base"": 1990918144, ""Image Size"": 864256}"
377781,2026-09-10T14:02:59.818732+00:00,134335225798187328,5832,Env.exe,File_System,ReadFile,C:\Windows\SysWOW64\msctf.dll,0x00000000,"{""Offset"": 750592, ""Length"": 32256, ""I/O Flags"": ""Non-cached, Paging I/O, Synchronous Paging I/O"", ""Priority"": ""Normal""}"
377783,2026-09-10T14:02:59.820218+00:00,134335225798202183,5832,Env.exe,File_System,ReadFile,C:\Windows\SysWOW64\msctf.dll,0x00000000,"{""Offset"": 800768, ""Length"": 512, ""I/O Flags"": ""Non-cached, Paging I/O, Synchronous Paging I/O"", ""Priority"": ""Normal""}"
377784,2026-09-10T14:02:59.821078+00:00,134335225798210782,5832,Env.exe,File_System,ReadFile,C:\Windows\SysWOW64\msctf.dll,0x00000000,"{""Offset"": 801280, ""Length"": 1536, ""I/O Flags"": ""Non-cached, Paging I/O, Synchronous Paging I/O"", ""Priority"": ""Normal""}"
377785,2026-09-10T14:02:59.822609+00:00,134335225798226099,5832,Env.exe,Process,Load_Image,C:\Windows\SysWOW64\oleaut32.dll,0x00000000,"{""Image Base"": 1987903488, ""Image Size"": 614400}"
377792,2026-09-10T14:02:59.825040+00:00,134335225798250404,5832,Env.exe,File_System,CreateFile,C:\Windows\SysWOW64\oleaut32.dll,0x00000000,"{""Desired Access"": ""Read Control"", ""Disposition"": ""Open"", ""Options"": """", ""Attributes"": ""n/a"", ""ShareMode"": ""Read, Delete"", ""AllocationSize"": ""n/a"", ""OpenResult"": ""Opened""}"
377795,2026-09-10T14:02:59.825428+00:00,134335225798254286,5832,Env.exe,File_System,QuerySecurityFile,C:\Windows\SysWOW64\oleaut32.dll,0x80000005,"{""Information"": ""Owner""}"
377797,2026-09-10T14:02:59.825536+00:00,134335225798255369,5832,Env.exe,File_System,QuerySecurityFile,C:\Windows\SysWOW64\oleaut32.dll,0x00000000,"{""Information"": ""Owner""}"
377799,2026-09-10T14:02:59.825651+00:00,134335225798256519,5832,Env.exe,File_System,CloseFile,C:\Windows\SysWOW64\oleaut32.dll,0x00000000,{}
377801,2026-09-10T14:02:59.825774+00:00,134335225798257745,5832,Env.exe,File_System,IRP_MJ_CLOSE,C:\Windows\SysWOW64\oleaut32.dll,0x00000000,{}
377804,2026-09-10T14:02:59.826758+00:00,134335225798267580,5832,Env.exe,File_System,CreateFile,C:\Windows\SysWOW64\msctf.dll,0x00000000,"{""Desired Access"": ""Read Control"", ""Disposition"": ""Open"", ""Options"": """", ""Attributes"": ""n/a"", ""ShareMode"": ""Read, Delete"", ""AllocationSize"": ""n/a"", ""OpenResult"": ""Opened""}"
377807,2026-09-10T14:02:59.827465+00:00,134335225798274655,5832,Env.exe,File_System,QuerySecurityFile,C:\Windows\SysWOW64\msctf.dll,0x80000005,"{""Information"": ""Owner""}"
377809,2026-09-10T14:02:59.827558+00:00,134335225798275587,5832,Env.exe,File_System,QuerySecurityFile,C:\Windows\SysWOW64\msctf.dll,0x00000000,"{""Information"": ""Owner""}"
377811,2026-09-10T14:02:59.827689+00:00,134335225798276899,5832,Env.exe,File_System,CloseFile,C:\Windows\SysWOW64\msctf.dll,0x00000000,{}
377813,2026-09-10T14:02:59.827794+00:00,134335225798277946,5832,Env.exe,File_System,IRP_MJ_CLOSE,C:\Windows\SysWOW64\msctf.dll,0x00000000,{}
377821,2026-09-10T14:02:59.830228+00:00,134335225798302286,5832,Env.exe,Registry,RegQueryKey,HKLM,0x00000000,"{""Query"": ""HandleTags"", ""HandleTags"": 0}"
377823,2026-09-10T14:02:59.830360+00:00,134335225798303605,5832,Env.exe,Registry,RegQueryKey,HKLM,0x00000000,"{""Query"": ""Name"", ""Name"": ""\\REGISTRY\\MACHINE""}"
377824,2026-09-10T14:02:59.830600+00:00,134335225798306005,5832,Env.exe,Registry,RegOpenKey,HKLM\SOFTWARE\WOW6432Node\Microsoft\OLEAUT,0xc0000034,"{""Desired Access"": ""Query Value""}"
377826,2026-09-10T14:02:59.831249+00:00,134335225798312495,5832,Env.exe,File_System,ReadFile,C:\Windows\SysWOW64\msctf.dll,0x00000000,"{""Offset"": 312320, ""Length"": 32768, ""I/O Flags"": ""Non-cached, Paging I/O, Synchronous Paging I/O"", ""Priority"": ""Normal""}"
377834,2026-09-10T14:02:59.833024+00:00,134335225798330249,5832,Env.exe,File_System,ReadFile,C:\Windows\SysWOW64\msctf.dll,0x00000000,"{""Offset"": 295936, ""Length"": 16384, ""I/O Flags"": ""Non-cached, Paging I/O, Synchronous Paging I/O"", ""Priority"": ""Normal""}"
377843,2026-09-10T14:02:59.834285+00:00,134335225798342858,5832,Env.exe,Registry,RegQueryValue,HKLM\System\CurrentControlSet\Control\WMI\Security\ebadf775-48aa-4bf3-8f8e-ec68d113c98e,0xc0000034,"{""Length"": 528}"
377844,2026-09-10T14:02:59.834594+00:00,134335225798345945,5832,Env.exe,File_System,QueryNameInformationFile,C:\Windows\SysWOW64\msctf.dll,0x00000000,"{""Name"": ""\\Windows\\SysWOW64\\msctf.dll""}"
377856,2026-09-10T14:02:59.841177+00:00,134335225798411778,5832,Env.exe,File_System,ReadFile,C:\Windows\SysWOW64\msctf.dll,0x00000000,"{""Offset"": 345088, ""Length"": 32768, ""I/O Flags"": ""Non-cached, Paging I/O, Synchronous Paging I/O"", ""Priority"": ""Normal""}"
377861,2026-09-10T14:02:59.842310+00:00,134335225798423102,5832,Env.exe,File_System,ReadFile,C:\Windows\SysWOW64\msctf.dll,0x00000000,"{""Offset"": 414720, ""Length"": 32768, ""I/O Flags"": ""Non-cached, Paging I/O, Synchronous Paging I/O"", ""Priority"": ""Normal""}"
377912,2026-09-10T14:02:59.865508+00:00,134335225798655084,5832,Env.exe,File_System,CreateFile,C:\Windows\SystemResources\USER32.dll.mun,0xc0000034,"{""Desired Access"": ""Read Data/List Directory, Synchronize"", ""Disposition"": ""Open"", ""Options"": ""Synchronous IO Non-Alert, Non-Directory File"", ""Attributes"": ""n/a"", ""ShareMode"": ""Read, Delete"", ""AllocationSize"": ""n/a""}"
377918,2026-09-10T14:02:59.867485+00:00,134335225798674852,5832,Env.exe,File_System,CreateFile,C:\Windows\SystemResources\USER32.dll.mun,0xc0000034,"{""Desired Access"": ""Read Data/List Directory, Synchronize"", ""Disposition"": ""Open"", ""Options"": ""Synchronous IO Non-Alert, Non-Directory File"", ""Attributes"": ""n/a"", ""ShareMode"": ""Read, Delete"", ""AllocationSize"": ""n/a""}"
377954,2026-09-10T14:02:59.879391+00:00,134335225798793915,5832,Env.exe,Registry,RegOpenKey,HKLM\SYSTEM\CurrentControlSet\Control\Session Manager,0x00000104,"{""Desired Access"": ""Query Value, Enumerate Sub Keys""}"
377955,2026-09-10T14:02:59.879563+00:00,134335225798795633,5832,Env.exe,Registry,RegOpenKey,HKLM\System\CurrentControlSet\Control\Session Manager,0x00000000,"{""Desired Access"": ""Query Value, Enumerate Sub Keys""}"
377956,2026-09-10T14:02:59.879738+00:00,134335225798797388,5832,Env.exe,Registry,RegSetInfoKey,HKLM\System\CurrentControlSet\Control\Session Manager,0x00000000,"{""KeySetInformationClass"": ""KeySetHandleTagsInformation"", ""Length"": 0}"
377957,2026-09-10T14:02:59.879882+00:00,134335225798798821,5832,Env.exe,Registry,RegQueryValue,HKLM\System\CurrentControlSet\Control\Session Manager\ResourcePolicies,0xc0000034,"{""Length"": 24}"
377958,2026-09-10T14:02:59.880044+00:00,134335225798800440,5832,Env.exe,Registry,RegCloseKey,HKLM\System\CurrentControlSet\Control\Session Manager,0x00000000,{}
377971,2026-09-10T14:02:59.892358+00:00,134335225798923581,5832,Env.exe,Registry,RegQueryKey,HKLM,0x00000000,"{""Query"": ""HandleTags"", ""HandleTags"": 0}"
377972,2026-09-10T14:02:59.892487+00:00,134335225798924872,5832,Env.exe,Registry,RegQueryKey,HKLM,0x00000000,"{""Query"": ""Name"", ""Name"": ""\\REGISTRY\\MACHINE""}"
377973,2026-09-10T14:02:59.892733+00:00,134335225798927331,5832,Env.exe,Registry,RegOpenKey,HKLM\SOFTWARE\WOW6432Node\Microsoft\CTF\Compatibility\Env.exe,0xc0000034,"{""Desired Access"": ""Read""}"
377979,2026-09-10T14:02:59.894942+00:00,134335225798949426,5832,Env.exe,File_System,QueryOpen,C:\Windows\SysWOW64\rpcss.dll,0xc01c0004,{}
377981,2026-09-10T14:02:59.895670+00:00,134335225798956703,5832,Env.exe,File_System,CreateFile,C:\Windows\SysWOW64\rpcss.dll,0xc0000034,"{""Desired Access"": ""Read Attributes"", ""Disposition"": ""Open"", ""Options"": ""Open Reparse Point"", ""Attributes"": ""n/a"", ""ShareMode"": ""Read, Write, Delete"", ""AllocationSize"": ""n/a""}"
377993,2026-09-10T14:02:59.899007+00:00,134335225798990077,5832,Env.exe,File_System,QueryOpen,C:\Windows\SysWOW64\kernel.appcore.dll,0xc01c0004,{}
377995,2026-09-10T14:02:59.899760+00:00,134335225798997603,5832,Env.exe,File_System,CreateFile,C:\Windows\SysWOW64\kernel.appcore.dll,0x00000000,"{""Desired Access"": ""Read Attributes"", ""Disposition"": ""Open"", ""Options"": ""Open Reparse Point"", ""Attributes"": ""n/a"", ""ShareMode"": ""Read, Write, Delete"", ""AllocationSize"": ""n/a"", ""OpenResult"": ""Opened""}"
378001,2026-09-10T14:02:59.900467+00:00,134335225799004675,5832,Env.exe,File_System,QueryBasicInformationFile,C:\Windows\SysWOW64\kernel.appcore.dll,0x00000000,"{""CreationTime"": 132780004909174977, ""LastAccessTime"": 134335223104289993, ""LastWriteTime"": 132780004909174977, ""ChangeTime"": 134335054033224250, ""FileAttributes"": ""A""}"
378003,2026-09-10T14:02:59.900554+00:00,134335225799005542,5832,Env.exe,File_System,CloseFile,C:\Windows\SysWOW64\kernel.appcore.dll,0x00000000,{}
378004,2026-09-10T14:02:59.900727+00:00,134335225799007271,5832,Env.exe,File_System,IRP_MJ_CLOSE,C:\Windows\SysWOW64\kernel.appcore.dll,0x00000000,{}
378005,2026-09-10T14:02:59.901572+00:00,134335225799015723,5832,Env.exe,File_System,CreateFile,C:\Windows\SysWOW64\kernel.appcore.dll,0x00000000,"{""Desired Access"": ""Read Data/List Directory, Execute/Traverse, Synchronize"", ""Disposition"": ""Open"", ""Options"": ""Synchronous IO Non-Alert, Non-Directory File"", ""Attributes"": ""n/a"", ""ShareMode"": ""Read, Delete"", ""AllocationSize"": ""n/a"", ""OpenResult"": ""Opened""}"
378007,2026-09-10T14:02:59.901976+00:00,134335225799019766,5832,Env.exe,File_System,CreateFileMapping,C:\Windows\SysWOW64\kernel.appcore.dll,0x0000012a,"{""SyncType"": ""SyncTypeCreateSection"", ""PageProtection"": ""PAGE_EXECUTE""}"
378008,2026-09-10T14:02:59.902062+00:00,134335225799020628,5832,Env.exe,File_System,FASTIO_RELEASE_FOR_SECTION_SYNCHRONIZATION,C:\Windows\SysWOW64\kernel.appcore.dll,0x00000000,{}
378009,2026-09-10T14:02:59.902152+00:00,134335225799021525,5832,Env.exe,File_System,CreateFileMapping,C:\Windows\SysWOW64\kernel.appcore.dll,0x00000000,"{""SyncType"": ""SyncTypeOther""}"
378010,2026-09-10T14:02:59.902217+00:00,134335225799022170,5832,Env.exe,File_System,FASTIO_RELEASE_FOR_SECTION_SYNCHRONIZATION,C:\Windows\SysWOW64\kernel.appcore.dll,0x00000000,{}
378014,2026-09-10T14:02:59.903091+00:00,134335225799030910,5832,Env.exe,Process,Load_Image,C:\Windows\SysWOW64\kernel.appcore.dll,0x00000000,"{""Image Base"": 1958084608, ""Image Size"": 61440}"
378016,2026-09-10T14:02:59.903874+00:00,134335225799038749,5832,Env.exe,File_System,CloseFile,C:\Windows\SysWOW64\kernel.appcore.dll,0x00000000,{}
378018,2026-09-10T14:02:59.904008+00:00,134335225799040089,5832,Env.exe,File_System,IRP_MJ_CLOSE,C:\Windows\SysWOW64\kernel.appcore.dll,0x00000000,{}
378025,2026-09-10T14:02:59.905198+00:00,134335225799051988,5832,Env.exe,File_System,CreateFile,C:\Windows\SysWOW64\kernel.appcore.dll,0x00000000,"{""Desired Access"": ""Read Control"", ""Disposition"": ""Open"", ""Options"": """", ""Attributes"": ""n/a"", ""ShareMode"": ""Read, Delete"", ""AllocationSize"": ""n/a"", ""OpenResult"": ""Opened""}"
378026,2026-09-10T14:02:59.905450+00:00,134335225799054506,5832,Env.exe,File_System,QuerySecurityFile,C:\Windows\SysWOW64\kernel.appcore.dll,0x80000005,"{""Information"": ""Owner""}"
378027,2026-09-10T14:02:59.905561+00:00,134335225799055610,5832,Env.exe,File_System,QuerySecurityFile,C:\Windows\SysWOW64\kernel.appcore.dll,0x00000000,"{""Information"": ""Owner""}"
378028,2026-09-10T14:02:59.905655+00:00,134335225799056550,5832,Env.exe,File_System,CloseFile,C:\Windows\SysWOW64\kernel.appcore.dll,0x00000000,{}
378029,2026-09-10T14:02:59.905764+00:00,134335225799057647,5832,Env.exe,File_System,IRP_MJ_CLOSE,C:\Windows\SysWOW64\kernel.appcore.dll,0x00000000,{}
378155,2026-09-10T14:02:59.927927+00:00,134335225799279278,5832,Env.exe,Process,Load_Image,C:\Windows\SysWOW64\bcryptprimitives.dll,0x00000000,"{""Image Base"": 2000748544, ""Image Size"": 389120}"
378161,2026-09-10T14:02:59.929798+00:00,134335225799297984,5832,Env.exe,File_System,CreateFile,C:\Windows\SysWOW64\bcryptprimitives.dll,0x00000000,"{""Desired Access"": ""Read Control"", ""Disposition"": ""Open"", ""Options"": """", ""Attributes"": ""n/a"", ""ShareMode"": ""Read, Delete"", ""AllocationSize"": ""n/a"", ""OpenResult"": ""Opened""}"
378162,2026-09-10T14:02:59.930517+00:00,134335225799305170,5832,Env.exe,File_System,QuerySecurityFile,C:\Windows\SysWOW64\bcryptprimitives.dll,0x80000005,"{""Information"": ""Owner""}"
378163,2026-09-10T14:02:59.930622+00:00,134335225799306224,5832,Env.exe,File_System,QuerySecurityFile,C:\Windows\SysWOW64\bcryptprimitives.dll,0x00000000,"{""Information"": ""Owner""}"
378164,2026-09-10T14:02:59.930732+00:00,134335225799307327,5832,Env.exe,File_System,CloseFile,C:\Windows\SysWOW64\bcryptprimitives.dll,0x00000000,{}
378166,2026-09-10T14:02:59.930842+00:00,134335225799308425,5832,Env.exe,File_System,IRP_MJ_CLOSE,C:\Windows\SysWOW64\bcryptprimitives.dll,0x00000000,{}
378171,2026-09-10T14:02:59.932240+00:00,134335225799322406,5832,Env.exe,Registry,RegQueryValue,HKLM\System\CurrentControlSet\Control\WMI\Security\f3a71a4b-6118-4257-8ccb-39a33ba059d4,0xc0000034,"{""Length"": 528}"
378172,2026-09-10T14:02:59.932545+00:00,134335225799325458,5832,Env.exe,File_System,QueryNameInformationFile,C:\Windows\SysWOW64\bcryptprimitives.dll,0x00000000,"{""Name"": ""\\Windows\\SysWOW64\\bcryptprimitives.dll""}"
378176,2026-09-10T14:02:59.933043+00:00,134335225799330434,5832,Env.exe,Registry,RegOpenKey,HKLM\System\CurrentControlSet\Control\Lsa\FipsAlgorithmPolicy,0x00000104,"{""Desired Access"": ""Query Value""}"
378202,2026-09-10T14:02:59.936887+00:00,134335225799368879,5832,Env.exe,Registry,RegOpenKey,HKLM\System\CurrentControlSet\Control\Lsa\FipsAlgorithmPolicy,0x00000000,"{""Desired Access"": ""Query Value""}"
378228,2026-09-10T14:02:59.940929+00:00,134335225799409293,5832,Env.exe,Registry,RegSetInfoKey,HKLM\System\CurrentControlSet\Control\Lsa\FipsAlgorithmPolicy,0x00000000,"{""KeySetInformationClass"": ""KeySetHandleTagsInformation"", ""Length"": 0}"
378229,2026-09-10T14:02:59.941095+00:00,134335225799410951,5832,Env.exe,Registry,RegQueryValue,HKLM\System\CurrentControlSet\Control\Lsa\FipsAlgorithmPolicy\STE,0xc0000034,"{""Length"": 20}"
378230,2026-09-10T14:02:59.941271+00:00,134335225799412710,5832,Env.exe,Registry,RegCloseKey,HKLM\System\CurrentControlSet\Control\Lsa\FipsAlgorithmPolicy,0x00000000,{}
378231,2026-09-10T14:02:59.941605+00:00,134335225799416053,5832,Env.exe,Registry,RegOpenKey,HKLM\System\CurrentControlSet\Control\Lsa\FipsAlgorithmPolicy,0x00000104,"{""Desired Access"": ""Query Value""}"
378232,2026-09-10T14:02:59.941783+00:00,134335225799417836,5832,Env.exe,Registry,RegOpenKey,HKLM\System\CurrentControlSet\Control\Lsa\FipsAlgorithmPolicy,0x00000000,"{""Desired Access"": ""Query Value""}"
378234,2026-09-10T14:02:59.941935+00:00,134335225799419355,5832,Env.exe,Registry,RegSetInfoKey,HKLM\System\CurrentControlSet\Control\Lsa\FipsAlgorithmPolicy,0x00000000,"{""KeySetInformationClass"": ""KeySetHandleTagsInformation"", ""Length"": 0}"
378235,2026-09-10T14:02:59.942065+00:00,134335225799420654,5832,Env.exe,Registry,RegQueryValue,HKLM\System\CurrentControlSet\Control\Lsa\FipsAlgorithmPolicy\Enabled,0x00000000,"{""Type"": ""REG_DWORD"", ""Length"": 4, ""Data"": 0}"
378236,2026-09-10T14:02:59.942319+00:00,134335225799423199,5832,Env.exe,Registry,RegOpenKey,HKLM\System\CurrentControlSet\Control\Lsa,0x00000104,"{""Desired Access"": ""Query Value""}"
378237,2026-09-10T14:02:59.942448+00:00,134335225799424483,5832,Env.exe,Registry,RegOpenKey,HKLM\System\CurrentControlSet\Control\Lsa,0x00000000,"{""Desired Access"": ""Query Value""}"
378239,2026-09-10T14:02:59.942590+00:00,134335225799425904,5832,Env.exe,Registry,RegSetInfoKey,HKLM\System\CurrentControlSet\Control\Lsa,0x00000000,"{""KeySetInformationClass"": ""KeySetHandleTagsInformation"", ""Length"": 0}"
378241,2026-09-10T14:02:59.942719+00:00,134335225799427191,5832,Env.exe,Registry,RegQueryValue,HKLM\System\CurrentControlSet\Control\Lsa\FipsAlgorithmPolicy,0xc0000034,"{""Length"": 20}"
378244,2026-09-10T14:02:59.942922+00:00,134335225799429227,5832,Env.exe,Registry,RegQueryValue,HKLM\System\CurrentControlSet\Control\Lsa\FipsAlgorithmPolicy\MDMEnabled,0xc0000034,"{""Length"": 20}"
378245,2026-09-10T14:02:59.943085+00:00,134335225799430855,5832,Env.exe,Registry,RegCloseKey,HKLM\System\CurrentControlSet\Control\Lsa\FipsAlgorithmPolicy,0x00000000,{}
378246,2026-09-10T14:02:59.943220+00:00,134335225799432203,5832,Env.exe,Registry,RegCloseKey,HKLM\System\CurrentControlSet\Control\Lsa,0x00000000,{}
378247,2026-09-10T14:02:59.943402+00:00,134335225799434022,5832,Env.exe,Registry,RegOpenKey,HKLM\SYSTEM\CurrentControlSet\Policies\Microsoft\Cryptography\Configuration,0x00000104,"{""Desired Access"": ""Query Value""}"
378248,2026-09-10T14:02:59.943531+00:00,134335225799435312,5832,Env.exe,Registry,RegOpenKey,HKLM\System\CurrentControlSet\Policies\Microsoft\Cryptography\Configuration,0xc0000034,"{""Desired Access"": ""Query Value""}"
378296,2026-09-10T14:02:59.955257+00:00,134335225799552571,5832,Env.exe,File_System,ReadFile,C:\Windows\SysWOW64\msctf.dll,0x00000000,"{""Offset"": 1024, ""Length"": 8192, ""I/O Flags"": ""Non-cached, Paging I/O, Synchronous Paging I/O"", ""Priority"": ""Normal""}"
378312,2026-09-10T14:02:59.963286+00:00,134335225799632860,5832,Env.exe,Registry,RegQueryKey,HKLM,0x00000000,"{""Query"": ""HandleTags"", ""HandleTags"": 0}"
378313,2026-09-10T14:02:59.963430+00:00,134335225799634304,5832,Env.exe,Registry,RegQueryKey,HKLM,0x00000000,"{""Query"": ""Name"", ""Name"": ""\\REGISTRY\\MACHINE""}"
378315,2026-09-10T14:02:59.963678+00:00,134335225799636782,5832,Env.exe,Registry,RegOpenKey,HKLM\SOFTWARE\WOW6432Node\Microsoft\CTF\Compatibility\Env.exe,0xc0000034,"{""Desired Access"": ""Read""}"
378332,2026-09-10T14:02:59.973020+00:00,134335225799730200,5832,Env.exe,Registry,RegQueryKey,HKLM,0x00000000,"{""Query"": ""HandleTags"", ""HandleTags"": 0}"
378333,2026-09-10T14:02:59.973145+00:00,134335225799731450,5832,Env.exe,Registry,RegQueryKey,HKLM,0x00000000,"{""Query"": ""Name"", ""Name"": ""\\REGISTRY\\MACHINE""}"
378334,2026-09-10T14:02:59.973381+00:00,134335225799733815,5832,Env.exe,Registry,RegOpenKey,HKLM\SOFTWARE\WOW6432Node\Microsoft\Windows\CurrentVersion\OOBE,0x00000000,"{""Desired Access"": ""Query Value""}"
378336,2026-09-10T14:02:59.973943+00:00,134335225799739437,5832,Env.exe,Registry,RegSetInfoKey,HKLM\SOFTWARE\WOW6432Node\Microsoft\Windows\CurrentVersion\OOBE,0x00000000,"{""KeySetInformationClass"": ""KeySetHandleTagsInformation"", ""Length"": 0}"
378338,2026-09-10T14:02:59.974088+00:00,134335225799740889,5832,Env.exe,Registry,RegQueryValue,HKLM\SOFTWARE\WOW6432Node\Microsoft\Windows\CurrentVersion\OOBE\LaunchUserOOBE,0xc0000034,"{""Length"": 16}"
378341,2026-09-10T14:02:59.974279+00:00,134335225799742794,5832,Env.exe,Registry,RegCloseKey,HKLM\SOFTWARE\WOW6432Node\Microsoft\Windows\CurrentVersion\OOBE,0x00000000,{}
378346,2026-09-10T14:02:59.976211+00:00,134335225799762116,5832,Env.exe,Registry,RegQueryKey,HKLM,0x00000000,"{""Query"": ""HandleTags"", ""HandleTags"": 0}"
378347,2026-09-10T14:02:59.976333+00:00,134335225799763336,5832,Env.exe,Registry,RegQueryKey,HKLM,0x00000000,"{""Query"": ""Name"", ""Name"": ""\\REGISTRY\\MACHINE""}"
378349,2026-09-10T14:02:59.976541+00:00,134335225799765418,5832,Env.exe,Registry,RegOpenKey,HKLM\Software\WOW6432Node\Microsoft\Rpc,0x00000104,"{""Desired Access"": ""Read""}"
378350,2026-09-10T14:02:59.976828+00:00,134335225799768288,5832,Env.exe,Registry,RegOpenKey,HKLM\SOFTWARE\Microsoft\Rpc,0x00000000,"{""Desired Access"": ""Read""}"
378352,2026-09-10T14:02:59.977156+00:00,134335225799771566,5832,Env.exe,Registry,RegSetInfoKey,HKLM\SOFTWARE\Microsoft\Rpc,0x00000000,"{""KeySetInformationClass"": ""KeySetHandleTagsInformation"", ""Length"": 0}"
378353,2026-09-10T14:02:59.977424+00:00,134335225799774249,5832,Env.exe,Registry,RegQueryValue,HKLM\SOFTWARE\Microsoft\Rpc\MaxRpcSize,0xc0000034,"{""Length"": 16}"
378354,2026-09-10T14:02:59.977678+00:00,134335225799776782,5832,Env.exe,Registry,RegCloseKey,HKLM\SOFTWARE\Microsoft\Rpc,0x00000000,{}
378357,2026-09-10T14:02:59.979764+00:00,134335225799797649,5832,Env.exe,Registry,RegOpenKey,HKLM\System\CurrentControlSet\Services\CCG,0x00000104,"{""Desired Access"": ""Read""}"
378360,2026-09-10T14:02:59.979977+00:00,134335225799799773,5832,Env.exe,Registry,RegOpenKey,HKLM\System\CurrentControlSet\Services\CCG,0xc0000034,"{""Desired Access"": ""Read""}"
378361,2026-09-10T14:02:59.980265+00:00,134335225799802658,5832,Env.exe,Registry,RegOpenKey,HKLM\System\CurrentControlSet\Services\CCG,0x00000104,"{""Desired Access"": ""Read""}"
378362,2026-09-10T14:02:59.980405+00:00,134335225799804054,5832,Env.exe,Registry,RegOpenKey,HKLM\System\CurrentControlSet\Services\CCG,0xc0000034,"{""Desired Access"": ""Read""}"
378364,2026-09-10T14:02:59.980666+00:00,134335225799806661,5832,Env.exe,Registry,RegOpenKey,HKLM\System\CurrentControlSet\Control\ComputerName\ActiveComputerName,0x00000104,"{""Desired Access"": ""Read""}"
378365,2026-09-10T14:02:59.980808+00:00,134335225799808089,5832,Env.exe,Registry,RegOpenKey,HKLM\System\CurrentControlSet\Control\ComputerName\ActiveComputerName,0x00000000,"{""Desired Access"": ""Read""}"
378367,2026-09-10T14:02:59.980975+00:00,134335225799809750,5832,Env.exe,Registry,RegSetInfoKey,HKLM\System\CurrentControlSet\Control\ComputerName\ActiveComputerName,0x00000000,"{""KeySetInformationClass"": ""KeySetHandleTagsInformation"", ""Length"": 0}"
378368,2026-09-10T14:02:59.981110+00:00,134335225799811104,5832,Env.exe,Registry,RegQueryValue,HKLM\System\CurrentControlSet\Control\ComputerName\ActiveComputerName\ComputerName,0x00000000,"{""Name"": ""ComputerName"", ""Type"": ""REG_SZ"", ""Length"": 32, ""Data"": ""DESKTOP-Q4U3M4A""}"
378369,2026-09-10T14:02:59.981361+00:00,134335225799813610,5832,Env.exe,Registry,RegCloseKey,HKLM\System\CurrentControlSet\Control\ComputerName\ActiveComputerName,0x00000000,{}
378370,2026-09-10T14:02:59.981594+00:00,134335225799815944,5832,Env.exe,Registry,RegOpenKey,HKLM\System\Setup,0x00000000,"{""Desired Access"": ""Read""}"
378371,2026-09-10T14:02:59.981749+00:00,134335225799817491,5832,Env.exe,Registry,RegSetInfoKey,HKLM\SYSTEM\Setup,0x00000000,"{""KeySetInformationClass"": ""KeySetHandleTagsInformation"", ""Length"": 0}"
378373,2026-09-10T14:02:59.981862+00:00,134335225799818623,5832,Env.exe,Registry,RegQueryValue,HKLM\SYSTEM\Setup\OOBEInProgress,0x00000000,"{""Name"": ""OOBEInProgress"", ""Type"": ""REG_DWORD"", ""Length"": 4, ""Data"": 0}"
378374,2026-09-10T14:02:59.982037+00:00,134335225799820378,5832,Env.exe,Registry,RegCloseKey,HKLM\SYSTEM\Setup,0x00000000,{}
378375,2026-09-10T14:02:59.982198+00:00,134335225799821989,5832,Env.exe,Registry,RegOpenKey,HKLM\System\Setup,0x00000000,"{""Desired Access"": ""Read""}"
378376,2026-09-10T14:02:59.982337+00:00,134335225799823378,5832,Env.exe,Registry,RegSetInfoKey,HKLM\SYSTEM\Setup,0x00000000,"{""KeySetInformationClass"": ""KeySetHandleTagsInformation"", ""Length"": 0}"
378377,2026-09-10T14:02:59.982449+00:00,134335225799824495,5832,Env.exe,Registry,RegQueryValue,HKLM\SYSTEM\Setup\SystemSetupInProgress,0x00000000,"{""Name"": ""SystemSetupInProgress"", ""Type"": ""REG_DWORD"", ""Length"": 4, ""Data"": 0}"
378378,2026-09-10T14:02:59.982605+00:00,134335225799826050,5832,Env.exe,Registry,RegCloseKey,HKLM\SYSTEM\Setup,0x00000000,{}
378380,2026-09-10T14:02:59.982927+00:00,134335225799829272,5832,Env.exe,Registry,RegQueryKey,HKLM\SOFTWARE\Microsoft\Windows NT\CurrentVersion\Image File Execution Options,0x00000000,"{""Query"": ""HandleTags"", ""HandleTags"": 1024}"
378381,2026-09-10T14:02:59.983046+00:00,134335225799830467,5832,Env.exe,Registry,RegOpenKey,HKLM\SOFTWARE\Microsoft\Windows NT\CurrentVersion\Image File Execution Options\Env.exe,0xc0000034,"{""Desired Access"": ""Query Value, Enumerate Sub Keys""}"
378394,2026-09-10T14:02:59.989107+00:00,134335225799891074,5832,Env.exe,Registry,RegQueryKey,HKLM,0x00000000,"{""Query"": ""HandleTags"", ""HandleTags"": 0}"
378395,2026-09-10T14:02:59.989305+00:00,134335225799893055,5832,Env.exe,Registry,RegQueryKey,HKLM,0x00000000,"{""Query"": ""Name"", ""Name"": ""\\REGISTRY\\MACHINE""}"
378396,2026-09-10T14:02:59.989625+00:00,134335225799896258,5832,Env.exe,Registry,RegOpenKey,HKLM\Software\WOW6432Node\Policies\Microsoft\Windows NT\Rpc,0x00000104,"{""Desired Access"": ""Read""}"
378397,2026-09-10T14:02:59.990035+00:00,134335225799900352,5832,Env.exe,Registry,RegOpenKey,HKLM\SOFTWARE\Policies\Microsoft\Windows NT\Rpc,0xc0000034,"{""Desired Access"": ""Read""}"
378399,2026-09-10T14:02:59.992061+00:00,134335225799920613,5832,Env.exe,Registry,RegQueryKey,HKLM,0x00000000,"{""Query"": ""HandleTags"", ""HandleTags"": 0}"
378400,2026-09-10T14:02:59.992190+00:00,134335225799921902,5832,Env.exe,Registry,RegQueryKey,HKLM,0x00000000,"{""Query"": ""Name"", ""Name"": ""\\REGISTRY\\MACHINE""}"
378401,2026-09-10T14:02:59.992425+00:00,134335225799924254,5832,Env.exe,Registry,RegOpenKey,HKLM\Software\WOW6432Node\Microsoft\Rpc,0x00000104,"{""Desired Access"": ""Query Value""}"
378402,2026-09-10T14:02:59.992712+00:00,134335225799927122,5832,Env.exe,Registry,RegOpenKey,HKLM\SOFTWARE\Microsoft\Rpc,0x00000000,"{""Desired Access"": ""Query Value""}"
378404,2026-09-10T14:02:59.992986+00:00,134335225799929860,5832,Env.exe,Registry,RegSetInfoKey,HKLM\SOFTWARE\Microsoft\Rpc,0x00000000,"{""KeySetInformationClass"": ""KeySetHandleTagsInformation"", ""Length"": 0}"
378405,2026-09-10T14:02:59.993136+00:00,134335225799931369,5832,Env.exe,Registry,RegQueryValue,HKLM\SOFTWARE\Microsoft\Rpc\IdleTimerWindow,0xc0000034,"{""Length"": 16}"
378408,2026-09-10T14:02:59.993330+00:00,134335225799933302,5832,Env.exe,Registry,RegCloseKey,HKLM\SOFTWARE\Microsoft\Rpc,0x00000000,{}
378453,2026-09-10T14:03:00.013404+00:00,134335225800134046,5832,Env.exe,File_System,ReadFile,C:\Windows\SysWOW64\ntdll.dll,0x00000000,"{""Offset"": 508928, ""Length"": 4096, ""I/O Flags"": ""Non-cached, Paging I/O, Synchronous Paging I/O"", ""Priority"": ""Normal""}"
378511,2026-09-10T14:03:00.037263+00:00,134335225800372634,5832,Env.exe,Registry,RegQueryKey,HKLM,0x00000000,"{""Query"": ""HandleTags"", ""HandleTags"": 0}"
378512,2026-09-10T14:03:00.037421+00:00,134335225800374218,5832,Env.exe,Registry,RegQueryKey,HKLM,0x00000000,"{""Query"": ""Name"", ""Name"": ""\\REGISTRY\\MACHINE""}"
378513,2026-09-10T14:03:00.037705+00:00,134335225800377056,5832,Env.exe,Registry,RegOpenKey,HKLM\SOFTWARE\WOW6432Node\Microsoft\Windows\CurrentVersion\OOBE,0x00000000,"{""Desired Access"": ""Query Value""}"
378514,2026-09-10T14:03:00.038015+00:00,134335225800380159,5832,Env.exe,Registry,RegSetInfoKey,HKLM\SOFTWARE\WOW6432Node\Microsoft\Windows\CurrentVersion\OOBE,0x00000000,"{""KeySetInformationClass"": ""KeySetHandleTagsInformation"", ""Length"": 0}"
378515,2026-09-10T14:03:00.038157+00:00,134335225800381579,5832,Env.exe,Registry,RegQueryValue,HKLM\SOFTWARE\WOW6432Node\Microsoft\Windows\CurrentVersion\OOBE\LaunchUserOOBE,0xc0000034,"{""Length"": 16}"
378516,2026-09-10T14:03:00.038337+00:00,134335225800383379,5832,Env.exe,Registry,RegCloseKey,HKLM\SOFTWARE\WOW6432Node\Microsoft\Windows\CurrentVersion\OOBE,0x00000000,{}
378518,2026-09-10T14:03:00.040296+00:00,134335225800402966,5832,Env.exe,File_System,ReadFile,C:\Windows\SysWOW64\msctf.dll,0x00000000,"{""Offset"": 381952, ""Length"": 32768, ""I/O Flags"": ""Non-cached, Paging I/O, Synchronous Paging I/O"", ""Priority"": ""Normal""}"
378540,2026-09-10T14:03:00.046812+00:00,134335225800468125,5832,Env.exe,File_System,ReadFile,C:\Windows\SysWOW64\msctf.dll,0x00000000,"{""Offset"": 41984, ""Length"": 12288, ""I/O Flags"": ""Non-cached, Paging I/O, Synchronous Paging I/O"", ""Priority"": ""Normal""}"
378553,2026-09-10T14:03:00.050906+00:00,134335225800509065,5832,Env.exe,File_System,QueryOpen,C:\Windows\SysWOW64\TextInputFramework.dll,0xc01c0004,{}
378554,2026-09-10T14:03:00.051623+00:00,134335225800516235,5832,Env.exe,File_System,CreateFile,C:\Windows\SysWOW64\TextInputFramework.dll,0x00000000,"{""Desired Access"": ""Read Attributes"", ""Disposition"": ""Open"", ""Options"": ""Open Reparse Point"", ""Attributes"": ""n/a"", ""ShareMode"": ""Read, Write, Delete"", ""AllocationSize"": ""n/a"", ""OpenResult"": ""Opened""}"
378555,2026-09-10T14:03:00.053020+00:00,134335225800530204,5832,Env.exe,File_System,QueryBasicInformationFile,C:\Windows\SysWOW64\TextInputFramework.dll,0x00000000,"{""CreationTime"": 132780004885245355, ""LastAccessTime"": 132780004885401598, ""LastWriteTime"": 132780004885401598, ""ChangeTime"": 134335054240878464, ""FileAttributes"": ""A""}"
378556,2026-09-10T14:03:00.053106+00:00,134335225800531061,5832,Env.exe,File_System,CloseFile,C:\Windows\SysWOW64\TextInputFramework.dll,0x00000000,{}
378557,2026-09-10T14:03:00.053214+00:00,134335225800532146,5832,Env.exe,File_System,IRP_MJ_CLOSE,C:\Windows\SysWOW64\TextInputFramework.dll,0x00000000,{}
378559,2026-09-10T14:03:00.054248+00:00,134335225800542482,5832,Env.exe,File_System,CreateFile,C:\Windows\SysWOW64\TextInputFramework.dll,0x00000000,"{""Desired Access"": ""Read Data/List Directory, Execute/Traverse, Synchronize"", ""Disposition"": ""Open"", ""Options"": ""Synchronous IO Non-Alert, Non-Directory File"", ""Attributes"": ""n/a"", ""ShareMode"": ""Read, Delete"", ""AllocationSize"": ""n/a"", ""OpenResult"": ""Opened""}"
378564,2026-09-10T14:03:00.054782+00:00,134335225800547821,5832,Env.exe,File_System,QueryEAFile,C:\Windows\SysWOW64\TextInputFramework.dll,0x00000000,{}
378707,2026-09-10T14:03:00.074577+00:00,134335225800745775,5832,Env.exe,Profiling,Process_Profiling,,0x00000000,"{""User Time"": 1875000, ""Kernel Time"": 6875000, ""Private Bytes"": 17416192, ""Working Set"": 16994304}"
378712,2026-09-10T14:03:00.075893+00:00,134335225800758931,5832,Env.exe,File_System,CreateFileMapping,C:\Windows\SysWOW64\TextInputFramework.dll,0x0000012a,"{""SyncType"": ""SyncTypeCreateSection"", ""PageProtection"": ""PAGE_EXECUTE""}"
378713,2026-09-10T14:03:00.076004+00:00,134335225800760047,5832,Env.exe,File_System,QueryStandardInformationFile,C:\Windows\SysWOW64\TextInputFramework.dll,0x00000000,"{""AllocationSize"": 753664, ""EndOfFile"": 753592, ""NumberOfLinks"": 2, ""DeletePending"": false, ""Directory"": false}"
378714,2026-09-10T14:03:00.076143+00:00,134335225800761436,5832,Env.exe,File_System,ReadFile,C:\Windows\SysWOW64\TextInputFramework.dll,0x00000000,"{""Offset"": 0, ""Length"": 4096, ""I/O Flags"": ""Non-cached, Paging I/O, Synchronous Paging I/O"", ""Priority"": ""Normal""}"
378715,2026-09-10T14:03:00.077166+00:00,134335225800771666,5832,Env.exe,File_System,FASTIO_RELEASE_FOR_SECTION_SYNCHRONIZATION,C:\Windows\SysWOW64\TextInputFramework.dll,0x00000000,{}
378716,2026-09-10T14:03:00.077699+00:00,134335225800776990,5832,Env.exe,File_System,ReadFile,C:\Windows\SysWOW64\TextInputFramework.dll,0x00000000,"{""Offset"": 37888, ""Length"": 32768, ""I/O Flags"": ""Non-cached, Paging I/O, Synchronous Paging I/O"", ""Priority"": ""Normal""}"
378717,2026-09-10T14:03:00.079244+00:00,134335225800792444,5832,Env.exe,File_System,ReadFile,C:\Windows\SysWOW64\TextInputFramework.dll,0x00000000,"{""Offset"": 5120, ""Length"": 32768, ""I/O Flags"": ""Non-cached, Paging I/O, Synchronous Paging I/O"", ""Priority"": ""Normal""}"
378718,2026-09-10T14:03:00.081639+00:00,134335225800816398,5832,Env.exe,File_System,ReadFile,C:\Windows\SysWOW64\TextInputFramework.dll,0x00000000,"{""Offset"": 705024, ""Length"": 16384, ""I/O Flags"": ""Non-cached, Paging I/O, Synchronous Paging I/O"", ""Priority"": ""Normal""}"
378719,2026-09-10T14:03:00.083248+00:00,134335225800832484,5832,Env.exe,File_System,ReadFile,C:\Windows\SysWOW64\TextInputFramework.dll,0x00000000,"{""Offset"": 721408, ""Length"": 16384, ""I/O Flags"": ""Non-cached, Paging I/O, Synchronous Paging I/O"", ""Priority"": ""Normal""}"
378720,2026-09-10T14:03:00.084839+00:00,134335225800848395,5832,Env.exe,File_System,ReadFile,C:\Windows\SysWOW64\TextInputFramework.dll,0x00000000,"{""Offset"": 737792, ""Length"": 512, ""I/O Flags"": ""Non-cached, Paging I/O, Synchronous Paging I/O"", ""Priority"": ""Normal""}"
378721,2026-09-10T14:03:00.086674+00:00,134335225800866740,5832,Env.exe,File_System,CreateFileMapping,C:\Windows\SysWOW64\TextInputFramework.dll,0x00000000,"{""SyncType"": ""SyncTypeOther""}"
378722,2026-09-10T14:03:00.086787+00:00,134335225800867874,5832,Env.exe,File_System,FASTIO_RELEASE_FOR_SECTION_SYNCHRONIZATION,C:\Windows\SysWOW64\TextInputFramework.dll,0x00000000,{}
378723,2026-09-10T14:03:00.087532+00:00,134335225800875329,5832,Env.exe,Process,Load_Image,C:\Windows\SysWOW64\TextInputFramework.dll,0x00000000,"{""Image Base"": 1953169408, ""Image Size"": 757760}"
378724,2026-09-10T14:03:00.087969+00:00,134335225800879697,5832,Env.exe,File_System,ReadFile,C:\Windows\SysWOW64\TextInputFramework.dll,0x00000000,"{""Offset"": 660480, ""Length"": 31232, ""I/O Flags"": ""Non-cached, Paging I/O, Synchronous Paging I/O"", ""Priority"": ""Normal""}"
378725,2026-09-10T14:03:00.089601+00:00,134335225800896012,5832,Env.exe,File_System,ReadFile,C:\Windows\SysWOW64\TextInputFramework.dll,0x00000000,"{""Offset"": 691712, ""Length"": 4608, ""I/O Flags"": ""Non-cached, Paging I/O, Synchronous Paging I/O"", ""Priority"": ""Normal""}"
378726,2026-09-10T14:03:00.091109+00:00,134335225800911091,5832,Env.exe,File_System,ReadFile,C:\Windows\SysWOW64\TextInputFramework.dll,0x00000000,"{""Offset"": 702976, ""Length"": 512, ""I/O Flags"": ""Non-cached, Paging I/O, Synchronous Paging I/O"", ""Priority"": ""Normal""}"
378727,2026-09-10T14:03:00.092022+00:00,134335225800920224,5832,Env.exe,File_System,ReadFile,C:\Windows\SysWOW64\TextInputFramework.dll,0x00000000,"{""Offset"": 703488, ""Length"": 1536, ""I/O Flags"": ""Non-cached, Paging I/O, Synchronous Paging I/O"", ""Priority"": ""Normal""}"
378728,2026-09-10T14:03:00.092554+00:00,134335225800925544,5832,Env.exe,File_System,ReadFile,C:\Windows\SysWOW64\TextInputFramework.dll,0x00000000,"{""Offset"": 696320, ""Length"": 6656, ""I/O Flags"": ""Non-cached, Paging I/O, Synchronous Paging I/O"", ""Priority"": ""Normal""}"
378729,2026-09-10T14:03:00.093658+00:00,134335225800936589,5832,Env.exe,File_System,CloseFile,C:\Windows\SysWOW64\TextInputFramework.dll,0x00000000,{}
378735,2026-09-10T14:03:00.095274+00:00,134335225800952745,5832,Env.exe,File_System,QueryOpen,C:\Windows\SysWOW64\CoreUIComponents.dll,0xc01c0004,{}
378736,2026-09-10T14:03:00.096228+00:00,134335225800962289,5832,Env.exe,File_System,CreateFile,C:\Windows\SysWOW64\CoreUIComponents.dll,0x00000000,"{""Desired Access"": ""Read Attributes"", ""Disposition"": ""Open"", ""Options"": ""Open Reparse Point"", ""Attributes"": ""n/a"", ""ShareMode"": ""Read, Write, Delete"", ""AllocationSize"": ""n/a"", ""OpenResult"": ""Opened""}"
378744,2026-09-10T14:03:00.097580+00:00,134335225800975809,5832,Env.exe,File_System,QueryBasicInformationFile,C:\Windows\SysWOW64\CoreUIComponents.dll,0x00000000,"{""CreationTime"": 132780004876651438, ""LastAccessTime"": 132780004876963912, ""LastWriteTime"": 132780004876963912, ""ChangeTime"": 134335053945422178, ""FileAttributes"": ""A""}"
378746,2026-09-10T14:03:00.097672+00:00,134335225800976729,5832,Env.exe,File_System,CloseFile,C:\Windows\SysWOW64\CoreUIComponents.dll,0x00000000,{}
378747,2026-09-10T14:03:00.097788+00:00,134335225800977887,5832,Env.exe,File_System,IRP_MJ_CLOSE,C:\Windows\SysWOW64\CoreUIComponents.dll,0x00000000,{}
378749,2026-09-10T14:03:00.098778+00:00,134335225800987780,5832,Env.exe,File_System,CreateFile,C:\Windows\SysWOW64\CoreUIComponents.dll,0x00000000,"{""Desired Access"": ""Read Data/List Directory, Execute/Traverse, Synchronize"", ""Disposition"": ""Open"", ""Options"": ""Synchronous IO Non-Alert, Non-Directory File"", ""Attributes"": ""n/a"", ""ShareMode"": ""Read, Delete"", ""AllocationSize"": ""n/a"", ""OpenResult"": ""Opened""}"
378753,2026-09-10T14:03:00.099336+00:00,134335225800993365,5832,Env.exe,File_System,QueryEAFile,C:\Windows\SysWOW64\CoreUIComponents.dll,0x00000000,{}
378758,2026-09-10T14:03:00.100637+00:00,134335225801006379,5832,Env.exe,File_System,QueryOpen,C:\Windows\SysWOW64\CoreMessaging.dll,0xc01c0004,{}
378762,2026-09-10T14:03:00.101338+00:00,134335225801013380,5832,Env.exe,File_System,CreateFile,C:\Windows\SysWOW64\CoreMessaging.dll,0x00000000,"{""Desired Access"": ""Read Attributes"", ""Disposition"": ""Open"", ""Options"": ""Open Reparse Point"", ""Attributes"": ""n/a"", ""ShareMode"": ""Read, Write, Delete"", ""AllocationSize"": ""n/a"", ""OpenResult"": ""Opened""}"
378770,2026-09-10T14:03:00.103295+00:00,134335225801032950,5832,Env.exe,File_System,QueryBasicInformationFile,C:\Windows\SysWOW64\CoreMessaging.dll,0x00000000,"{""CreationTime"": 132780004941988808, ""LastAccessTime"": 132780004942144870, ""LastWriteTime"": 132780004942144870, ""ChangeTime"": 134335053931988978, ""FileAttributes"": ""A""}"
378771,2026-09-10T14:03:00.103371+00:00,134335225801033715,5832,Env.exe,File_System,CloseFile,C:\Windows\SysWOW64\CoreMessaging.dll,0x00000000,{}
378772,2026-09-10T14:03:00.103475+00:00,134335225801034756,5832,Env.exe,File_System,IRP_MJ_CLOSE,C:\Windows\SysWOW64\CoreMessaging.dll,0x00000000,{}
378773,2026-09-10T14:03:00.104339+00:00,134335225801043393,5832,Env.exe,File_System,CreateFileMapping,C:\Windows\SysWOW64\CoreUIComponents.dll,0x0000012a,"{""SyncType"": ""SyncTypeCreateSection"", ""PageProtection"": ""PAGE_EXECUTE""}"
378774,2026-09-10T14:03:00.104445+00:00,134335225801044453,5832,Env.exe,File_System,QueryStandardInformationFile,C:\Windows\SysWOW64\CoreUIComponents.dll,0x00000000,"{""AllocationSize"": 2625536, ""EndOfFile"": 2621720, ""NumberOfLinks"": 2, ""DeletePending"": false, ""Directory"": false}"
378775,2026-09-10T14:03:00.104490+00:00,134335225801044904,5832,Env.exe,File_System,CreateFile,C:\Windows\SysWOW64\CoreMessaging.dll,0x00000000,"{""Desired Access"": ""Read Data/List Directory, Execute/Traverse, Synchronize"", ""Disposition"": ""Open"", ""Options"": ""Synchronous IO Non-Alert, Non-Directory File"", ""Attributes"": ""n/a"", ""ShareMode"": ""Read, Delete"", ""AllocationSize"": ""n/a"", ""OpenResult"": ""Opened""}"
378776,2026-09-10T14:03:00.104586+00:00,134335225801045862,5832,Env.exe,File_System,ReadFile,C:\Windows\SysWOW64\CoreUIComponents.dll,0x00000000,"{""Offset"": 0, ""Length"": 4096, ""I/O Flags"": ""Non-cached, Paging I/O, Synchronous Paging I/O"", ""Priority"": ""Normal""}"
378777,2026-09-10T14:03:00.105018+00:00,134335225801050185,5832,Env.exe,File_System,QueryEAFile,C:\Windows\SysWOW64\CoreMessaging.dll,0x00000000,{}
378778,2026-09-10T14:03:00.106114+00:00,134335225801061141,5832,Env.exe,File_System,FASTIO_RELEASE_FOR_SECTION_SYNCHRONIZATION,C:\Windows\SysWOW64\CoreUIComponents.dll,0x00000000,{}
378779,2026-09-10T14:03:00.106499+00:00,134335225801064992,5832,Env.exe,File_System,CreateFileMapping,C:\Windows\SysWOW64\CoreMessaging.dll,0x0000012a,"{""SyncType"": ""SyncTypeCreateSection"", ""PageProtection"": ""PAGE_EXECUTE""}"
378780,2026-09-10T14:03:00.106520+00:00,134335225801065209,5832,Env.exe,File_System,ReadFile,C:\Windows\SysWOW64\CoreUIComponents.dll,0x00000000,"{""Offset"": 1602560, ""Length"": 16384, ""I/O Flags"": ""Non-cached, Paging I/O, Synchronous Paging I/O"", ""Priority"": ""Normal""}"
378781,2026-09-10T14:03:00.106587+00:00,134335225801065873,5832,Env.exe,File_System,QueryStandardInformationFile,C:\Windows\SysWOW64\CoreMessaging.dll,0x00000000,"{""AllocationSize"": 630784, ""EndOfFile"": 630592, ""NumberOfLinks"": 2, ""DeletePending"": false, ""Directory"": false}"
378782,2026-09-10T14:03:00.106691+00:00,134335225801066918,5832,Env.exe,File_System,ReadFile,C:\Windows\SysWOW64\CoreMessaging.dll,0x00000000,"{""Offset"": 0, ""Length"": 4096, ""I/O Flags"": ""Non-cached, Paging I/O, Synchronous Paging I/O"", ""Priority"": ""Normal""}"
378783,2026-09-10T14:03:00.108813+00:00,134335225801088131,5832,Env.exe,File_System,FASTIO_RELEASE_FOR_SECTION_SYNCHRONIZATION,C:\Windows\SysWOW64\CoreMessaging.dll,0x00000000,{}
378784,2026-09-10T14:03:00.109102+00:00,134335225801091028,5832,Env.exe,File_System,ReadFile,C:\Windows\SysWOW64\CoreMessaging.dll,0x00000000,"{""Offset"": 486400, ""Length"": 16384, ""I/O Flags"": ""Non-cached, Paging I/O, Synchronous Paging I/O"", ""Priority"": ""Normal""}"
378785,2026-09-10T14:03:00.109261+00:00,134335225801092611,5832,Env.exe,File_System,ReadFile,C:\Windows\SysWOW64\CoreUIComponents.dll,0x00000000,"{""Offset"": 1545216, ""Length"": 16384, ""I/O Flags"": ""Non-cached, Paging I/O, Synchronous Paging I/O"", ""Priority"": ""Normal""}"
378786,2026-09-10T14:03:00.110219+00:00,134335225801102194,5832,Env.exe,File_System,ReadFile,C:\Windows\SysWOW64\CoreMessaging.dll,0x00000000,"{""Offset"": 420864, ""Length"": 16384, ""I/O Flags"": ""Non-cached, Paging I/O, Synchronous Paging I/O"", ""Priority"": ""Normal""}"
378787,2026-09-10T14:03:00.110515+00:00,134335225801105150,5832,Env.exe,File_System,ReadFile,C:\Windows\SysWOW64\CoreUIComponents.dll,0x00000000,"{""Offset"": 1491968, ""Length"": 16384, ""I/O Flags"": ""Non-cached, Paging I/O, Synchronous Paging I/O"", ""Priority"": ""Normal""}"
378789,2026-09-10T14:03:00.111293+00:00,134335225801112937,5832,Env.exe,File_System,ReadFile,C:\Windows\SysWOW64\CoreMessaging.dll,0x00000000,"{""Offset"": 412672, ""Length"": 8192, ""I/O Flags"": ""Non-cached, Paging I/O, Synchronous Paging I/O"", ""Priority"": ""Normal""}"
378790,2026-09-10T14:03:00.111557+00:00,134335225801115576,5832,Env.exe,File_System,ReadFile,C:\Windows\SysWOW64\CoreUIComponents.dll,0x00000000,"{""Offset"": 1508352, ""Length"": 16384, ""I/O Flags"": ""Non-cached, Paging I/O, Synchronous Paging I/O"", ""Priority"": ""Normal""}"
378791,2026-09-10T14:03:00.112307+00:00,134335225801123070,5832,Env.exe,File_System,ReadFile,C:\Windows\SysWOW64\CoreUIComponents.dll,0x00000000,"{""Offset"": 1524736, ""Length"": 16384, ""I/O Flags"": ""Non-cached, Paging I/O, Synchronous Paging I/O"", ""Priority"": ""Normal""}"
378792,2026-09-10T14:03:00.113001+00:00,134335225801130015,5832,Env.exe,File_System,ReadFile,C:\Windows\SysWOW64\CoreMessaging.dll,0x00000000,"{""Offset"": 586752, ""Length"": 16384, ""I/O Flags"": ""Non-cached, Paging I/O, Synchronous Paging I/O"", ""Priority"": ""Normal""}"
378793,2026-09-10T14:03:00.113891+00:00,134335225801138911,5832,Env.exe,File_System,ReadFile,C:\Windows\SysWOW64\CoreMessaging.dll,0x00000000,"{""Offset"": 603136, ""Length"": 13312, ""I/O Flags"": ""Non-cached, Paging I/O, Synchronous Paging I/O"", ""Priority"": ""Normal""}"
378794,2026-09-10T14:03:00.115624+00:00,134335225801156242,5832,Env.exe,File_System,CreateFileMapping,C:\Windows\SysWOW64\CoreMessaging.dll,0x00000000,"{""SyncType"": ""SyncTypeOther""}"
378795,2026-09-10T14:03:00.115702+00:00,134335225801157021,5832,Env.exe,File_System,FASTIO_RELEASE_FOR_SECTION_SYNCHRONIZATION,C:\Windows\SysWOW64\CoreMessaging.dll,0x00000000,{}
378796,2026-09-10T14:03:00.115981+00:00,134335225801159812,5832,Env.exe,File_System,ReadFile,C:\Windows\SysWOW64\CoreUIComponents.dll,0x00000000,"{""Offset"": 2448896, ""Length"": 16384, ""I/O Flags"": ""Non-cached, Paging I/O, Synchronous Paging I/O"", ""Priority"": ""Normal""}"
378798,2026-09-10T14:03:00.116598+00:00,134335225801165981,5832,Env.exe,Process,Load_Image,C:\Windows\SysWOW64\CoreMessaging.dll,0x00000000,"{""Image Base"": 1952514048, ""Image Size"": 634880}"
378799,2026-09-10T14:03:00.116813+00:00,134335225801168139,5832,Env.exe,File_System,ReadFile,C:\Windows\SysWOW64\CoreUIComponents.dll,0x00000000,"{""Offset"": 2465280, ""Length"": 16384, ""I/O Flags"": ""Non-cached, Paging I/O, Synchronous Paging I/O"", ""Priority"": ""Normal""}"
378800,2026-09-10T14:03:00.117050+00:00,134335225801170501,5832,Env.exe,File_System,ReadFile,C:\Windows\SysWOW64\CoreMessaging.dll,0x00000000,"{""Offset"": 527360, ""Length"": 1536, ""I/O Flags"": ""Non-cached, Paging I/O, Synchronous Paging I/O"", ""Priority"": ""Normal""}"
378801,2026-09-10T14:03:00.117740+00:00,134335225801177406,5832,Env.exe,File_System,ReadFile,C:\Windows\SysWOW64\CoreUIComponents.dll,0x00000000,"{""Offset"": 2481664, ""Length"": 16384, ""I/O Flags"": ""Non-cached, Paging I/O, Synchronous Paging I/O"", ""Priority"": ""Normal""}"
378802,2026-09-10T14:03:00.118263+00:00,134335225801182630,5832,Env.exe,File_System,ReadFile,C:\Windows\SysWOW64\CoreMessaging.dll,0x00000000,"{""Offset"": 510976, ""Length"": 16384, ""I/O Flags"": ""Non-cached, Paging I/O, Synchronous Paging I/O"", ""Priority"": ""Normal""}"
378803,2026-09-10T14:03:00.118346+00:00,134335225801183468,5832,Env.exe,File_System,ReadFile,C:\Windows\SysWOW64\CoreUIComponents.dll,0x00000000,"{""Offset"": 2498048, ""Length"": 16384, ""I/O Flags"": ""Non-cached, Paging I/O, Synchronous Paging I/O"", ""Priority"": ""Normal""}"
378804,2026-09-10T14:03:00.119204+00:00,134335225801192041,5832,Env.exe,File_System,ReadFile,C:\Windows\SysWOW64\CoreMessaging.dll,0x00000000,"{""Offset"": 528896, ""Length"": 512, ""I/O Flags"": ""Non-cached, Paging I/O, Synchronous Paging I/O"", ""Priority"": ""Normal""}"
378805,2026-09-10T14:03:00.119265+00:00,134335225801192654,5832,Env.exe,File_System,ReadFile,C:\Windows\SysWOW64\CoreUIComponents.dll,0x00000000,"{""Offset"": 2514432, ""Length"": 16384, ""I/O Flags"": ""Non-cached, Paging I/O, Synchronous Paging I/O"", ""Priority"": ""Normal""}"
378806,2026-09-10T14:03:00.119908+00:00,134335225801199080,5832,Env.exe,File_System,ReadFile,C:\Windows\SysWOW64\CoreUIComponents.dll,0x00000000,"{""Offset"": 2530816, ""Length"": 16384, ""I/O Flags"": ""Non-cached, Paging I/O, Synchronous Paging I/O"", ""Priority"": ""Normal""}"
378807,2026-09-10T14:03:00.120108+00:00,134335225801201087,5832,Env.exe,File_System,ReadFile,C:\Windows\SysWOW64\CoreMessaging.dll,0x00000000,"{""Offset"": 529408, ""Length"": 16384, ""I/O Flags"": ""Non-cached, Paging I/O, Synchronous Paging I/O"", ""Priority"": ""Normal""}"
378808,2026-09-10T14:03:00.120513+00:00,134335225801205134,5832,Env.exe,File_System,ReadFile,C:\Windows\SysWOW64\CoreUIComponents.dll,0x00000000,"{""Offset"": 2547200, ""Length"": 16384, ""I/O Flags"": ""Non-cached, Paging I/O, Synchronous Paging I/O"", ""Priority"": ""Normal""}"
378809,2026-09-10T14:03:00.120973+00:00,134335225801209731,5832,Env.exe,File_System,ReadFile,C:\Windows\SysWOW64\CoreUIComponents.dll,0x00000000,"{""Offset"": 2563584, ""Length"": 16384, ""I/O Flags"": ""Non-cached, Paging I/O, Synchronous Paging I/O"", ""Priority"": ""Normal""}"
378810,2026-09-10T14:03:00.121087+00:00,134335225801210873,5832,Env.exe,File_System,CloseFile,C:\Windows\SysWOW64\CoreMessaging.dll,0x00000000,{}
378811,2026-09-10T14:03:00.121562+00:00,134335225801215628,5832,Env.exe,File_System,ReadFile,C:\Windows\SysWOW64\CoreUIComponents.dll,0x00000000,"{""Offset"": 2579968, ""Length"": 10240, ""I/O Flags"": ""Non-cached, Paging I/O, Synchronous Paging I/O"", ""Priority"": ""Normal""}"
378825,2026-09-10T14:03:00.126018+00:00,134335225801260181,5832,Env.exe,File_System,CreateFileMapping,C:\Windows\SysWOW64\CoreUIComponents.dll,0x00000000,"{""SyncType"": ""SyncTypeOther""}"
378826,2026-09-10T14:03:00.126135+00:00,134335225801261355,5832,Env.exe,File_System,FASTIO_RELEASE_FOR_SECTION_SYNCHRONIZATION,C:\Windows\SysWOW64\CoreUIComponents.dll,0x00000000,{}
378827,2026-09-10T14:03:00.126834+00:00,134335225801268345,5832,Env.exe,Process,Load_Image,C:\Windows\SysWOW64\CoreUIComponents.dll,0x00000000,"{""Image Base"": 1949892608, ""Image Size"": 2613248}"
378828,2026-09-10T14:03:00.127184+00:00,134335225801271841,5832,Env.exe,File_System,ReadFile,C:\Windows\SysWOW64\CoreUIComponents.dll,0x00000000,"{""Offset"": 2187776, ""Length"": 2048, ""I/O Flags"": ""Non-cached, Paging I/O, Synchronous Paging I/O"", ""Priority"": ""Normal""}"
378831,2026-09-10T14:03:00.128155+00:00,134335225801281552,5832,Env.exe,File_System,ReadFile,C:\Windows\SysWOW64\CoreUIComponents.dll,0x00000000,"{""Offset"": 2171904, ""Length"": 15872, ""I/O Flags"": ""Non-cached, Paging I/O, Synchronous Paging I/O"", ""Priority"": ""Normal""}"
378835,2026-09-10T14:03:00.128921+00:00,134335225801289216,5832,Env.exe,File_System,ReadFile,C:\Windows\SysWOW64\CoreUIComponents.dll,0x00000000,"{""Offset"": 2189824, ""Length"": 512, ""I/O Flags"": ""Non-cached, Paging I/O, Synchronous Paging I/O"", ""Priority"": ""Normal""}"
378837,2026-09-10T14:03:00.129578+00:00,134335225801295784,5832,Env.exe,File_System,ReadFile,C:\Windows\SysWOW64\CoreUIComponents.dll,0x00000000,"{""Offset"": 2190336, ""Length"": 16384, ""I/O Flags"": ""Non-cached, Paging I/O, Synchronous Paging I/O"", ""Priority"": ""Normal""}"
378844,2026-09-10T14:03:00.130773+00:00,134335225801307737,5832,Env.exe,File_System,CloseFile,C:\Windows\SysWOW64\CoreUIComponents.dll,0x00000000,{}
378848,2026-09-10T14:03:00.133089+00:00,134335225801330892,5832,Env.exe,File_System,QueryOpen,C:\Windows\SysWOW64\ntmarta.dll,0xc01c0004,{}
378853,2026-09-10T14:03:00.135873+00:00,134335225801358739,5832,Env.exe,File_System,CreateFile,C:\Windows\SysWOW64\ntmarta.dll,0x00000000,"{""Desired Access"": ""Read Attributes"", ""Disposition"": ""Open"", ""Options"": ""Open Reparse Point"", ""Attributes"": ""n/a"", ""ShareMode"": ""Read, Write, Delete"", ""AllocationSize"": ""n/a"", ""OpenResult"": ""Opened""}"
378855,2026-09-10T14:03:00.136764+00:00,134335225801367640,5832,Env.exe,File_System,QueryBasicInformationFile,C:\Windows\SysWOW64\ntmarta.dll,0x00000000,"{""CreationTime"": 132780004953238762, ""LastAccessTime"": 134335225720824579, ""LastWriteTime"": 132780004953238762, ""ChangeTime"": 134335054167300792, ""FileAttributes"": ""A""}"
378856,2026-09-10T14:03:00.136847+00:00,134335225801368471,5832,Env.exe,File_System,CloseFile,C:\Windows\SysWOW64\ntmarta.dll,0x00000000,{}
378859,2026-09-10T14:03:00.136956+00:00,134335225801369568,5832,Env.exe,File_System,IRP_MJ_CLOSE,C:\Windows\SysWOW64\ntmarta.dll,0x00000000,{}
378864,2026-09-10T14:03:00.137786+00:00,134335225801377868,5832,Env.exe,File_System,CreateFile,C:\Windows\SysWOW64\ntmarta.dll,0x00000000,"{""Desired Access"": ""Read Data/List Directory, Execute/Traverse, Synchronize"", ""Disposition"": ""Open"", ""Options"": ""Synchronous IO Non-Alert, Non-Directory File"", ""Attributes"": ""n/a"", ""ShareMode"": ""Read, Delete"", ""AllocationSize"": ""n/a"", ""OpenResult"": ""Opened""}"
378865,2026-09-10T14:03:00.138238+00:00,134335225801382386,5832,Env.exe,File_System,CreateFileMapping,C:\Windows\SysWOW64\ntmarta.dll,0x0000012a,"{""SyncType"": ""SyncTypeCreateSection"", ""PageProtection"": ""PAGE_EXECUTE""}"
378866,2026-09-10T14:03:00.138329+00:00,134335225801383299,5832,Env.exe,File_System,FASTIO_RELEASE_FOR_SECTION_SYNCHRONIZATION,C:\Windows\SysWOW64\ntmarta.dll,0x00000000,{}
378867,2026-09-10T14:03:00.138420+00:00,134335225801384207,5832,Env.exe,File_System,CreateFileMapping,C:\Windows\SysWOW64\ntmarta.dll,0x00000000,"{""SyncType"": ""SyncTypeOther""}"
378868,2026-09-10T14:03:00.138485+00:00,134335225801384854,5832,Env.exe,File_System,FASTIO_RELEASE_FOR_SECTION_SYNCHRONIZATION,C:\Windows\SysWOW64\ntmarta.dll,0x00000000,{}
378892,2026-09-10T14:03:00.144873+00:00,134335225801448734,5832,Env.exe,File_System,QueryOpen,C:\Windows\SysWOW64\WinTypes.dll,0xc01c0004,{}
378894,2026-09-10T14:03:00.145850+00:00,134335225801458501,5832,Env.exe,File_System,CreateFile,C:\Windows\SysWOW64\WinTypes.dll,0x00000000,"{""Desired Access"": ""Read Attributes"", ""Disposition"": ""Open"", ""Options"": ""Open Reparse Point"", ""Attributes"": ""n/a"", ""ShareMode"": ""Read, Write, Delete"", ""AllocationSize"": ""n/a"", ""OpenResult"": ""Opened""}"
378898,2026-09-10T14:03:00.147653+00:00,134335225801476530,5832,Env.exe,File_System,QueryBasicInformationFile,C:\Windows\SysWOW64\WinTypes.dll,0x00000000,"{""CreationTime"": 132780004951050257, ""LastAccessTime"": 132780004951207501, ""LastWriteTime"": 132780004951207501, ""ChangeTime"": 134335054326346847, ""FileAttributes"": ""A""}"
378899,2026-09-10T14:03:00.147734+00:00,134335225801477345,5832,Env.exe,File_System,CloseFile,C:\Windows\SysWOW64\WinTypes.dll,0x00000000,{}
378900,2026-09-10T14:03:00.147830+00:00,134335225801478303,5832,Env.exe,File_System,IRP_MJ_CLOSE,C:\Windows\SysWOW64\WinTypes.dll,0x00000000,{}
378901,2026-09-10T14:03:00.148352+00:00,134335225801483521,5832,Env.exe,File_System,QueryOpen,C:\Windows\SysWOW64\WinTypes.dll,0xc01c0004,{}
378911,2026-09-10T14:03:00.151824+00:00,134335225801518249,5832,Env.exe,File_System,CreateFile,C:\Windows\SysWOW64\WinTypes.dll,0x00000000,"{""Desired Access"": ""Read Data/List Directory, Execute/Traverse, Synchronize"", ""Disposition"": ""Open"", ""Options"": ""Synchronous IO Non-Alert, Non-Directory File"", ""Attributes"": ""n/a"", ""ShareMode"": ""Read, Delete"", ""AllocationSize"": ""n/a"", ""OpenResult"": ""Opened""}"
378912,2026-09-10T14:03:00.152301+00:00,134335225801523013,5832,Env.exe,File_System,CreateFile,C:\Windows\SysWOW64\WinTypes.dll,0x00000000,"{""Desired Access"": ""Read Attributes"", ""Disposition"": ""Open"", ""Options"": ""Open Reparse Point"", ""Attributes"": ""n/a"", ""ShareMode"": ""Read, Write, Delete"", ""AllocationSize"": ""n/a"", ""OpenResult"": ""Opened""}"
378913,2026-09-10T14:03:00.152731+00:00,134335225801527317,5832,Env.exe,File_System,QueryBasicInformationFile,C:\Windows\SysWOW64\WinTypes.dll,0x00000000,"{""CreationTime"": 132780004951050257, ""LastAccessTime"": 132780004951207501, ""LastWriteTime"": 132780004951207501, ""ChangeTime"": 134335054326346847, ""FileAttributes"": ""A""}"
378914,2026-09-10T14:03:00.152812+00:00,134335225801528128,5832,Env.exe,File_System,CloseFile,C:\Windows\SysWOW64\WinTypes.dll,0x00000000,{}
378916,2026-09-10T14:03:00.152970+00:00,134335225801529707,5832,Env.exe,File_System,IRP_MJ_CLOSE,C:\Windows\SysWOW64\WinTypes.dll,0x00000000,{}
378917,2026-09-10T14:03:00.154370+00:00,134335225801543703,5832,Env.exe,File_System,QueryEAFile,C:\Windows\SysWOW64\WinTypes.dll,0x00000000,{}
378918,2026-09-10T14:03:00.154669+00:00,134335225801546699,5832,Env.exe,File_System,CreateFile,C:\Windows\SysWOW64\WinTypes.dll,0x00000000,"{""Desired Access"": ""Read Data/List Directory, Execute/Traverse, Synchronize"", ""Disposition"": ""Open"", ""Options"": ""Synchronous IO Non-Alert, Non-Directory File"", ""Attributes"": ""n/a"", ""ShareMode"": ""Read, Delete"", ""AllocationSize"": ""n/a"", ""OpenResult"": ""Opened""}"
378922,2026-09-10T14:03:00.155271+00:00,134335225801552719,5832,Env.exe,File_System,QueryEAFile,C:\Windows\SysWOW64\WinTypes.dll,0x00000000,{}
378931,2026-09-10T14:03:00.157253+00:00,134335225801572531,5832,Env.exe,Process,Load_Image,C:\Windows\SysWOW64\ntmarta.dll,0x00000000,"{""Image Base"": 1958150144, ""Image Size"": 167936}"
378932,2026-09-10T14:03:00.158165+00:00,134335225801581658,5832,Env.exe,File_System,CloseFile,C:\Windows\SysWOW64\ntmarta.dll,0x00000000,{}
378934,2026-09-10T14:03:00.158382+00:00,134335225801583824,5832,Env.exe,File_System,IRP_MJ_CLOSE,C:\Windows\SysWOW64\ntmarta.dll,0x00000000,{}
378940,2026-09-10T14:03:00.159338+00:00,134335225801593386,5832,Env.exe,File_System,QueryOpen,C:\Windows\SysWOW64\WinTypes.dll,0xc01c0004,{}
378942,2026-09-10T14:03:00.160307+00:00,134335225801603072,5832,Env.exe,File_System,CreateFile,C:\Windows\SysWOW64\WinTypes.dll,0x00000000,"{""Desired Access"": ""Read Attributes"", ""Disposition"": ""Open"", ""Options"": ""Open Reparse Point"", ""Attributes"": ""n/a"", ""ShareMode"": ""Read, Write, Delete"", ""AllocationSize"": ""n/a"", ""OpenResult"": ""Opened""}"
378943,2026-09-10T14:03:00.160417+00:00,134335225801604174,5832,Env.exe,File_System,CreateFileMapping,C:\Windows\SysWOW64\WinTypes.dll,0x0000012a,"{""SyncType"": ""SyncTypeCreateSection"", ""PageProtection"": ""PAGE_EXECUTE""}"
378944,2026-09-10T14:03:00.160526+00:00,134335225801605269,5832,Env.exe,File_System,QueryStandardInformationFile,C:\Windows\SysWOW64\WinTypes.dll,0x00000000,"{""AllocationSize"": 897024, ""EndOfFile"": 896096, ""NumberOfLinks"": 2, ""DeletePending"": false, ""Directory"": false}"
378945,2026-09-10T14:03:00.160736+00:00,134335225801607365,5832,Env.exe,File_System,ReadFile,C:\Windows\SysWOW64\WinTypes.dll,0x00000000,"{""Offset"": 0, ""Length"": 4096, ""I/O Flags"": ""Non-cached, Paging I/O, Synchronous Paging I/O"", ""Priority"": ""Normal""}"
378947,2026-09-10T14:03:00.161849+00:00,134335225801618493,5832,Env.exe,File_System,FASTIO_RELEASE_FOR_SECTION_SYNCHRONIZATION,C:\Windows\SysWOW64\WinTypes.dll,0x00000000,{}
378948,2026-09-10T14:03:00.162244+00:00,134335225801622449,5832,Env.exe,File_System,ReadFile,C:\Windows\SysWOW64\WinTypes.dll,0x00000000,"{""Offset"": 181248, ""Length"": 32768, ""I/O Flags"": ""Non-cached, Paging I/O, Synchronous Paging I/O"", ""Priority"": ""Normal""}"
378949,2026-09-10T14:03:00.162602+00:00,134335225801626024,5832,Env.exe,File_System,QueryBasicInformationFile,C:\Windows\SysWOW64\WinTypes.dll,0x00000000,"{""CreationTime"": 132780004951050257, ""LastAccessTime"": 132780004951207501, ""LastWriteTime"": 132780004951207501, ""ChangeTime"": 134335054326346847, ""FileAttributes"": ""A""}"
378950,2026-09-10T14:03:00.162696+00:00,134335225801626969,5832,Env.exe,File_System,CloseFile,C:\Windows\SysWOW64\WinTypes.dll,0x00000000,{}
378951,2026-09-10T14:03:00.163006+00:00,134335225801630066,5832,Env.exe,File_System,CreateFileMapping,C:\Windows\SysWOW64\WinTypes.dll,0x0000012a,"{""SyncType"": ""SyncTypeCreateSection"", ""PageProtection"": ""PAGE_EXECUTE""}"
378952,2026-09-10T14:03:00.163227+00:00,134335225801632278,5832,Env.exe,File_System,IRP_MJ_CLOSE,C:\Windows\SysWOW64\WinTypes.dll,0x00000000,{}
378953,2026-09-10T14:03:00.163856+00:00,134335225801638567,5832,Env.exe,File_System,ReadFile,C:\Windows\SysWOW64\WinTypes.dll,0x00000000,"{""Offset"": 29696, ""Length"": 32768, ""I/O Flags"": ""Non-cached, Paging I/O, Synchronous Paging I/O"", ""Priority"": ""Normal""}"
378954,2026-09-10T14:03:00.164263+00:00,134335225801642638,5832,Env.exe,File_System,CreateFile,C:\Windows\SysWOW64\WinTypes.dll,0x00000000,"{""Desired Access"": ""Read Data/List Directory, Execute/Traverse, Synchronize"", ""Disposition"": ""Open"", ""Options"": ""Synchronous IO Non-Alert, Non-Directory File"", ""Attributes"": ""n/a"", ""ShareMode"": ""Read, Delete"", ""AllocationSize"": ""n/a"", ""OpenResult"": ""Opened""}"
378956,2026-09-10T14:03:00.165064+00:00,134335225801650649,5832,Env.exe,File_System,CreateFileMapping,C:\Windows\SysWOW64\WinTypes.dll,0x0000012a,"{""SyncType"": ""SyncTypeCreateSection"", ""PageProtection"": ""PAGE_EXECUTE""}"
378957,2026-09-10T14:03:00.165105+00:00,134335225801651056,5832,Env.exe,File_System,ReadFile,C:\Windows\SysWOW64\WinTypes.dll,0x00000000,"{""Offset"": 148480, ""Length"": 32768, ""I/O Flags"": ""Non-cached, Paging I/O, Synchronous Paging I/O"", ""Priority"": ""Normal""}"
378959,2026-09-10T14:03:00.165387+00:00,134335225801653874,5832,Env.exe,File_System,FASTIO_RELEASE_FOR_SECTION_SYNCHRONIZATION,C:\Windows\SysWOW64\WinTypes.dll,0x00000000,{}
378960,2026-09-10T14:03:00.165664+00:00,134335225801656642,5832,Env.exe,File_System,FASTIO_RELEASE_FOR_SECTION_SYNCHRONIZATION,C:\Windows\SysWOW64\WinTypes.dll,0x00000000,{}
378966,2026-09-10T14:03:00.167180+00:00,134335225801671807,5832,Env.exe,File_System,ReadFile,C:\Windows\SysWOW64\WinTypes.dll,0x00000000,"{""Offset"": 788480, ""Length"": 16384, ""I/O Flags"": ""Non-cached, Paging I/O, Synchronous Paging I/O"", ""Priority"": ""Normal""}"
378972,2026-09-10T14:03:00.167970+00:00,134335225801679701,5832,Env.exe,File_System,ReadFile,C:\Windows\SysWOW64\WinTypes.dll,0x00000000,"{""Offset"": 804864, ""Length"": 16384, ""I/O Flags"": ""Non-cached, Paging I/O, Synchronous Paging I/O"", ""Priority"": ""Normal""}"
378973,2026-09-10T14:03:00.168836+00:00,134335225801688362,5832,Env.exe,File_System,ReadFile,C:\Windows\SysWOW64\WinTypes.dll,0x00000000,"{""Offset"": 821248, ""Length"": 16384, ""I/O Flags"": ""Non-cached, Paging I/O, Synchronous Paging I/O"", ""Priority"": ""Normal""}"
378976,2026-09-10T14:03:00.169606+00:00,134335225801696067,5832,Env.exe,File_System,ReadFile,C:\Windows\SysWOW64\WinTypes.dll,0x00000000,"{""Offset"": 837632, ""Length"": 16384, ""I/O Flags"": ""Non-cached, Paging I/O, Synchronous Paging I/O"", ""Priority"": ""Normal""}"
378977,2026-09-10T14:03:00.170250+00:00,134335225801702506,5832,Env.exe,File_System,ReadFile,C:\Windows\SysWOW64\WinTypes.dll,0x00000000,"{""Offset"": 854016, ""Length"": 16384, ""I/O Flags"": ""Non-cached, Paging I/O, Synchronous Paging I/O"", ""Priority"": ""Normal""}"
378979,2026-09-10T14:03:00.170790+00:00,134335225801707909,5832,Env.exe,File_System,ReadFile,C:\Windows\SysWOW64\WinTypes.dll,0x00000000,"{""Offset"": 870400, ""Length"": 9216, ""I/O Flags"": ""Non-cached, Paging I/O, Synchronous Paging I/O"", ""Priority"": ""Normal""}"
378990,2026-09-10T14:03:00.174037+00:00,134335225801740378,5832,Env.exe,File_System,CreateFileMapping,C:\Windows\SysWOW64\WinTypes.dll,0x0000012a,"{""SyncType"": ""SyncTypeCreateSection"", ""PageProtection"": ""PAGE_EXECUTE""}"
378991,2026-09-10T14:03:00.174119+00:00,134335225801741194,5832,Env.exe,File_System,FASTIO_RELEASE_FOR_SECTION_SYNCHRONIZATION,C:\Windows\SysWOW64\WinTypes.dll,0x00000000,{}
378992,2026-09-10T14:03:00.174187+00:00,134335225801741874,5832,Env.exe,File_System,CreateFileMapping,C:\Windows\SysWOW64\WinTypes.dll,0x00000000,"{""SyncType"": ""SyncTypeOther""}"
378993,2026-09-10T14:03:00.174234+00:00,134335225801742346,5832,Env.exe,File_System,FASTIO_RELEASE_FOR_SECTION_SYNCHRONIZATION,C:\Windows\SysWOW64\WinTypes.dll,0x00000000,{}
378995,2026-09-10T14:03:00.174329+00:00,134335225801743297,5832,Env.exe,File_System,CreateFileMapping,C:\Windows\SysWOW64\WinTypes.dll,0x0000012a,"{""SyncType"": ""SyncTypeCreateSection"", ""PageProtection"": ""PAGE_EXECUTE""}"
378996,2026-09-10T14:03:00.174397+00:00,134335225801743979,5832,Env.exe,File_System,FASTIO_RELEASE_FOR_SECTION_SYNCHRONIZATION,C:\Windows\SysWOW64\WinTypes.dll,0x00000000,{}
378997,2026-09-10T14:03:00.174462+00:00,134335225801744627,5832,Env.exe,File_System,CreateFileMapping,C:\Windows\SysWOW64\WinTypes.dll,0x00000000,"{""SyncType"": ""SyncTypeOther""}"
378998,2026-09-10T14:03:00.174519+00:00,134335225801745190,5832,Env.exe,File_System,FASTIO_RELEASE_FOR_SECTION_SYNCHRONIZATION,C:\Windows\SysWOW64\WinTypes.dll,0x00000000,{}
379004,2026-09-10T14:03:00.175318+00:00,134335225801753186,5832,Env.exe,Process,Load_Image,C:\Windows\SysWOW64\WinTypes.dll,0x00000000,"{""Image Base"": 1948975104, ""Image Size"": 897024}"
379006,2026-09-10T14:03:00.175654+00:00,134335225801756545,5832,Env.exe,Process,Load_Image,C:\Windows\SysWOW64\WinTypes.dll,0x00000000,"{""Image Base"": 72744960, ""Image Size"": 897024}"
379007,2026-09-10T14:03:00.175722+00:00,134335225801757220,5832,Env.exe,File_System,ReadFile,C:\Windows\SysWOW64\WinTypes.dll,0x00000000,"{""Offset"": 766976, ""Length"": 6656, ""I/O Flags"": ""Non-cached, Paging I/O, Synchronous Paging I/O"", ""Priority"": ""Normal""}"
379008,2026-09-10T14:03:00.176126+00:00,134335225801761262,5832,Env.exe,File_System,CreateFileMapping,C:\Windows\SysWOW64\WinTypes.dll,0x00000000,"{""SyncType"": ""SyncTypeOther""}"
379009,2026-09-10T14:03:00.176252+00:00,134335225801762529,5832,Env.exe,File_System,FASTIO_RELEASE_FOR_SECTION_SYNCHRONIZATION,C:\Windows\SysWOW64\WinTypes.dll,0x00000000,{}
379010,2026-09-10T14:03:00.176528+00:00,134335225801765289,5832,Env.exe,File_System,ReadFile,C:\Windows\SysWOW64\WinTypes.dll,0x00000000,"{""Offset"": 773632, ""Length"": 2560, ""I/O Flags"": ""Non-cached, Paging I/O, Synchronous Paging I/O"", ""Priority"": ""Normal""}"
379011,2026-09-10T14:03:00.177007+00:00,134335225801770075,5832,Env.exe,File_System,CloseFile,C:\Windows\SysWOW64\WinTypes.dll,0x00000000,{}
379012,2026-09-10T14:03:00.177390+00:00,134335225801773903,5832,Env.exe,Process,Load_Image,C:\Windows\SysWOW64\WinTypes.dll,0x00000000,"{""Image Base"": 73662464, ""Image Size"": 897024}"
379013,2026-09-10T14:03:00.177795+00:00,134335225801777959,5832,Env.exe,File_System,CloseFile,C:\Windows\SysWOW64\WinTypes.dll,0x00000000,{}
379014,2026-09-10T14:03:00.177880+00:00,134335225801778804,5832,Env.exe,File_System,IRP_MJ_CLOSE,C:\Windows\SysWOW64\WinTypes.dll,0x00000000,{}
379015,2026-09-10T14:03:00.178286+00:00,134335225801782862,5832,Env.exe,File_System,ReadFile,C:\Windows\SysWOW64\WinTypes.dll,0x00000000,"{""Offset"": 784384, ""Length"": 512, ""I/O Flags"": ""Non-cached, Paging I/O, Synchronous Paging I/O"", ""Priority"": ""Normal""}"
379020,2026-09-10T14:03:00.179340+00:00,134335225801793400,5832,Env.exe,File_System,ReadFile,C:\Windows\SysWOW64\WinTypes.dll,0x00000000,"{""Offset"": 784896, ""Length"": 3584, ""I/O Flags"": ""Non-cached, Paging I/O, Synchronous Paging I/O"", ""Priority"": ""Normal""}"
379021,2026-09-10T14:03:00.180040+00:00,134335225801800408,5832,Env.exe,File_System,ReadFile,C:\Windows\SysWOW64\WinTypes.dll,0x00000000,"{""Offset"": 776192, ""Length"": 8192, ""I/O Flags"": ""Non-cached, Paging I/O, Synchronous Paging I/O"", ""Priority"": ""Normal""}"
379022,2026-09-10T14:03:00.180910+00:00,134335225801809107,5832,Env.exe,File_System,CloseFile,C:\Windows\SysWOW64\WinTypes.dll,0x00000000,{}
379023,2026-09-10T14:03:00.181049+00:00,134335225801810499,5832,Env.exe,File_System,IRP_MJ_CLOSE,C:\Windows\SysWOW64\WinTypes.dll,0x00000000,{}
379024,2026-09-10T14:03:00.181722+00:00,134335225801817220,5832,Env.exe,File_System,ReadFile,C:\Windows\SysWOW64\CoreUIComponents.dll,0x00000000,"{""Offset"": 1811456, ""Length"": 16384, ""I/O Flags"": ""Non-cached, Paging I/O, Synchronous Paging I/O"", ""Priority"": ""Normal""}"
379025,2026-09-10T14:03:00.182548+00:00,134335225801825489,5832,Env.exe,File_System,ReadFile,C:\Windows\SysWOW64\CoreUIComponents.dll,0x00000000,"{""Offset"": 1954816, ""Length"": 16384, ""I/O Flags"": ""Non-cached, Paging I/O, Synchronous Paging I/O"", ""Priority"": ""Normal""}"
379027,2026-09-10T14:03:00.184809+00:00,134335225801848098,5832,Env.exe,File_System,CreateFile,C:\Windows\SysWOW64\ntmarta.dll,0x00000000,"{""Desired Access"": ""Read Control"", ""Disposition"": ""Open"", ""Options"": """", ""Attributes"": ""n/a"", ""ShareMode"": ""Read, Delete"", ""AllocationSize"": ""n/a"", ""OpenResult"": ""Opened""}"
379028,2026-09-10T14:03:00.185249+00:00,134335225801852496,5832,Env.exe,File_System,QuerySecurityFile,C:\Windows\SysWOW64\ntmarta.dll,0x80000005,"{""Information"": ""Owner""}"
379029,2026-09-10T14:03:00.185353+00:00,134335225801853538,5832,Env.exe,File_System,QuerySecurityFile,C:\Windows\SysWOW64\ntmarta.dll,0x00000000,"{""Information"": ""Owner""}"
379030,2026-09-10T14:03:00.185435+00:00,134335225801854353,5832,Env.exe,File_System,CloseFile,C:\Windows\SysWOW64\ntmarta.dll,0x00000000,{}
379031,2026-09-10T14:03:00.185540+00:00,134335225801855408,5832,Env.exe,File_System,IRP_MJ_CLOSE,C:\Windows\SysWOW64\ntmarta.dll,0x00000000,{}
379032,2026-09-10T14:03:00.186612+00:00,134335225801866120,5832,Env.exe,File_System,CreateFile,C:\Windows\SysWOW64\CoreMessaging.dll,0x00000000,"{""Desired Access"": ""Read Control"", ""Disposition"": ""Open"", ""Options"": """", ""Attributes"": ""n/a"", ""ShareMode"": ""Read, Delete"", ""AllocationSize"": ""n/a"", ""OpenResult"": ""Opened""}"
379033,2026-09-10T14:03:00.186894+00:00,134335225801868949,5832,Env.exe,File_System,QuerySecurityFile,C:\Windows\SysWOW64\CoreMessaging.dll,0x80000005,"{""Information"": ""Owner""}"
379034,2026-09-10T14:03:00.186979+00:00,134335225801869796,5832,Env.exe,File_System,QuerySecurityFile,C:\Windows\SysWOW64\CoreMessaging.dll,0x00000000,"{""Information"": ""Owner""}"
379035,2026-09-10T14:03:00.187052+00:00,134335225801870528,5832,Env.exe,File_System,CloseFile,C:\Windows\SysWOW64\CoreMessaging.dll,0x00000000,{}
379036,2026-09-10T14:03:00.187146+00:00,134335225801871469,5832,Env.exe,File_System,IRP_MJ_CLOSE,C:\Windows\SysWOW64\CoreMessaging.dll,0x00000000,{}
379037,2026-09-10T14:03:00.191494+00:00,134335225801914946,5832,Env.exe,File_System,CreateFile,C:\Windows\SysWOW64\WinTypes.dll,0x00000000,"{""Desired Access"": ""Read Control"", ""Disposition"": ""Open"", ""Options"": """", ""Attributes"": ""n/a"", ""ShareMode"": ""Read, Delete"", ""AllocationSize"": ""n/a"", ""OpenResult"": ""Opened""}"
379038,2026-09-10T14:03:00.191860+00:00,134335225801918609,5832,Env.exe,File_System,QuerySecurityFile,C:\Windows\SysWOW64\WinTypes.dll,0x80000005,"{""Information"": ""Owner""}"
379039,2026-09-10T14:03:00.191956+00:00,134335225801919566,5832,Env.exe,File_System,QuerySecurityFile,C:\Windows\SysWOW64\WinTypes.dll,0x00000000,"{""Information"": ""Owner""}"
379040,2026-09-10T14:03:00.192050+00:00,134335225801920509,5832,Env.exe,File_System,CloseFile,C:\Windows\SysWOW64\WinTypes.dll,0x00000000,{}
379041,2026-09-10T14:03:00.192154+00:00,134335225801921542,5832,Env.exe,File_System,IRP_MJ_CLOSE,C:\Windows\SysWOW64\WinTypes.dll,0x00000000,{}
379042,2026-09-10T14:03:00.193153+00:00,134335225801931538,5832,Env.exe,File_System,CreateFile,C:\Windows\SysWOW64\CoreUIComponents.dll,0x00000000,"{""Desired Access"": ""Read Control"", ""Disposition"": ""Open"", ""Options"": """", ""Attributes"": ""n/a"", ""ShareMode"": ""Read, Delete"", ""AllocationSize"": ""n/a"", ""OpenResult"": ""Opened""}"
379043,2026-09-10T14:03:00.193391+00:00,134335225801933917,5832,Env.exe,File_System,QuerySecurityFile,C:\Windows\SysWOW64\CoreUIComponents.dll,0x80000005,"{""Information"": ""Owner""}"
379044,2026-09-10T14:03:00.193477+00:00,134335225801934773,5832,Env.exe,File_System,QuerySecurityFile,C:\Windows\SysWOW64\CoreUIComponents.dll,0x00000000,"{""Information"": ""Owner""}"
379045,2026-09-10T14:03:00.193558+00:00,134335225801935583,5832,Env.exe,File_System,CloseFile,C:\Windows\SysWOW64\CoreUIComponents.dll,0x00000000,{}
379046,2026-09-10T14:03:00.193674+00:00,134335225801936741,5832,Env.exe,File_System,IRP_MJ_CLOSE,C:\Windows\SysWOW64\CoreUIComponents.dll,0x00000000,{}
379052,2026-09-10T14:03:00.194613+00:00,134335225801946134,5832,Env.exe,File_System,CreateFile,C:\Windows\SysWOW64\TextInputFramework.dll,0x00000000,"{""Desired Access"": ""Read Control"", ""Disposition"": ""Open"", ""Options"": """", ""Attributes"": ""n/a"", ""ShareMode"": ""Read, Delete"", ""AllocationSize"": ""n/a"", ""OpenResult"": ""Opened""}"
379055,2026-09-10T14:03:00.194840+00:00,134335225801948408,5832,Env.exe,File_System,QuerySecurityFile,C:\Windows\SysWOW64\TextInputFramework.dll,0x80000005,"{""Information"": ""Owner""}"
379057,2026-09-10T14:03:00.194924+00:00,134335225801949243,5832,Env.exe,File_System,QuerySecurityFile,C:\Windows\SysWOW64\TextInputFramework.dll,0x00000000,"{""Information"": ""Owner""}"
379058,2026-09-10T14:03:00.195002+00:00,134335225801950021,5832,Env.exe,File_System,CloseFile,C:\Windows\SysWOW64\TextInputFramework.dll,0x00000000,{}
379059,2026-09-10T14:03:00.195097+00:00,134335225801950972,5832,Env.exe,File_System,IRP_MJ_CLOSE,C:\Windows\SysWOW64\TextInputFramework.dll,0x00000000,{}
379061,2026-09-10T14:03:00.195605+00:00,134335225801956052,5832,Env.exe,File_System,ReadFile,C:\Windows\SysWOW64\CoreMessaging.dll,0x00000000,"{""Offset"": 381952, ""Length"": 30720, ""I/O Flags"": ""Non-cached, Paging I/O, Synchronous Paging I/O"", ""Priority"": ""Normal""}"
379065,2026-09-10T14:03:00.198104+00:00,134335225801981041,5832,Env.exe,File_System,ReadFile,C:\Windows\SysWOW64\CoreMessaging.dll,0x00000000,"{""Offset"": 328704, ""Length"": 32768, ""I/O Flags"": ""Non-cached, Paging I/O, Synchronous Paging I/O"", ""Priority"": ""Normal""}"
379066,2026-09-10T14:03:00.198893+00:00,134335225801988936,5832,Env.exe,File_System,ReadFile,C:\Windows\SysWOW64\CoreMessaging.dll,0x00000000,"{""Offset"": 295936, ""Length"": 32768, ""I/O Flags"": ""Non-cached, Paging I/O, Synchronous Paging I/O"", ""Priority"": ""Normal""}"
379068,2026-09-10T14:03:00.199746+00:00,134335225801997469,5832,Env.exe,File_System,ReadFile,C:\Windows\SysWOW64\CoreMessaging.dll,0x00000000,"{""Offset"": 33792, ""Length"": 32768, ""I/O Flags"": ""Non-cached, Paging I/O, Synchronous Paging I/O"", ""Priority"": ""Normal""}"
379070,2026-09-10T14:03:00.200537+00:00,134335225802005376,5832,Env.exe,File_System,ReadFile,C:\Windows\SysWOW64\CoreMessaging.dll,0x00000000,"{""Offset"": 74752, ""Length"": 32768, ""I/O Flags"": ""Non-cached, Paging I/O, Synchronous Paging I/O"", ""Priority"": ""Normal""}"
379074,2026-09-10T14:03:00.201788+00:00,134335225802017884,5832,Env.exe,File_System,ReadFile,C:\Windows\SysWOW64\CoreMessaging.dll,0x00000000,"{""Offset"": 461824, ""Length"": 16384, ""I/O Flags"": ""Non-cached, Paging I/O, Synchronous Paging I/O"", ""Priority"": ""Normal""}"
379079,2026-09-10T14:03:00.202798+00:00,134335225802027983,5832,Env.exe,File_System,ReadFile,C:\Windows\SysWOW64\WinTypes.dll,0x00000000,"{""Offset"": 488448, ""Length"": 32768, ""I/O Flags"": ""Non-cached, Paging I/O, Synchronous Paging I/O"", ""Priority"": ""Normal""}"
379084,2026-09-10T14:03:00.204178+00:00,134335225802041784,5832,Env.exe,File_System,ReadFile,C:\Windows\SysWOW64\WinTypes.dll,0x00000000,"{""Offset"": 324608, ""Length"": 32768, ""I/O Flags"": ""Non-cached, Paging I/O, Synchronous Paging I/O"", ""Priority"": ""Normal""}"
379092,2026-09-10T14:03:00.206432+00:00,134335225802064324,5832,Env.exe,File_System,ReadFile,C:\Windows\SysWOW64\WinTypes.dll,0x00000000,"{""Offset"": 455680, ""Length"": 32768, ""I/O Flags"": ""Non-cached, Paging I/O, Synchronous Paging I/O"", ""Priority"": ""Normal""}"
379095,2026-09-10T14:03:00.207505+00:00,134335225802075051,5832,Env.exe,File_System,ReadFile,C:\Windows\SysWOW64\WinTypes.dll,0x00000000,"{""Offset"": 422912, ""Length"": 32768, ""I/O Flags"": ""Non-cached, Paging I/O, Synchronous Paging I/O"", ""Priority"": ""Normal""}"
379105,2026-09-10T14:03:00.210832+00:00,134335225802108323,5832,Env.exe,File_System,ReadFile,C:\Windows\SysWOW64\WinTypes.dll,0x00000000,"{""Offset"": 291840, ""Length"": 32768, ""I/O Flags"": ""Non-cached, Paging I/O, Synchronous Paging I/O"", ""Priority"": ""Normal""}"
379136,2026-09-10T14:03:00.217161+00:00,134335225802171618,5832,Env.exe,Registry,RegQueryValue,HKLM\System\CurrentControlSet\Control\WMI\Security\4e7add1a-6945-435a-82b6-612688ba9f57,0xc0000034,"{""Length"": 528}"
379137,2026-09-10T14:03:00.217463+00:00,134335225802174636,5832,Env.exe,File_System,QueryNameInformationFile,C:\Windows\SysWOW64\WinTypes.dll,0x00000000,"{""Name"": ""\\Windows\\SysWOW64\\WinTypes.dll""}"
379139,2026-09-10T14:03:00.218086+00:00,134335225802180861,5832,Env.exe,File_System,ReadFile,C:\Windows\SysWOW64\CoreUIComponents.dll,0x00000000,"{""Offset"": 381952, ""Length"": 32768, ""I/O Flags"": ""Non-cached, Paging I/O, Synchronous Paging I/O"", ""Priority"": ""Normal""}"
379142,2026-09-10T14:03:00.219372+00:00,134335225802193729,5832,Env.exe,File_System,ReadFile,C:\Windows\SysWOW64\CoreUIComponents.dll,0x00000000,"{""Offset"": 451584, ""Length"": 32768, ""I/O Flags"": ""Non-cached, Paging I/O, Synchronous Paging I/O"", ""Priority"": ""Normal""}"
379147,2026-09-10T14:03:00.220635+00:00,134335225802206355,5832,Env.exe,File_System,ReadFile,C:\Windows\SysWOW64\CoreUIComponents.dll,0x00000000,"{""Offset"": 259072, ""Length"": 32768, ""I/O Flags"": ""Non-cached, Paging I/O, Synchronous Paging I/O"", ""Priority"": ""Normal""}"
379150,2026-09-10T14:03:00.221569+00:00,134335225802215699,5832,Env.exe,File_System,ReadFile,C:\Windows\SysWOW64\CoreUIComponents.dll,0x00000000,"{""Offset"": 33792, ""Length"": 32768, ""I/O Flags"": ""Non-cached, Paging I/O, Synchronous Paging I/O"", ""Priority"": ""Normal""}"
379154,2026-09-10T14:03:00.222770+00:00,134335225802227705,5832,Env.exe,File_System,ReadFile,C:\Windows\SysWOW64\CoreUIComponents.dll,0x00000000,"{""Offset"": 418816, ""Length"": 32768, ""I/O Flags"": ""Non-cached, Paging I/O, Synchronous Paging I/O"", ""Priority"": ""Normal""}"
379157,2026-09-10T14:03:00.223759+00:00,134335225802237595,5832,Env.exe,File_System,ReadFile,C:\Windows\SysWOW64\CoreUIComponents.dll,0x00000000,"{""Offset"": 1541120, ""Length"": 4096, ""I/O Flags"": ""Non-cached, Paging I/O, Synchronous Paging I/O"", ""Priority"": ""Normal""}"
379163,2026-09-10T14:03:00.224728+00:00,134335225802247289,5832,Env.exe,Registry,RegQueryValue,HKLM\System\CurrentControlSet\Control\WMI\Security\3720dda7-caea-4af3-a138-375aafc3f1d6,0xc0000034,"{""Length"": 528}"
379164,2026-09-10T14:03:00.225025+00:00,134335225802250254,5832,Env.exe,File_System,QueryNameInformationFile,C:\Windows\SysWOW64\CoreUIComponents.dll,0x00000000,"{""Name"": ""\\Windows\\SysWOW64\\CoreUIComponents.dll""}"
379165,2026-09-10T14:03:00.225427+00:00,134335225802254279,5832,Env.exe,File_System,ReadFile,C:\Windows\SysWOW64\CoreUIComponents.dll,0x00000000,"{""Offset"": 222208, ""Length"": 32768, ""I/O Flags"": ""Non-cached, Paging I/O, Synchronous Paging I/O"", ""Priority"": ""Normal""}"
379173,2026-09-10T14:03:00.230087+00:00,134335225802300879,5832,Env.exe,File_System,ReadFile,C:\Windows\SysWOW64\CoreUIComponents.dll,0x00000000,"{""Offset"": 533504, ""Length"": 32768, ""I/O Flags"": ""Non-cached, Paging I/O, Synchronous Paging I/O"", ""Priority"": ""Normal""}"
379178,2026-09-10T14:03:00.231073+00:00,134335225802310735,5832,Env.exe,File_System,ReadFile,C:\Windows\SysWOW64\CoreUIComponents.dll,0x00000000,"{""Offset"": 152576, ""Length"": 32768, ""I/O Flags"": ""Non-cached, Paging I/O, Synchronous Paging I/O"", ""Priority"": ""Normal""}"
379182,2026-09-10T14:03:00.232281+00:00,134335225802322819,5832,Env.exe,File_System,ReadFile,C:\Windows\SysWOW64\CoreUIComponents.dll,0x00000000,"{""Offset"": 1586176, ""Length"": 16384, ""I/O Flags"": ""Non-cached, Paging I/O, Synchronous Paging I/O"", ""Priority"": ""Normal""}"
379184,2026-09-10T14:03:00.233095+00:00,134335225802330952,5832,Env.exe,File_System,ReadFile,C:\Windows\SysWOW64\CoreUIComponents.dll,0x00000000,"{""Offset"": 1164288, ""Length"": 32768, ""I/O Flags"": ""Non-cached, Paging I/O, Synchronous Paging I/O"", ""Priority"": ""Normal""}"
379187,2026-09-10T14:03:00.234214+00:00,134335225802342142,5832,Env.exe,File_System,ReadFile,C:\Windows\SysWOW64\TextInputFramework.dll,0x00000000,"{""Offset"": 259072, ""Length"": 32768, ""I/O Flags"": ""Non-cached, Paging I/O, Synchronous Paging I/O"", ""Priority"": ""Normal""}"
379189,2026-09-10T14:03:00.235149+00:00,134335225802351496,5832,Env.exe,File_System,ReadFile,C:\Windows\SysWOW64\TextInputFramework.dll,0x00000000,"{""Offset"": 214016, ""Length"": 32768, ""I/O Flags"": ""Non-cached, Paging I/O, Synchronous Paging I/O"", ""Priority"": ""Normal""}"
379191,2026-09-10T14:03:00.235950+00:00,134335225802359502,5832,Env.exe,File_System,ReadFile,C:\Windows\SysWOW64\TextInputFramework.dll,0x00000000,"{""Offset"": 99328, ""Length"": 32768, ""I/O Flags"": ""Non-cached, Paging I/O, Synchronous Paging I/O"", ""Priority"": ""Normal""}"
379194,2026-09-10T14:03:00.237189+00:00,134335225802371899,5832,Env.exe,File_System,ReadFile,C:\Windows\SysWOW64\TextInputFramework.dll,0x00000000,"{""Offset"": 246784, ""Length"": 12288, ""I/O Flags"": ""Non-cached, Paging I/O, Synchronous Paging I/O"", ""Priority"": ""Normal""}"
379196,2026-09-10T14:03:00.238128+00:00,134335225802381283,5832,Env.exe,File_System,ReadFile,C:\Windows\SysWOW64\TextInputFramework.dll,0x00000000,"{""Offset"": 578560, ""Length"": 32768, ""I/O Flags"": ""Non-cached, Paging I/O, Synchronous Paging I/O"", ""Priority"": ""Normal""}"
379198,2026-09-10T14:03:00.239673+00:00,134335225802396734,5832,Env.exe,File_System,ReadFile,C:\Windows\SysWOW64\TextInputFramework.dll,0x00000000,"{""Offset"": 70656, ""Length"": 28672, ""I/O Flags"": ""Non-cached, Paging I/O, Synchronous Paging I/O"", ""Priority"": ""Normal""}"
379199,2026-09-10T14:03:00.240636+00:00,134335225802406363,5832,Env.exe,File_System,ReadFile,C:\Windows\SysWOW64\TextInputFramework.dll,0x00000000,"{""Offset"": 545792, ""Length"": 32768, ""I/O Flags"": ""Non-cached, Paging I/O, Synchronous Paging I/O"", ""Priority"": ""Normal""}"
379206,2026-09-10T14:03:00.242061+00:00,134335225802420612,5832,Env.exe,Registry,RegQueryValue,HKLM\System\CurrentControlSet\Control\WMI\Security\ebadf775-48aa-4bf3-8f8e-ec68d113c98e,0xc0000034,"{""Length"": 528}"
379207,2026-09-10T14:03:00.242376+00:00,134335225802423764,5832,Env.exe,File_System,QueryNameInformationFile,C:\Windows\SysWOW64\TextInputFramework.dll,0x00000000,"{""Name"": ""\\Windows\\SysWOW64\\TextInputFramework.dll""}"
379208,2026-09-10T14:03:00.243049+00:00,134335225802430491,5832,Env.exe,Registry,RegQueryValue,HKLM\System\CurrentControlSet\Control\WMI\Security\3f30522e-d47a-407c-9067-2e928d00d54e,0xc0000034,"{""Length"": 528}"
379209,2026-09-10T14:03:00.243314+00:00,134335225802433149,5832,Env.exe,File_System,QueryNameInformationFile,C:\Windows\SysWOW64\TextInputFramework.dll,0x00000000,"{""Name"": ""\\Windows\\SysWOW64\\TextInputFramework.dll""}"
379212,2026-09-10T14:03:00.244195+00:00,134335225802441956,5832,Env.exe,File_System,ReadFile,C:\Windows\SysWOW64\TextInputFramework.dll,0x00000000,"{""Offset"": 353280, ""Length"": 32768, ""I/O Flags"": ""Non-cached, Paging I/O, Synchronous Paging I/O"", ""Priority"": ""Normal""}"
379216,2026-09-10T14:03:00.245172+00:00,134335225802451729,5832,Env.exe,File_System,ReadFile,C:\Windows\SysWOW64\TextInputFramework.dll,0x00000000,"{""Offset"": 152576, ""Length"": 32768, ""I/O Flags"": ""Non-cached, Paging I/O, Synchronous Paging I/O"", ""Priority"": ""Normal""}"
379218,2026-09-10T14:03:00.245857+00:00,134335225802458576,5832,Env.exe,File_System,ReadFile,C:\Windows\SysWOW64\TextInputFramework.dll,0x00000000,"{""Offset"": 508928, ""Length"": 32768, ""I/O Flags"": ""Non-cached, Paging I/O, Synchronous Paging I/O"", ""Priority"": ""Normal""}"
379223,2026-09-10T14:03:00.246572+00:00,134335225802465723,5832,Env.exe,File_System,ReadFile,C:\Windows\SysWOW64\TextInputFramework.dll,0x00000000,"{""Offset"": 320512, ""Length"": 32768, ""I/O Flags"": ""Non-cached, Paging I/O, Synchronous Paging I/O"", ""Priority"": ""Normal""}"
379226,2026-09-10T14:03:00.247824+00:00,134335225802478248,5832,Env.exe,File_System,ReadFile,C:\Windows\SysWOW64\TextInputFramework.dll,0x00000000,"{""Offset"": 185344, ""Length"": 28672, ""I/O Flags"": ""Non-cached, Paging I/O, Synchronous Paging I/O"", ""Priority"": ""Normal""}"
379229,2026-09-10T14:03:00.249596+00:00,134335225802495961,5832,Env.exe,File_System,ReadFile,C:\Windows\SysWOW64\msctf.dll,0x00000000,"{""Offset"": 467968, ""Length"": 32768, ""I/O Flags"": ""Non-cached, Paging I/O, Synchronous Paging I/O"", ""Priority"": ""Normal""}"
379233,2026-09-10T14:03:00.251487+00:00,134335225802514876,5832,Env.exe,File_System,ReadFile,C:\Windows\SysWOW64\TextInputFramework.dll,0x00000000,"{""Offset"": 386048, ""Length"": 32768, ""I/O Flags"": ""Non-cached, Paging I/O, Synchronous Paging I/O"", ""Priority"": ""Normal""}"
379235,2026-09-10T14:03:00.252246+00:00,134335225802522466,5832,Env.exe,Registry,RegQueryKey,HKLM,0x00000000,"{""Query"": ""HandleTags"", ""HandleTags"": 0}"
379237,2026-09-10T14:03:00.252432+00:00,134335225802524329,5832,Env.exe,Registry,RegQueryKey,HKLM,0x00000000,"{""Query"": ""Name"", ""Name"": ""\\REGISTRY\\MACHINE""}"
379238,2026-09-10T14:03:00.252677+00:00,134335225802526771,5832,Env.exe,Registry,RegOpenKey,HKLM\SOFTWARE\WOW6432Node\Microsoft\CTF\,0x00000000,"{""Desired Access"": ""Read""}"
379239,2026-09-10T14:03:00.253050+00:00,134335225802530506,5832,Env.exe,Registry,RegSetInfoKey,HKLM\SOFTWARE\WOW6432Node\Microsoft\CTF,0x00000000,"{""KeySetInformationClass"": ""KeySetHandleTagsInformation"", ""Length"": 0}"
379240,2026-09-10T14:03:00.253216+00:00,134335225802532169,5832,Env.exe,Registry,RegQueryValue,HKLM\SOFTWARE\WOW6432Node\Microsoft\CTF\EnableAnchorContext,0xc0000034,"{""Length"": 16}"
379242,2026-09-10T14:03:00.253413+00:00,134335225802534137,5832,Env.exe,Registry,RegCloseKey,HKLM\SOFTWARE\WOW6432Node\Microsoft\CTF,0x00000000,{}
379248,2026-09-10T14:03:00.255706+00:00,134335225802557064,5832,Env.exe,File_System,ReadFile,C:\Windows\SysWOW64\TextInputFramework.dll,0x00000000,"{""Offset"": 431104, ""Length"": 32768, ""I/O Flags"": ""Non-cached, Paging I/O, Synchronous Paging I/O"", ""Priority"": ""Normal""}"
379249,2026-09-10T14:03:00.256451+00:00,134335225802564514,5832,Env.exe,File_System,ReadFile,C:\Windows\SysWOW64\TextInputFramework.dll,0x00000000,"{""Offset"": 418816, ""Length"": 12288, ""I/O Flags"": ""Non-cached, Paging I/O, Synchronous Paging I/O"", ""Priority"": ""Normal""}"
379261,2026-09-10T14:03:00.264166+00:00,134335225802641669,5832,Env.exe,File_System,ReadFile,C:\Windows\SysWOW64\msctf.dll,0x00000000,"{""Offset"": 377856, ""Length"": 4096, ""I/O Flags"": ""Non-cached, Paging I/O, Synchronous Paging I/O"", ""Priority"": ""Normal""}"
379347,2026-09-10T14:03:00.311092+00:00,134335225803110926,5832,Env.exe,File_System,ReadFile,C:\Windows\SysWOW64\gdi32full.dll,0x00000000,"{""Offset"": 693248, ""Length"": 32768, ""I/O Flags"": ""Non-cached, Paging I/O, Synchronous Paging I/O"", ""Priority"": ""Normal""}"
379349,2026-09-10T14:03:00.315453+00:00,134335225803154536,5832,Env.exe,File_System,ReadFile,C:\Windows\SysWOW64\gdi32full.dll,0x00000000,"{""Offset"": 254976, ""Length"": 32768, ""I/O Flags"": ""Non-cached, Paging I/O, Synchronous Paging I/O"", ""Priority"": ""Normal""}"
379947,2026-09-10T14:03:01.065113+00:00,134335225810651139,5832,Env.exe,Profiling,Process_Profiling,,0x00000000,"{""User Time"": 2031250, ""Kernel Time"": 8281250, ""Private Bytes"": 17510400, ""Working Set"": 18038784}"
380153,2026-09-10T14:03:02.052550+00:00,134335225820525504,5832,Env.exe,Profiling,Process_Profiling,,0x00000000,"{""User Time"": 2031250, ""Kernel Time"": 8281250, ""Private Bytes"": 17510400, ""Working Set"": 18038784}"
380351,2026-09-10T14:03:03.074995+00:00,134335225830749952,5832,Env.exe,Profiling,Process_Profiling,,0x00000000,"{""User Time"": 2031250, ""Kernel Time"": 8281250, ""Private Bytes"": 17510400, ""Working Set"": 18038784}"
380551,2026-09-10T14:03:04.066340+00:00,134335225840663409,5832,Env.exe,Profiling,Process_Profiling,,0x00000000,"{""User Time"": 2031250, ""Kernel Time"": 8281250, ""Private Bytes"": 17510400, ""Working Set"": 18038784}"
380756,2026-09-10T14:03:05.048087+00:00,134335225850480876,5832,Env.exe,Profiling,Process_Profiling,,0x00000000,"{""User Time"": 2031250, ""Kernel Time"": 8281250, ""Private Bytes"": 17510400, ""Working Set"": 18038784}"
380956,2026-09-10T14:03:06.060474+00:00,134335225860604743,5832,Env.exe,Profiling,Process_Profiling,,0x00000000,"{""User Time"": 2031250, ""Kernel Time"": 8281250, ""Private Bytes"": 17510400, ""Working Set"": 18038784}"
381165,2026-09-10T14:03:07.058530+00:00,134335225870585309,5832,Env.exe,Profiling,Process_Profiling,,0x00000000,"{""User Time"": 2031250, ""Kernel Time"": 8281250, ""Private Bytes"": 17510400, ""Working Set"": 18038784}"
381363,2026-09-10T14:03:08.073423+00:00,134335225880734236,5832,Env.exe,Profiling,Process_Profiling,,0x00000000,"{""User Time"": 2031250, ""Kernel Time"": 8281250, ""Private Bytes"": 17510400, ""Working Set"": 18038784}"
381590,2026-09-10T14:03:09.048248+00:00,134335225890482481,5832,Env.exe,Profiling,Process_Profiling,,0x00000000,"{""User Time"": 2031250, ""Kernel Time"": 8281250, ""Private Bytes"": 17510400, ""Working Set"": 18038784}"
381794,2026-09-10T14:03:10.068388+00:00,134335225900683887,5832,Env.exe,Profiling,Process_Profiling,,0x00000000,"{""User Time"": 2031250, ""Kernel Time"": 8281250, ""Private Bytes"": 17510400, ""Working Set"": 18038784}"
381992,2026-09-10T14:03:11.055965+00:00,134335225910559652,5832,Env.exe,Profiling,Process_Profiling,,0x00000000,"{""User Time"": 2031250, ""Kernel Time"": 8281250, ""Private Bytes"": 17510400, ""Working Set"": 18038784}"
382233,2026-09-10T14:03:12.074448+00:00,134335225920744483,5832,Env.exe,Profiling,Process_Profiling,,0x00000000,"{""User Time"": 2031250, ""Kernel Time"": 8281250, ""Private Bytes"": 17510400, ""Working Set"": 18038784}"
382401,2026-09-10T14:03:13.048805+00:00,134335225930488057,5832,Env.exe,Profiling,Process_Profiling,,0x00000000,"{""User Time"": 2031250, ""Kernel Time"": 8281250, ""Private Bytes"": 17510400, ""Working Set"": 18038784}"
382512,2026-09-10T14:03:14.070099+00:00,134335225940700998,5832,Env.exe,Profiling,Process_Profiling,,0x00000000,"{""User Time"": 2031250, ""Kernel Time"": 8281250, ""Private Bytes"": 17510400, ""Working Set"": 18038784}"
382634,2026-09-10T14:03:15.047349+00:00,134335225950473491,5832,Env.exe,Profiling,Process_Profiling,,0x00000000,"{""User Time"": 2031250, ""Kernel Time"": 8281250, ""Private Bytes"": 17510400, ""Working Set"": 18038784}"
382745,2026-09-10T14:03:16.054729+00:00,134335225960547299,5832,Env.exe,Profiling,Process_Profiling,,0x00000000,"{""User Time"": 2031250, ""Kernel Time"": 8281250, ""Private Bytes"": 17510400, ""Working Set"": 18038784}"
382860,2026-09-10T14:03:17.056414+00:00,134335225970564143,5832,Env.exe,Profiling,Process_Profiling,,0x00000000,"{""User Time"": 2031250, ""Kernel Time"": 8281250, ""Private Bytes"": 17510400, ""Working Set"": 18038784}"
382978,2026-09-10T14:03:18.071132+00:00,134335225980711326,5832,Env.exe,Profiling,Process_Profiling,,0x00000000,"{""User Time"": 2031250, ""Kernel Time"": 8281250, ""Private Bytes"": 17510400, ""Working Set"": 18038784}"
383088,2026-09-10T14:03:19.072599+00:00,134335225990725990,5832,Env.exe,Profiling,Process_Profiling,,0x00000000,"{""User Time"": 2031250, ""Kernel Time"": 8281250, ""Private Bytes"": 17510400, ""Working Set"": 18038784}"
383199,2026-09-10T14:03:20.047916+00:00,134335226000479164,5832,Env.exe,Profiling,Process_Profiling,,0x00000000,"{""User Time"": 2031250, ""Kernel Time"": 8281250, ""Private Bytes"": 17510400, ""Working Set"": 18038784}"
383309,2026-09-10T14:03:21.062895+00:00,134335226010628959,5832,Env.exe,Profiling,Process_Profiling,,0x00000000,"{""User Time"": 2031250, ""Kernel Time"": 8281250, ""Private Bytes"": 17510400, ""Working Set"": 18038784}"
383423,2026-09-10T14:03:22.048867+00:00,134335226020488673,5832,Env.exe,Profiling,Process_Profiling,,0x00000000,"{""User Time"": 2031250, ""Kernel Time"": 8281250, ""Private Bytes"": 17510400, ""Working Set"": 18038784}"
383533,2026-09-10T14:03:23.069814+00:00,134335226030698146,5832,Env.exe,Profiling,Process_Profiling,,0x00000000,"{""User Time"": 2031250, ""Kernel Time"": 8281250, ""Private Bytes"": 17510400, ""Working Set"": 18038784}"
383649,2026-09-10T14:03:24.071887+00:00,134335226040718878,5832,Env.exe,Profiling,Process_Profiling,,0x00000000,"{""User Time"": 2031250, ""Kernel Time"": 8281250, ""Private Bytes"": 17510400, ""Working Set"": 18038784}"
383760,2026-09-10T14:03:25.069658+00:00,134335226050696588,5832,Env.exe,Profiling,Process_Profiling,,0x00000000,"{""User Time"": 2031250, ""Kernel Time"": 8281250, ""Private Bytes"": 17510400, ""Working Set"": 18038784}"
383870,2026-09-10T14:03:26.068103+00:00,134335226060681030,5832,Env.exe,Profiling,Process_Profiling,,0x00000000,"{""User Time"": 2031250, ""Kernel Time"": 8281250, ""Private Bytes"": 17510400, ""Working Set"": 18038784}"
383985,2026-09-10T14:03:27.074637+00:00,134335226070746379,5832,Env.exe,Profiling,Process_Profiling,,0x00000000,"{""User Time"": 2031250, ""Kernel Time"": 8281250, ""Private Bytes"": 17510400, ""Working Set"": 18038784}"
384096,2026-09-10T14:03:28.051986+00:00,134335226080519865,5832,Env.exe,Profiling,Process_Profiling,,0x00000000,"{""User Time"": 2031250, ""Kernel Time"": 8281250, ""Private Bytes"": 17510400, ""Working Set"": 18038784}"
384212,2026-09-10T14:03:29.069984+00:00,134335226090699847,5832,Env.exe,Profiling,Process_Profiling,,0x00000000,"{""User Time"": 2031250, ""Kernel Time"": 8281250, ""Private Bytes"": 17510400, ""Working Set"": 18038784}"
384219,2026-09-10T14:03:29.870434+00:00,134335226098704340,5832,Env.exe,Registry,RegQueryKey,HKLM,0x00000000,"{""Query"": ""HandleTags"", ""HandleTags"": 0}"
384220,2026-09-10T14:03:29.870624+00:00,134335226098706241,5832,Env.exe,Registry,RegQueryKey,HKLM,0x00000000,"{""Query"": ""Name"", ""Name"": ""\\REGISTRY\\MACHINE""}"
384221,2026-09-10T14:03:29.870979+00:00,134335226098709798,5832,Env.exe,Registry,RegOpenKey,HKLM\SOFTWARE\WOW6432Node\Microsoft\CTF\Compatibility\AppCompatClassName,0xc0000034,"{""Desired Access"": ""Read""}"
384224,2026-09-10T14:03:29.872350+00:00,134335226098723503,5832,Env.exe,Registry,RegOpenKey,HKCU,0x00000000,"{""Desired Access"": ""Read""}"
384225,2026-09-10T14:03:29.872810+00:00,134335226098728108,5832,Env.exe,Registry,RegQueryKey,HKCU,0x00000000,"{""Query"": ""HandleTags"", ""HandleTags"": 0}"
384226,2026-09-10T14:03:29.872969+00:00,134335226098729695,5832,Env.exe,Registry,RegQueryKey,HKCU,0x00000000,"{""Query"": ""Name"", ""Name"": ""\\REGISTRY\\USER\\S-1-5-21-2765232598-2703495502-1861550627-1001""}"
384227,2026-09-10T14:03:29.873248+00:00,134335226098732482,5832,Env.exe,Registry,RegOpenKey,HKCU\Software\Microsoft\CTF\DirectSwitchHotkeys,0x00000000,"{""Desired Access"": ""Read""}"
384228,2026-09-10T14:03:29.873488+00:00,134335226098734881,5832,Env.exe,Registry,RegSetInfoKey,HKCU\SOFTWARE\Microsoft\CTF\DirectSwitchHotkeys,0x00000000,"{""KeySetInformationClass"": ""KeySetHandleTagsInformation"", ""Length"": 0}"
384229,2026-09-10T14:03:29.873742+00:00,134335226098737420,5832,Env.exe,Registry,RegCloseKey,HKCU,0x00000000,{}
384230,2026-09-10T14:03:29.874040+00:00,134335226098740402,5832,Env.exe,Registry,RegEnumKey,HKCU\SOFTWARE\Microsoft\CTF\DirectSwitchHotkeys,0x8000001a,"{""Index"": 0, ""Length"": 288}"
384231,2026-09-10T14:03:29.874334+00:00,134335226098743342,5832,Env.exe,Registry,RegCloseKey,HKCU\SOFTWARE\Microsoft\CTF\DirectSwitchHotkeys,0x00000000,{}
384271,2026-09-10T14:03:29.916825+00:00,134335226099168251,5832,Env.exe,File_System,ReadFile,C:\Windows\SysWOW64\TextInputFramework.dll,0x00000000,"{""Offset"": 472064, ""Length"": 32768, ""I/O Flags"": ""Non-cached, Paging I/O, Synchronous Paging I/O"", ""Priority"": ""Normal""}"
384272,2026-09-10T14:03:29.920419+00:00,134335226099204192,5832,Env.exe,File_System,ReadFile,C:\Windows\SysWOW64\CoreMessaging.dll,0x00000000,"{""Offset"": 238592, ""Length"": 32768, ""I/O Flags"": ""Non-cached, Paging I/O, Synchronous Paging I/O"", ""Priority"": ""Normal""}"
384274,2026-09-10T14:03:29.923242+00:00,134335226099232423,5832,Env.exe,File_System,ReadFile,C:\Windows\SysWOW64\CoreMessaging.dll,0x00000000,"{""Offset"": 205824, ""Length"": 32768, ""I/O Flags"": ""Non-cached, Paging I/O, Synchronous Paging I/O"", ""Priority"": ""Normal""}"
384276,2026-09-10T14:03:29.929322+00:00,134335226099293228,5832,Env.exe,File_System,ReadFile,C:\Windows\SysWOW64\CoreMessaging.dll,0x00000000,"{""Offset"": 66560, ""Length"": 8192, ""I/O Flags"": ""Non-cached, Paging I/O, Synchronous Paging I/O"", ""Priority"": ""Normal""}"
384277,2026-09-10T14:03:29.931691+00:00,134335226099316917,5832,Env.exe,File_System,ReadFile,C:\Windows\SysWOW64\CoreMessaging.dll,0x00000000,"{""Offset"": 445440, ""Length"": 16384, ""I/O Flags"": ""Non-cached, Paging I/O, Synchronous Paging I/O"", ""Priority"": ""Normal""}"
384281,2026-09-10T14:03:29.934638+00:00,134335226099346383,5832,Env.exe,File_System,ReadFile,C:\Windows\SysWOW64\CoreMessaging.dll,0x00000000,"{""Offset"": 437248, ""Length"": 8192, ""I/O Flags"": ""Non-cached, Paging I/O, Synchronous Paging I/O"", ""Priority"": ""Normal""}"
384282,2026-09-10T14:03:29.935885+00:00,134335226099358853,5832,Env.exe,File_System,ReadFile,C:\Windows\SysWOW64\CoreMessaging.dll,0x00000000,"{""Offset"": 123904, ""Length"": 32768, ""I/O Flags"": ""Non-cached, Paging I/O, Synchronous Paging I/O"", ""Priority"": ""Normal""}"
384287,2026-09-10T14:03:29.936769+00:00,134335226099367694,5832,Env.exe,File_System,ReadFile,C:\Windows\SysWOW64\CoreMessaging.dll,0x00000000,"{""Offset"": 271360, ""Length"": 24576, ""I/O Flags"": ""Non-cached, Paging I/O, Synchronous Paging I/O"", ""Priority"": ""Normal""}"
384292,2026-09-10T14:03:29.937994+00:00,134335226099379945,5832,Env.exe,File_System,ReadFile,C:\Windows\SysWOW64\CoreMessaging.dll,0x00000000,"{""Offset"": 361472, ""Length"": 20480, ""I/O Flags"": ""Non-cached, Paging I/O, Synchronous Paging I/O"", ""Priority"": ""Normal""}"
384294,2026-09-10T14:03:29.939375+00:00,134335226099393750,5832,Env.exe,File_System,ReadFile,C:\Windows\SysWOW64\CoreMessaging.dll,0x00000000,"{""Offset"": 478208, ""Length"": 8192, ""I/O Flags"": ""Non-cached, Paging I/O, Synchronous Paging I/O"", ""Priority"": ""Normal""}"
384308,2026-09-10T14:03:29.948754+00:00,134335226099487542,5832,Env.exe,File_System,ReadFile,C:\Windows\SysWOW64\CoreMessaging.dll,0x00000000,"{""Offset"": 107520, ""Length"": 16384, ""I/O Flags"": ""Non-cached, Paging I/O, Synchronous Paging I/O"", ""Priority"": ""Normal""}"
384312,2026-09-10T14:03:29.950135+00:00,134335226099501355,5832,Env.exe,File_System,ReadFile,C:\Windows\SysWOW64\CoreMessaging.dll,0x00000000,"{""Offset"": 168960, ""Length"": 32768, ""I/O Flags"": ""Non-cached, Paging I/O, Synchronous Paging I/O"", ""Priority"": ""Normal""}"
384320,2026-09-10T14:03:29.952797+00:00,134335226099527975,5832,Env.exe,File_System,ReadFile,C:\Windows\SysWOW64\CoreMessaging.dll,0x00000000,"{""Offset"": 156672, ""Length"": 12288, ""I/O Flags"": ""Non-cached, Paging I/O, Synchronous Paging I/O"", ""Priority"": ""Normal""}"
384328,2026-09-10T14:03:29.968656+00:00,134335226099686563,5832,Env.exe,File_System,ReadFile,C:\Windows\SysWOW64\CoreUIComponents.dll,0x00000000,"{""Offset"": 119808, ""Length"": 32768, ""I/O Flags"": ""Non-cached, Paging I/O, Synchronous Paging I/O"", ""Priority"": ""Normal""}"
384334,2026-09-10T14:03:29.972666+00:00,134335226099726661,5832,Env.exe,File_System,ReadFile,C:\Windows\SysWOW64\CoreUIComponents.dll,0x00000000,"{""Offset"": 87040, ""Length"": 32768, ""I/O Flags"": ""Non-cached, Paging I/O, Synchronous Paging I/O"", ""Priority"": ""Normal""}"
384335,2026-09-10T14:03:29.974041+00:00,134335226099740417,5832,Env.exe,File_System,ReadFile,C:\Windows\SysWOW64\CoreUIComponents.dll,0x00000000,"{""Offset"": 189440, ""Length"": 32768, ""I/O Flags"": ""Non-cached, Paging I/O, Synchronous Paging I/O"", ""Priority"": ""Normal""}"
384336,2026-09-10T14:03:29.976459+00:00,134335226099764598,5832,Env.exe,File_System,ReadFile,C:\Windows\SysWOW64\CoreUIComponents.dll,0x00000000,"{""Offset"": 1631232, ""Length"": 16384, ""I/O Flags"": ""Non-cached, Paging I/O, Synchronous Paging I/O"", ""Priority"": ""Normal""}"
384339,2026-09-10T14:03:29.978649+00:00,134335226099786492,5832,Env.exe,File_System,ReadFile,C:\Windows\SysWOW64\CoreUIComponents.dll,0x00000000,"{""Offset"": 1569792, ""Length"": 16384, ""I/O Flags"": ""Non-cached, Paging I/O, Synchronous Paging I/O"", ""Priority"": ""Normal""}"
384341,2026-09-10T14:03:29.979644+00:00,134335226099796443,5832,Env.exe,File_System,ReadFile,C:\Windows\SysWOW64\CoreUIComponents.dll,0x00000000,"{""Offset"": 1721344, ""Length"": 16384, ""I/O Flags"": ""Non-cached, Paging I/O, Synchronous Paging I/O"", ""Priority"": ""Normal""}"
384346,2026-09-10T14:03:29.980437+00:00,134335226099804379,5832,Env.exe,File_System,ReadFile,C:\Windows\SysWOW64\CoreUIComponents.dll,0x00000000,"{""Offset"": 1795072, ""Length"": 16384, ""I/O Flags"": ""Non-cached, Paging I/O, Synchronous Paging I/O"", ""Priority"": ""Normal""}"
384354,2026-09-10T14:03:29.982940+00:00,134335226099829402,5832,Env.exe,File_System,ReadFile,C:\Windows\SysWOW64\CoreUIComponents.dll,0x00000000,"{""Offset"": 66560, ""Length"": 20480, ""I/O Flags"": ""Non-cached, Paging I/O, Synchronous Paging I/O"", ""Priority"": ""Normal""}"
384358,2026-09-10T14:03:29.983998+00:00,134335226099839987,5832,Env.exe,File_System,ReadFile,C:\Windows\SysWOW64\CoreUIComponents.dll,0x00000000,"{""Offset"": 1655808, ""Length"": 16384, ""I/O Flags"": ""Non-cached, Paging I/O, Synchronous Paging I/O"", ""Priority"": ""Normal""}"
384360,2026-09-10T14:03:29.984670+00:00,134335226099846707,5832,Env.exe,File_System,ReadFile,C:\Windows\SysWOW64\CoreUIComponents.dll,0x00000000,"{""Offset"": 1876992, ""Length"": 16384, ""I/O Flags"": ""Non-cached, Paging I/O, Synchronous Paging I/O"", ""Priority"": ""Normal""}"
384367,2026-09-10T14:03:29.989737+00:00,134335226099897375,5832,Env.exe,File_System,ReadFile,C:\Windows\SysWOW64\CoreUIComponents.dll,0x00000000,"{""Offset"": 607232, ""Length"": 32768, ""I/O Flags"": ""Non-cached, Paging I/O, Synchronous Paging I/O"", ""Priority"": ""Normal""}"
384369,2026-09-10T14:03:29.991363+00:00,134335226099913636,5832,Env.exe,File_System,ReadFile,C:\Windows\SysWOW64\CoreMessaging.dll,0x00000000,"{""Offset"": 21504, ""Length"": 12288, ""I/O Flags"": ""Non-cached, Paging I/O, Synchronous Paging I/O"", ""Priority"": ""Normal""}"
384385,2026-09-10T14:03:30.005526+00:00,134335226100055268,5832,Env.exe,Process,Thread_Create,,0x00000000,"{""Thread ID"": 1240}"
384388,2026-09-10T14:03:30.009602+00:00,134335226100096021,5832,Env.exe,File_System,ReadFile,C:\Windows\SysWOW64\CoreUIComponents.dll,0x00000000,"{""Offset"": 1618944, ""Length"": 12288, ""I/O Flags"": ""Non-cached, Paging I/O, Synchronous Paging I/O"", ""Priority"": ""Normal""}"
384394,2026-09-10T14:03:30.011698+00:00,134335226100116981,5832,Env.exe,File_System,ReadFile,C:\Windows\SysWOW64\TextInputFramework.dll,0x00000000,"{""Offset"": 627712, ""Length"": 32768, ""I/O Flags"": ""Non-cached, Paging I/O, Synchronous Paging I/O"", ""Priority"": ""Normal""}"
384396,2026-09-10T14:03:30.013550+00:00,134335226100135507,5832,Env.exe,Process,Thread_Create,,0x00000000,"{""Thread ID"": 1164}"
384398,2026-09-10T14:03:30.015974+00:00,134335226100159747,5832,Env.exe,File_System,ReadFile,C:\Windows\SysWOW64\CoreMessaging.dll,0x00000000,"{""Offset"": 201728, ""Length"": 4096, ""I/O Flags"": ""Non-cached, Paging I/O, Synchronous Paging I/O"", ""Priority"": ""Normal""}"
384399,2026-09-10T14:03:30.019590+00:00,134335226100195904,5832,Env.exe,File_System,ReadFile,C:\Windows\SysWOW64\CoreUIComponents.dll,0x00000000,"{""Offset"": 328704, ""Length"": 32768, ""I/O Flags"": ""Non-cached, Paging I/O, Synchronous Paging I/O"", ""Priority"": ""Normal""}"
384415,2026-09-10T14:03:30.029119+00:00,134335226100291192,5832,Env.exe,File_System,ReadFile,C:\Windows\SysWOW64\CoreUIComponents.dll,0x00000000,"{""Offset"": 291840, ""Length"": 32768, ""I/O Flags"": ""Non-cached, Paging I/O, Synchronous Paging I/O"", ""Priority"": ""Normal""}"
384417,2026-09-10T14:03:30.030362+00:00,134335226100303620,5832,Env.exe,File_System,ReadFile,C:\Windows\SysWOW64\CoreUIComponents.dll,0x00000000,"{""Offset"": 1893376, ""Length"": 16384, ""I/O Flags"": ""Non-cached, Paging I/O, Synchronous Paging I/O"", ""Priority"": ""Normal""}"
384421,2026-09-10T14:03:30.031194+00:00,134335226100311947,5832,Env.exe,File_System,ReadFile,C:\Windows\SysWOW64\CoreUIComponents.dll,0x00000000,"{""Offset"": 1692672, ""Length"": 16384, ""I/O Flags"": ""Non-cached, Paging I/O, Synchronous Paging I/O"", ""Priority"": ""Normal""}"
384428,2026-09-10T14:03:30.033101+00:00,134335226100331015,5832,Env.exe,File_System,ReadFile,C:\Windows\SysWOW64\TextInputFramework.dll,0x00000000,"{""Offset"": 291840, ""Length"": 28672, ""I/O Flags"": ""Non-cached, Paging I/O, Synchronous Paging I/O"", ""Priority"": ""Normal""}"
384454,2026-09-10T14:03:30.043298+00:00,134335226100432980,5832,Env.exe,Registry,RegQueryKey,HKLM,0x00000000,"{""Query"": ""HandleTags"", ""HandleTags"": 0}"
384455,2026-09-10T14:03:30.043428+00:00,134335226100434288,5832,Env.exe,Registry,RegQueryKey,HKLM,0x00000000,"{""Query"": ""Name"", ""Name"": ""\\REGISTRY\\MACHINE""}"
384456,2026-09-10T14:03:30.043700+00:00,134335226100437005,5832,Env.exe,Registry,RegOpenKey,HKLM\Software\WOW6432Node\Microsoft\Windows NT\CurrentVersion\Windows,0x00000000,"{""Desired Access"": ""Read""}"
384457,2026-09-10T14:03:30.043974+00:00,134335226100439740,5832,Env.exe,Registry,RegSetInfoKey,HKLM\SOFTWARE\WOW6432Node\Microsoft\Windows NT\CurrentVersion\Windows,0x00000000,"{""KeySetInformationClass"": ""KeySetHandleTagsInformation"", ""Length"": 0}"
384458,2026-09-10T14:03:30.044210+00:00,134335226100442106,5832,Env.exe,Registry,RegQueryValue,HKLM\SOFTWARE\WOW6432Node\Microsoft\Windows NT\CurrentVersion\Windows\IsVailContainer,0xc0000034,"{""Length"": 16}"
384459,2026-09-10T14:03:30.044416+00:00,134335226100444162,5832,Env.exe,Registry,RegCloseKey,HKLM\SOFTWARE\WOW6432Node\Microsoft\Windows NT\CurrentVersion\Windows,0x00000000,{}
384460,2026-09-10T14:03:30.044656+00:00,134335226100446563,5832,Env.exe,Registry,RegQueryKey,HKLM,0x00000000,"{""Query"": ""HandleTags"", ""HandleTags"": 0}"
384461,2026-09-10T14:03:30.044784+00:00,134335226100447847,5832,Env.exe,Registry,RegQueryKey,HKLM,0x00000000,"{""Query"": ""Name"", ""Name"": ""\\REGISTRY\\MACHINE""}"
384462,2026-09-10T14:03:30.045039+00:00,134335226100450394,5832,Env.exe,Registry,RegOpenKey,HKLM\Software\WOW6432Node\Microsoft\Input,0x00000104,"{""Desired Access"": ""Read""}"
384463,2026-09-10T14:03:30.045457+00:00,134335226100454572,5832,Env.exe,Registry,RegOpenKey,HKLM\SOFTWARE\Microsoft\Input,0x00000000,"{""Desired Access"": ""Read""}"
384464,2026-09-10T14:03:30.045734+00:00,134335226100457343,5832,Env.exe,Registry,RegSetInfoKey,HKLM\SOFTWARE\Microsoft\Input,0x00000000,"{""KeySetInformationClass"": ""KeySetHandleTagsInformation"", ""Length"": 0}"
384465,2026-09-10T14:03:30.045875+00:00,134335226100458757,5832,Env.exe,Registry,RegQueryValue,HKLM\SOFTWARE\Microsoft\Input\ResyncResetTime,0xc0000034,"{""Length"": 16}"
384466,2026-09-10T14:03:30.046035+00:00,134335226100460357,5832,Env.exe,Registry,RegQueryValue,HKLM\SOFTWARE\Microsoft\Input\MaxResyncAttempts,0xc0000034,"{""Length"": 16}"
384467,2026-09-10T14:03:30.046191+00:00,134335226100461918,5832,Env.exe,Registry,RegCloseKey,HKLM\SOFTWARE\Microsoft\Input,0x00000000,{}
384470,2026-09-10T14:03:30.054388+00:00,134335226100543881,5832,Env.exe,File_System,ReadFile,C:\Windows\SysWOW64\CoreUIComponents.dll,0x00000000,"{""Offset"": 254976, ""Length"": 4096, ""I/O Flags"": ""Non-cached, Paging I/O, Synchronous Paging I/O"", ""Priority"": ""Normal""}"
384472,2026-09-10T14:03:30.061643+00:00,134335226100616436,5832,Env.exe,File_System,ReadFile,C:\Windows\SysWOW64\TextInputFramework.dll,0x00000000,"{""Offset"": 463872, ""Length"": 8192, ""I/O Flags"": ""Non-cached, Paging I/O, Synchronous Paging I/O"", ""Priority"": ""Normal""}"
384474,2026-09-10T14:03:30.062879+00:00,134335226100628796,5832,Env.exe,File_System,ReadFile,C:\Windows\SysWOW64\TextInputFramework.dll,0x00000000,"{""Offset"": 504832, ""Length"": 4096, ""I/O Flags"": ""Non-cached, Paging I/O, Synchronous Paging I/O"", ""Priority"": ""Normal""}"
384478,2026-09-10T14:03:30.067490+00:00,134335226100674901,5832,Env.exe,File_System,ReadFile,C:\Windows\SysWOW64\TextInputFramework.dll,0x00000000,"{""Offset"": 132096, ""Length"": 20480, ""I/O Flags"": ""Non-cached, Paging I/O, Synchronous Paging I/O"", ""Priority"": ""Normal""}"
384874,2026-09-10T14:03:30.186724+00:00,134335226101867247,5832,Env.exe,Registry,RegQueryKey,HKLM,0x00000000,"{""Query"": ""HandleTags"", ""HandleTags"": 0}"
384876,2026-09-10T14:03:30.186845+00:00,134335226101868450,5832,Env.exe,Registry,RegQueryKey,HKLM,0x00000000,"{""Query"": ""Name"", ""Name"": ""\\REGISTRY\\MACHINE""}"
384878,2026-09-10T14:03:30.187086+00:00,134335226101870864,5832,Env.exe,Registry,RegOpenKey,HKLM\SOFTWARE\WOW6432Node\Microsoft\Windows\CurrentVersion\OOBE,0x00000000,"{""Desired Access"": ""Query Value""}"
384880,2026-09-10T14:03:30.187303+00:00,134335226101873032,5832,Env.exe,Registry,RegSetInfoKey,HKLM\SOFTWARE\WOW6432Node\Microsoft\Windows\CurrentVersion\OOBE,0x00000000,"{""KeySetInformationClass"": ""KeySetHandleTagsInformation"", ""Length"": 0}"
386253,2026-09-10T14:03:30.435711+00:00,134335226104357116,5832,Env.exe,Registry,RegQueryValue,HKLM\SOFTWARE\WOW6432Node\Microsoft\Windows\CurrentVersion\OOBE\LaunchUserOOBE,0xc0000034,"{""Length"": 16}"
386254,2026-09-10T14:03:30.435967+00:00,134335226104359675,5832,Env.exe,Registry,RegCloseKey,HKLM\SOFTWARE\WOW6432Node\Microsoft\Windows\CurrentVersion\OOBE,0x00000000,{}
386256,2026-09-10T14:03:30.446154+00:00,134335226104461544,5832,Env.exe,File_System,ReadFile,C:\Windows\SysWOW64\CoreUIComponents.dll,0x00000000,"{""Offset"": 324608, ""Length"": 4096, ""I/O Flags"": ""Non-cached, Paging I/O, Synchronous Paging I/O"", ""Priority"": ""Normal""}"
386299,2026-09-10T14:03:30.483410+00:00,134335226104834107,5832,Env.exe,Process,Thread_Create,,0x00000000,"{""Thread ID"": 1248}"
386328,2026-09-10T14:03:30.507111+00:00,134335226105071112,5832,Env.exe,Registry,RegQueryValue,HKLM\System\CurrentControlSet\Control\WMI\Security\3e0e3a92-b00b-4456-9dee-f40aba77f00e,0xc0000034,"{""Length"": 528}"
386330,2026-09-10T14:03:30.507470+00:00,134335226105074700,5832,Env.exe,File_System,QueryNameInformationFile,C:\Windows\SysWOW64\ole32.dll,0x00000000,"{""Name"": ""\\Windows\\SysWOW64\\ole32.dll""}"
386446,2026-09-10T14:03:30.525259+00:00,134335226105252593,5832,Env.exe,Profiling,Process_Profiling,,0x00000000,"{""User Time"": 2968750, ""Kernel Time"": 8750000, ""Private Bytes"": 17690624, ""Working Set"": 18747392}"
386448,2026-09-10T14:03:30.525409+00:00,134335226105254098,5832,Env.exe,File_System,ReadFile,C:\Windows\SysWOW64\KernelBase.dll,0x00000000,"{""Offset"": 1827840, ""Length"": 32768, ""I/O Flags"": ""Non-cached, Paging I/O, Synchronous Paging I/O"", ""Priority"": ""Normal""}"
386449,2026-09-10T14:03:30.528765+00:00,134335226105287650,5832,Env.exe,File_System,ReadFile,C:\Windows\SysWOW64\KernelBase.dll,0x00000000,"{""Offset"": 1811456, ""Length"": 16384, ""I/O Flags"": ""Non-cached, Paging I/O, Synchronous Paging I/O"", ""Priority"": ""Normal""}"
386451,2026-09-10T14:03:30.529921+00:00,134335226105299212,5832,Env.exe,File_System,ReadFile,C:\Windows\SysWOW64\kernel32.dll,0x00000000,"{""Offset"": 290816, ""Length"": 32768, ""I/O Flags"": ""Non-cached, Paging I/O, Synchronous Paging I/O"", ""Priority"": ""Normal""}"
386490,2026-09-10T14:03:30.545656+00:00,134335226105456562,5832,Env.exe,File_System,ReadFile,C:\Windows\SysWOW64\ntdll.dll,0x00000000,"{""Offset"": 746496, ""Length"": 16384, ""I/O Flags"": ""Non-cached, Paging I/O, Synchronous Paging I/O"", ""Priority"": ""Normal""}"
386527,2026-09-10T14:03:30.563722+00:00,134335226105637221,5832,Env.exe,Process,Thread_Create,,0x00000000,"{""Thread ID"": 3112}"
388757,2026-09-10T14:03:31.060542+00:00,134335226110605421,5832,Env.exe,Profiling,Process_Profiling,,0x00000000,"{""User Time"": 3437500, ""Kernel Time"": 9218750, ""Private Bytes"": 17850368, ""Working Set"": 19099648}"
393409,2026-09-10T14:03:32.067636+00:00,134335226120676366,5832,Env.exe,Profiling,Process_Profiling,,0x00000000,"{""User Time"": 3437500, ""Kernel Time"": 9218750, ""Private Bytes"": 17850368, ""Working Set"": 19099648}"
397254,2026-09-10T14:03:33.013930+00:00,134335226130139302,5832,Env.exe,Process,Process_Create,C:\Windows\SysWOW64\WerFault.exe,0x00000000,"{""PID"": 3940, ""Command line"": ""C:\\Windows\\SysWOW64\\WerFault.exe -u -p 5832 -s 892""}"
397255,2026-09-10T14:03:33.014138+00:00,134335226130141385,3940,WerFault.exe,Process,Process_Start,,0x00000000,"{""Parent PID"": 5832, ""Command line"": ""C:\\Windows\\SysWOW64\\WerFault.exe -u -p 5832 -s 892"", ""Current directory"": ""C:\\Windows\\system32\\""}"
397506,2026-09-10T14:03:33.059099+00:00,134335226130590998,5832,Env.exe,Profiling,Process_Profiling,,0x00000000,"{""User Time"": 3437500, ""Kernel Time"": 9218750, ""Private Bytes"": 17850368, ""Working Set"": 19099648}"
397509,2026-09-10T14:03:33.059621+00:00,134335226130596218,4772,Env.exe,Profiling,Process_Profiling,,0x00000000,"{""User Time"": 0, ""Kernel Time"": 0, ""Private Bytes"": 11198464, ""Working Set"": 20480}"
402755,2026-09-10T14:03:34.055244+00:00,134335226140552445,5832,Env.exe,Profiling,Process_Profiling,,0x00000000,"{""User Time"": 3437500, ""Kernel Time"": 9218750, ""Private Bytes"": 17850368, ""Working Set"": 19099648}"
402758,2026-09-10T14:03:34.055250+00:00,134335226140552500,4772,Env.exe,Profiling,Process_Profiling,,0x00000000,"{""User Time"": 0, ""Kernel Time"": 0, ""Private Bytes"": 11198464, ""Working Set"": 122880}"
406652,2026-09-10T14:03:35.057528+00:00,134335226150575286,5832,Env.exe,Profiling,Process_Profiling,,0x00000000,"{""User Time"": 3437500, ""Kernel Time"": 9218750, ""Private Bytes"": 17846272, ""Working Set"": 19124224}"
406655,2026-09-10T14:03:35.057534+00:00,134335226150575346,4772,Env.exe,Profiling,Process_Profiling,,0x00000000,"{""User Time"": 0, ""Kernel Time"": 0, ""Private Bytes"": 11198464, ""Working Set"": 122880}"
409281,2026-09-10T14:03:36.085689+00:00,134335226160856898,5832,Env.exe,Profiling,Process_Profiling,,0x00000000,"{""User Time"": 3437500, ""Kernel Time"": 9218750, ""Private Bytes"": 17846272, ""Working Set"": 19841024}"
409284,2026-09-10T14:03:36.085694+00:00,134335226160856949,4772,Env.exe,Profiling,Process_Profiling,,0x00000000,"{""User Time"": 0, ""Kernel Time"": 0, ""Private Bytes"": 11198464, ""Working Set"": 122880}"
413558,2026-09-10T14:03:37.060461+00:00,134335226170604612,5832,Env.exe,Profiling,Process_Profiling,,0x00000000,"{""User Time"": 3437500, ""Kernel Time"": 9218750, ""Private Bytes"": 17846272, ""Working Set"": 19841024}"
413561,2026-09-10T14:03:37.060515+00:00,134335226170605157,4772,Env.exe,Profiling,Process_Profiling,,0x00000000,"{""User Time"": 0, ""Kernel Time"": 0, ""Private Bytes"": 11198464, ""Working Set"": 122880}"
416472,2026-09-10T14:03:38.059641+00:00,134335226180596418,5832,Env.exe,Profiling,Process_Profiling,,0x00000000,"{""User Time"": 3437500, ""Kernel Time"": 9218750, ""Private Bytes"": 17846272, ""Working Set"": 19841024}"
416475,2026-09-10T14:03:38.059647+00:00,134335226180596470,4772,Env.exe,Profiling,Process_Profiling,,0x00000000,"{""User Time"": 0, ""Kernel Time"": 0, ""Private Bytes"": 11198464, ""Working Set"": 122880}"
419929,2026-09-10T14:03:39.069205+00:00,134335226190692058,5832,Env.exe,Profiling,Process_Profiling,,0x00000000,"{""User Time"": 3437500, ""Kernel Time"": 9218750, ""Private Bytes"": 17846272, ""Working Set"": 19845120}"
419932,2026-09-10T14:03:39.069211+00:00,134335226190692113,4772,Env.exe,Profiling,Process_Profiling,,0x00000000,"{""User Time"": 0, ""Kernel Time"": 0, ""Private Bytes"": 11198464, ""Working Set"": 122880}"
426953,2026-09-10T14:03:40.086582+00:00,134335226200865820,5832,Env.exe,Profiling,Process_Profiling,,0x00000000,"{""User Time"": 3437500, ""Kernel Time"": 9218750, ""Private Bytes"": 17846272, ""Working Set"": 19845120}"
426956,2026-09-10T14:03:40.086587+00:00,134335226200865872,4772,Env.exe,Profiling,Process_Profiling,,0x00000000,"{""User Time"": 0, ""Kernel Time"": 0, ""Private Bytes"": 11198464, ""Working Set"": 122880}"
431448,2026-09-10T14:03:41.071601+00:00,134335226210716018,5832,Env.exe,Profiling,Process_Profiling,,0x00000000,"{""User Time"": 3437500, ""Kernel Time"": 9218750, ""Private Bytes"": 17846272, ""Working Set"": 19845120}"
431451,2026-09-10T14:03:41.071607+00:00,134335226210716075,4772,Env.exe,Profiling,Process_Profiling,,0x00000000,"{""User Time"": 0, ""Kernel Time"": 0, ""Private Bytes"": 11198464, ""Working Set"": 122880}"
431897,2026-09-10T14:03:41.166119+00:00,134335226211661192,3940,WerFault.exe,Registry,RegSetValue,HKLM\SOFTWARE\Microsoft\Windows NT\CurrentVersion\Notifications\Data\418A073AA3BC1C75,0x00000000,"{""Type"": ""REG_BINARY"", ""Length"": 2532, ""Data"": ""b'\\xe7\\x00\\x00\\x00\\x00\\x00\\x00\\x00\\x04\\x00\\x04\\x00\\x01\\x00\\x05\\x00'""}"
431921,2026-09-10T14:03:41.180717+00:00,134335226211807179,3940,WerFault.exe,Process,Process_Exit,,0x00000000,"{""Exit Status"": 0, ""User Time"": 10781250, ""Kernel Time"": 43437500, ""Private Bytes"": 3620864, ""Peak Private Bytes"": 32370688, ""Working Set"": 13430784, ""Peak Working Set"": 29716480}"
432065,2026-09-10T14:03:41.210288+00:00,134335226212102884,5832,Env.exe,File_System,ReadFile,C:\Windows\SysWOW64\TextInputFramework.dll,0x00000000,"{""Offset"": 611328, ""Length"": 16384, ""I/O Flags"": ""Non-cached, Paging I/O, Synchronous Paging I/O"", ""Priority"": ""Normal""}"
432077,2026-09-10T14:03:41.215003+00:00,134335226212150037,5832,Env.exe,File_System,ReadFile,C:\Windows\SysWOW64\CoreUIComponents.dll,0x00000000,"{""Offset"": 1422336, ""Length"": 32768, ""I/O Flags"": ""Non-cached, Paging I/O, Synchronous Paging I/O"", ""Priority"": ""Normal""}"
432079,2026-09-10T14:03:41.216106+00:00,134335226212161068,5832,Env.exe,File_System,ReadFile,C:\Windows\SysWOW64\CoreUIComponents.dll,0x00000000,"{""Offset"": 1844224, ""Length"": 16384, ""I/O Flags"": ""Non-cached, Paging I/O, Synchronous Paging I/O"", ""Priority"": ""Normal""}"
432080,2026-09-10T14:03:41.217711+00:00,134335226212177112,5832,Env.exe,File_System,ReadFile,C:\Windows\SysWOW64\WinTypes.dll,0x00000000,"{""Offset"": 529408, ""Length"": 32768, ""I/O Flags"": ""Non-cached, Paging I/O, Synchronous Paging I/O"", ""Priority"": ""Normal""}"
432081,2026-09-10T14:03:41.218953+00:00,134335226212189534,5832,Env.exe,File_System,ReadFile,C:\Windows\SysWOW64\WinTypes.dll,0x00000000,"{""Offset"": 566272, ""Length"": 32768, ""I/O Flags"": ""Non-cached, Paging I/O, Synchronous Paging I/O"", ""Priority"": ""Normal""}"
432082,2026-09-10T14:03:41.219372+00:00,134335226212193725,5832,Env.exe,Process,Thread_Exit,,0x00000000,"{""Thread ID"": 3112, ""User Time"": 0, ""Kernel Time"": 0}"
432083,2026-09-10T14:03:41.219904+00:00,134335226212199047,5832,Env.exe,File_System,ReadFile,C:\Windows\SysWOW64\WinTypes.dll,0x00000000,"{""Offset"": 115712, ""Length"": 32768, ""I/O Flags"": ""Non-cached, Paging I/O, Synchronous Paging I/O"", ""Priority"": ""Normal""}"
432084,2026-09-10T14:03:41.220914+00:00,134335226212209145,5832,Env.exe,Process,Thread_Exit,,0x00000000,"{""Thread ID"": 1248, ""User Time"": 156250, ""Kernel Time"": 156250}"
432097,2026-09-10T14:03:41.224978+00:00,134335226212249789,5832,Env.exe,Process,Thread_Exit,,0x00000000,"{""Thread ID"": 1164, ""User Time"": 0, ""Kernel Time"": 0}"
432098,2026-09-10T14:03:41.225224+00:00,134335226212252248,5832,Env.exe,Process,Thread_Exit,,0x00000000,"{""Thread ID"": 1240, ""User Time"": 0, ""Kernel Time"": 0}"
432099,2026-09-10T14:03:41.225432+00:00,134335226212254320,5832,Env.exe,Process,Thread_Exit,,0x00000000,"{""Thread ID"": 5168, ""User Time"": 0, ""Kernel Time"": 781250}"
432100,2026-09-10T14:03:41.225635+00:00,134335226212256350,5832,Env.exe,Process,Thread_Exit,,0x00000000,"{""Thread ID"": 5172, ""User Time"": 0, ""Kernel Time"": 625000}"
432111,2026-09-10T14:03:41.240073+00:00,134335226212400739,5832,Env.exe,Registry,RegOpenKey,HKLM\Software\WOW6432Node\Microsoft\Windows NT\CurrentVersion\GRE_Initialize,0x00000104,"{""Desired Access"": ""Read""}"
432112,2026-09-10T14:03:41.240326+00:00,134335226212403263,5832,Env.exe,Registry,RegOpenKey,HKLM\SOFTWARE\Microsoft\Windows NT\CurrentVersion\GRE_Initialize,0x00000000,"{""Desired Access"": ""Read""}"
432113,2026-09-10T14:03:41.240523+00:00,134335226212405237,5832,Env.exe,Registry,RegSetInfoKey,HKLM\SOFTWARE\Microsoft\Windows NT\CurrentVersion\GRE_Initialize,0x00000000,"{""KeySetInformationClass"": ""KeySetHandleTagsInformation"", ""Length"": 0}"
432114,2026-09-10T14:03:41.240639+00:00,134335226212406392,5832,Env.exe,Registry,RegQueryValue,HKLM\SOFTWARE\Microsoft\Windows NT\CurrentVersion\GRE_Initialize\DisableMetaFiles,0xc0000034,"{""Length"": 20}"
432115,2026-09-10T14:03:41.240806+00:00,134335226212408061,5832,Env.exe,Registry,RegCloseKey,HKLM\SOFTWARE\Microsoft\Windows NT\CurrentVersion\GRE_Initialize,0x00000000,{}
432116,2026-09-10T14:03:41.240978+00:00,134335226212409783,5832,Env.exe,Registry,RegOpenKey,HKLM\Software\WOW6432Node\Microsoft\Windows NT\CurrentVersion\GRE_Initialize,0x00000104,"{""Desired Access"": ""Read""}"
432117,2026-09-10T14:03:41.241133+00:00,134335226212411339,5832,Env.exe,Registry,RegOpenKey,HKLM\SOFTWARE\Microsoft\Windows NT\CurrentVersion\GRE_Initialize,0x00000000,"{""Desired Access"": ""Read""}"
432118,2026-09-10T14:03:41.241284+00:00,134335226212412845,5832,Env.exe,Registry,RegSetInfoKey,HKLM\SOFTWARE\Microsoft\Windows NT\CurrentVersion\GRE_Initialize,0x00000000,"{""KeySetInformationClass"": ""KeySetHandleTagsInformation"", ""Length"": 0}"
432119,2026-09-10T14:03:41.241385+00:00,134335226212413853,5832,Env.exe,Registry,RegQueryValue,HKLM\SOFTWARE\Microsoft\Windows NT\CurrentVersion\GRE_Initialize\DisableUmpdBufferSizeCheck,0xc0000034,"{""Length"": 20}"
432120,2026-09-10T14:03:41.241517+00:00,134335226212415172,5832,Env.exe,Registry,RegCloseKey,HKLM\SOFTWARE\Microsoft\Windows NT\CurrentVersion\GRE_Initialize,0x00000000,{}
432121,2026-09-10T14:03:41.242085+00:00,134335226212420854,5832,Env.exe,File_System,CloseFile,C:\Windows\Fonts\StaticCache.dat,0x00000000,{}
432122,2026-09-10T14:03:41.242241+00:00,134335226212422416,5832,Env.exe,File_System,IRP_MJ_CLOSE,C:\Windows\Fonts\StaticCache.dat,0x00000000,{}
432123,2026-09-10T14:03:41.243394+00:00,134335226212433948,5832,Env.exe,Registry,RegCloseKey,HKCU\Software\Classes\Local Settings\Software\Microsoft,0x00000000,{}
432124,2026-09-10T14:03:41.243547+00:00,134335226212435470,5832,Env.exe,Registry,RegCloseKey,HKCU\Software\Classes\Local Settings,0x00000000,{}
432125,2026-09-10T14:03:41.243693+00:00,134335226212436937,5832,Env.exe,Registry,RegCloseKey,HKLM\SOFTWARE\Microsoft\Ole,0x00000000,{}
432126,2026-09-10T14:03:41.243792+00:00,134335226212437922,5832,Env.exe,Registry,RegCloseKey,HKLM,0x00000000,{}
432129,2026-09-10T14:03:41.246292+00:00,134335226212462922,5832,Env.exe,Process,Thread_Exit,,0x00000000,"{""Thread ID"": 6116, ""User Time"": 3593750, ""Kernel Time"": 7968750}"
432152,2026-09-10T14:03:41.254421+00:00,134335226212544210,5832,Env.exe,Process,Process_Exit,,0x00000000,"{""Exit Status"": 3, ""User Time"": 3750000, ""Kernel Time"": 9687500, ""Private Bytes"": 17739776, ""Peak Private Bytes"": 18739200, ""Working Set"": 20119552, ""Peak Working Set"": 20299776}"
432153,2026-09-10T14:03:41.255144+00:00,134335226212551442,5832,Env.exe,Registry,RegOpenKey,HKLM\System\CurrentControlSet\Services\bam\State\UserSettings\S-1-5-21-2765232598-2703495502-1861550627-1001,0x00000000,"{""Desired Access"": ""All Access""}"
432155,2026-09-10T14:03:41.255321+00:00,134335226212553217,5832,Env.exe,Registry,RegQueryValue,HKLM\System\CurrentControlSet\Services\bam\State\UserSettings\S-1-5-21-2765232598-2703495502-1861550627-1001\\Device\HarddiskVolume2\Lab\sample\VIRUS\Env.exe,0x00000000,"{""Type"": ""REG_BINARY"", ""Length"": 24, ""Data"": ""b'}\\xf9\\xd8\\x16-A\\xdd\\x01\\x00\\x00\\x00\\x00\\x00\\x00\\x00\\x00'""}"
432156,2026-09-10T14:03:41.255475+00:00,134335226212554758,5832,Env.exe,Registry,RegSetValue,HKLM\System\CurrentControlSet\Services\bam\State\UserSettings\S-1-5-21-2765232598-2703495502-1861550627-1001\\Device\HarddiskVolume2\Lab\sample\VIRUS\Env.exe,0x00000000,"{""Type"": ""REG_BINARY"", ""Length"": 24, ""Data"": ""b'\\xd6\\xdf9/-A\\xdd\\x01\\x00\\x00\\x00\\x00\\x00\\x00\\x00\\x00'""}"
432157,2026-09-10T14:03:41.255812+00:00,134335226212558122,5832,Env.exe,Registry,RegCloseKey,HKLM\System\CurrentControlSet\Services\bam\State\UserSettings\S-1-5-21-2765232598-2703495502-1861550627-1001,0x00000000,{}
432161,2026-09-10T14:03:41.256232+00:00,134335226212562326,5832,Env.exe,File_System,CloseFile,C:\Windows,0x00000000,{}
432163,2026-09-10T14:03:41.256330+00:00,134335226212563305,5832,Env.exe,File_System,IRP_MJ_CLOSE,C:\Windows,0x00000000,{}
432164,2026-09-10T14:03:41.256728+00:00,134335226212567283,5832,Env.exe,File_System,CloseFile,C:\Lab\sample\VIRUS,0x00000000,{}
432165,2026-09-10T14:03:41.256841+00:00,134335226212568414,5832,Env.exe,File_System,IRP_MJ_CLOSE,C:\Lab\sample\VIRUS,0x00000000,{}
432183,2026-09-10T14:03:41.259521+00:00,134335226212595215,5832,Env.exe,Registry,RegCloseKey,HKLM\System\CurrentControlSet\Control\Nls\CustomLocale,0x00000000,{}
432185,2026-09-10T14:03:41.259985+00:00,134335226212599857,5832,Env.exe,Registry,RegCloseKey,HKLM\SOFTWARE\Microsoft\Windows NT\CurrentVersion\Image File Execution Options,0x00000000,{}
432187,2026-09-10T14:03:41.260073+00:00,134335226212600732,5832,Env.exe,Registry,RegCloseKey,HKLM\System\CurrentControlSet\Control\Session Manager,0x00000000,{}
432188,2026-09-10T14:03:41.260156+00:00,134335226212601568,5832,Env.exe,Registry,RegCloseKey,HKLM\System\CurrentControlSet\Control\Nls\Sorting\Versions,0x00000000,{}
432189,2026-09-10T14:03:41.260295+00:00,134335226212602955,5832,Env.exe,Registry,RegCloseKey,HKLM,0x00000000,{}
432191,2026-09-10T14:03:41.260376+00:00,134335226212603765,5832,Env.exe,Registry,RegCloseKey,HKLM\System\CurrentControlSet\Control\NetworkProvider\HwOrder,0x00000000,{}
432192,2026-09-10T14:03:41.260461+00:00,134335226212604610,5832,Env.exe,Registry,RegCloseKey,HKLM\System\CurrentControlSet\Control\NetworkProvider\ProviderOrder,0x00000000,{}
432194,2026-09-10T14:03:41.260605+00:00,134335226212606059,5832,Env.exe,Registry,RegCloseKey,HKLM\System\CurrentControlSet\Services\Tcpip\Parameters\Interfaces,0x00000000,{}
432195,2026-09-10T14:03:41.260677+00:00,134335226212606772,5832,Env.exe,Registry,RegCloseKey,HKLM\System\CurrentControlSet\Services\Tcpip6\Parameters\Interfaces,0x00000000,{}
432196,2026-09-10T14:03:41.260775+00:00,134335226212607750,5832,Env.exe,File_System,CloseFile,C:\Windows\System32\fr-FR\KernelBase.dll.mui,0x00000000,{}
432197,2026-09-10T14:03:41.260890+00:00,134335226212608900,5832,Env.exe,File_System,IRP_MJ_CLOSE,C:\Windows\System32\fr-FR\KernelBase.dll.mui,0x00000000,{}
432198,2026-09-10T14:03:41.261005+00:00,134335226212610050,5832,Env.exe,Registry,RegCloseKey,HKCU,0x00000000,{}
432199,2026-09-10T14:03:41.261071+00:00,134335226212610719,5832,Env.exe,Registry,RegCloseKey,HKCU\SOFTWARE\Microsoft\Windows\CurrentVersion\Explorer,0x00000000,{}
432200,2026-09-10T14:03:41.261136+00:00,134335226212611369,5832,Env.exe,Registry,RegCloseKey,HKLM\System\CurrentControlSet\Control\Nls\Sorting\Ids,0x00000000,{}
457712,2026-09-10T14:04:02.873335+00:00,134335226428733351,3332,Res.exe,Process,Process_Exit,,0x00000000,"{""Exit Status"": 1, ""User Time"": 4843750, ""Kernel Time"": 13437500, ""Private Bytes"": 5890048, ""Peak Private Bytes"": 7163904, ""Working Set"": 8830976, ""Peak Working Set"": 8900608}"
457715,2026-09-10T14:04:02.873879+00:00,134335226428738795,3332,Res.exe,Registry,RegSetValue,HKLM\System\CurrentControlSet\Services\bam\State\UserSettings\S-1-5-21-2765232598-2703495502-1861550627-1001\\Device\HarddiskVolume2\Lab\sample\VIRUS\Res.exe,0x00000000,"{""Type"": ""REG_BINARY"", ""Length"": 24, ""Data"": ""b'\\xe4@\\x1b<-A\\xdd\\x01\\x00\\x00\\x00\\x00\\x00\\x00\\x00\\x00'""}"
457858,2026-09-10T14:04:02.933777+00:00,134335226429337779,4116,Conhost.exe,Process,Process_Exit,,0x00000000,"{""Exit Status"": 0, ""User Time"": 1250000, ""Kernel Time"": 5156250, ""Private Bytes"": 7032832, ""Peak Private Bytes"": 7446528, ""Working Set"": 16375808, ""Peak Working Set"": 18497536}"
